:START_ID,:END_ID,:TYPE
ATTACK-001,EVT-040000,INCLUDES
ATTACK-001,EVT-040001,INCLUDES
ATTACK-001,EVT-040002,INCLUDES
ATTACK-001,EVT-040003,INCLUDES
ATTACK-001,EVT-040004,INCLUDES
ATTACK-001,EVT-040005,INCLUDES
ATTACK-001,EVT-040006,INCLUDES
ATTACK-001,EVT-040007,INCLUDES
ATTACK-001,EVT-040008,INCLUDES
ATTACK-001,EVT-040009,INCLUDES
ATTACK-001,EVT-040010,INCLUDES
ATTACK-001,EVT-040011,INCLUDES
ATTACK-001,EVT-040012,INCLUDES
ATTACK-001,EVT-040013,INCLUDES
ATTACK-001,EVT-040014,INCLUDES
ATTACK-001,EVT-040015,INCLUDES
ATTACK-001,EVT-040016,INCLUDES
ATTACK-001,EVT-040017,INCLUDES
ATTACK-001,EVT-040018,INCLUDES
ATTACK-001,EVT-040019,INCLUDES
ATTACK-001,EVT-040020,INCLUDES
ATTACK-001,EVT-040021,INCLUDES
ATTACK-001,EVT-040022,INCLUDES
ATTACK-001,EVT-040023,INCLUDES
ATTACK-001,EVT-040024,INCLUDES
ATTACK-001,EVT-040025,INCLUDES
ATTACK-001,EVT-040026,INCLUDES
ATTACK-001,EVT-040027,INCLUDES
ATTACK-001,EVT-040028,INCLUDES
ATTACK-001,EVT-040029,INCLUDES
ATTACK-001,EVT-040030,INCLUDES
ATTACK-001,EVT-040031,INCLUDES
ATTACK-001,EVT-040032,INCLUDES
ATTACK-001,EVT-040033,INCLUDES
ATTACK-001,EVT-040034,INCLUDES
ATTACK-001,EVT-040035,INCLUDES
ATTACK-001,EVT-040036,INCLUDES
ATTACK-001,EVT-040037,INCLUDES
ATTACK-001,EVT-040038,INCLUDES
ATTACK-001,EVT-040039,INCLUDES
ATTACK-001,EVT-040040,INCLUDES
ATTACK-001,EVT-040041,INCLUDES
ATTACK-001,EVT-040042,INCLUDES
ATTACK-001,EVT-040043,INCLUDES
ATTACK-001,EVT-040044,INCLUDES
ATTACK-001,EVT-040045,INCLUDES
ATTACK-001,EVT-040046,INCLUDES
ATTACK-001,EVT-040047,INCLUDES
ATTACK-001,EVT-040048,INCLUDES
ATTACK-001,EVT-040049,INCLUDES
ATTACK-001,EVT-040050,INCLUDES
ATTACK-001,EVT-040051,INCLUDES
ATTACK-001,EVT-040052,INCLUDES
ATTACK-001,EVT-040053,INCLUDES
ATTACK-001,EVT-040054,INCLUDES
ATTACK-001,EVT-040055,INCLUDES
ATTACK-001,EVT-040056,INCLUDES
ATTACK-001,EVT-040057,INCLUDES
ATTACK-001,EVT-040058,INCLUDES
ATTACK-001,EVT-040059,INCLUDES
ATTACK-001,EVT-040060,INCLUDES
ATTACK-001,EVT-040061,INCLUDES
ATTACK-001,EVT-040062,INCLUDES
ATTACK-001,EVT-040063,INCLUDES
ATTACK-001,EVT-040064,INCLUDES
ATTACK-001,EVT-040065,INCLUDES
ATTACK-001,EVT-040066,INCLUDES
ATTACK-001,EVT-040067,INCLUDES
ATTACK-001,EVT-040068,INCLUDES
ATTACK-001,EVT-040069,INCLUDES
ATTACK-001,EVT-040070,INCLUDES
ATTACK-001,EVT-040071,INCLUDES
ATTACK-001,EVT-040072,INCLUDES
ATTACK-001,EVT-040073,INCLUDES
ATTACK-001,EVT-040074,INCLUDES
ATTACK-001,EVT-040075,INCLUDES
ATTACK-001,EVT-040076,INCLUDES
ATTACK-001,EVT-040077,INCLUDES
ATTACK-001,EVT-040078,INCLUDES
ATTACK-001,EVT-040079,INCLUDES
ATTACK-001,EVT-040080,INCLUDES
ATTACK-001,EVT-040081,INCLUDES
ATTACK-001,EVT-040082,INCLUDES
ATTACK-001,EVT-040083,INCLUDES
ATTACK-001,EVT-040084,INCLUDES
ATTACK-001,EVT-040085,INCLUDES
ATTACK-001,EVT-040086,INCLUDES
ATTACK-001,EVT-040087,INCLUDES
ATTACK-001,EVT-040088,INCLUDES
ATTACK-001,EVT-040089,INCLUDES
ATTACK-001,EVT-040090,INCLUDES
ATTACK-001,EVT-040091,INCLUDES
ATTACK-001,EVT-040092,INCLUDES
ATTACK-001,EVT-040093,INCLUDES
ATTACK-001,EVT-040094,INCLUDES
ATTACK-001,EVT-040095,INCLUDES
ATTACK-001,EVT-040096,INCLUDES
ATTACK-001,EVT-040097,INCLUDES
ATTACK-001,EVT-040098,INCLUDES
ATTACK-001,EVT-040099,INCLUDES
ATTACK-001,EVT-040100,INCLUDES
ATTACK-001,EVT-040101,INCLUDES
ATTACK-001,EVT-040102,INCLUDES
ATTACK-001,EVT-040103,INCLUDES
ATTACK-001,EVT-040104,INCLUDES
ATTACK-001,EVT-040105,INCLUDES
ATTACK-001,EVT-040106,INCLUDES
ATTACK-001,EVT-040107,INCLUDES
ATTACK-001,EVT-040108,INCLUDES
ATTACK-001,EVT-040109,INCLUDES
ATTACK-001,EVT-040110,INCLUDES
ATTACK-001,EVT-040111,INCLUDES
ATTACK-001,EVT-040112,INCLUDES
ATTACK-001,EVT-040113,INCLUDES
ATTACK-001,EVT-040114,INCLUDES
ATTACK-001,EVT-040115,INCLUDES
ATTACK-001,EVT-040116,INCLUDES
ATTACK-001,EVT-040117,INCLUDES
ATTACK-001,EVT-040118,INCLUDES
ATTACK-001,EVT-040119,INCLUDES
ATTACK-001,EVT-040120,INCLUDES
ATTACK-001,EVT-040121,INCLUDES
ATTACK-001,EVT-040122,INCLUDES
ATTACK-001,EVT-040123,INCLUDES
ATTACK-001,EVT-040124,INCLUDES
ATTACK-001,EVT-040125,INCLUDES
ATTACK-001,EVT-040126,INCLUDES
ATTACK-001,EVT-040127,INCLUDES
ATTACK-001,EVT-040128,INCLUDES
ATTACK-001,EVT-040129,INCLUDES
ATTACK-001,EVT-040130,INCLUDES
ATTACK-001,EVT-040131,INCLUDES
ATTACK-001,EVT-040132,INCLUDES
ATTACK-001,EVT-040133,INCLUDES
ATTACK-001,EVT-040134,INCLUDES
ATTACK-001,EVT-040135,INCLUDES
ATTACK-001,EVT-040136,INCLUDES
ATTACK-001,EVT-040137,INCLUDES
ATTACK-001,EVT-040138,INCLUDES
ATTACK-001,EVT-040139,INCLUDES
ATTACK-001,EVT-040140,INCLUDES
ATTACK-001,EVT-040141,INCLUDES
ATTACK-001,EVT-040142,INCLUDES
ATTACK-001,EVT-040143,INCLUDES
ATTACK-001,EVT-040144,INCLUDES
ATTACK-001,EVT-040145,INCLUDES
ATTACK-001,EVT-040146,INCLUDES
ATTACK-001,EVT-040147,INCLUDES
ATTACK-001,EVT-040148,INCLUDES
ATTACK-001,EVT-040149,INCLUDES
ATTACK-001,EVT-040150,INCLUDES
ATTACK-001,EVT-040151,INCLUDES
ATTACK-001,EVT-040152,INCLUDES
ATTACK-001,EVT-040153,INCLUDES
ATTACK-001,EVT-040154,INCLUDES
ATTACK-001,EVT-040155,INCLUDES
ATTACK-001,EVT-040156,INCLUDES
ATTACK-001,EVT-040157,INCLUDES
ATTACK-001,EVT-040158,INCLUDES
ATTACK-001,EVT-040159,INCLUDES
ATTACK-001,EVT-040160,INCLUDES
ATTACK-001,EVT-040161,INCLUDES
ATTACK-001,EVT-040162,INCLUDES
ATTACK-001,EVT-040163,INCLUDES
ATTACK-001,EVT-040164,INCLUDES
ATTACK-001,EVT-040165,INCLUDES
ATTACK-001,EVT-040166,INCLUDES
ATTACK-001,EVT-040167,INCLUDES
ATTACK-001,EVT-040168,INCLUDES
ATTACK-001,EVT-040169,INCLUDES
ATTACK-001,EVT-040170,INCLUDES
ATTACK-001,EVT-040171,INCLUDES
ATTACK-001,EVT-040172,INCLUDES
ATTACK-001,EVT-040173,INCLUDES
ATTACK-001,EVT-040174,INCLUDES
ATTACK-001,EVT-040175,INCLUDES
ATTACK-001,EVT-040176,INCLUDES
ATTACK-001,EVT-040177,INCLUDES
ATTACK-001,EVT-040178,INCLUDES
ATTACK-001,EVT-040179,INCLUDES
ATTACK-001,EVT-040180,INCLUDES
ATTACK-001,EVT-040181,INCLUDES
ATTACK-001,EVT-040182,INCLUDES
ATTACK-001,EVT-040183,INCLUDES
ATTACK-001,EVT-040184,INCLUDES
ATTACK-001,EVT-040185,INCLUDES
ATTACK-001,EVT-040186,INCLUDES
ATTACK-001,EVT-040187,INCLUDES
ATTACK-001,EVT-040188,INCLUDES
ATTACK-001,EVT-040189,INCLUDES
ATTACK-001,EVT-040190,INCLUDES
ATTACK-001,EVT-040191,INCLUDES
ATTACK-001,EVT-040192,INCLUDES
ATTACK-001,EVT-040193,INCLUDES
ATTACK-001,EVT-040194,INCLUDES
ATTACK-001,EVT-040195,INCLUDES
ATTACK-001,EVT-040196,INCLUDES
ATTACK-001,EVT-040197,INCLUDES
ATTACK-001,EVT-040198,INCLUDES
ATTACK-001,EVT-040199,INCLUDES
ATTACK-001,EVT-040200,INCLUDES
ATTACK-001,EVT-040201,INCLUDES
ATTACK-001,EVT-040202,INCLUDES
ATTACK-001,EVT-040203,INCLUDES
ATTACK-001,EVT-040204,INCLUDES
ATTACK-001,EVT-040205,INCLUDES
ATTACK-001,EVT-040206,INCLUDES
ATTACK-001,EVT-040207,INCLUDES
ATTACK-001,EVT-040208,INCLUDES
ATTACK-001,EVT-040209,INCLUDES
ATTACK-001,EVT-040210,INCLUDES
ATTACK-001,EVT-040211,INCLUDES
ATTACK-001,EVT-040212,INCLUDES
ATTACK-001,EVT-040213,INCLUDES
ATTACK-001,EVT-040214,INCLUDES
ATTACK-001,EVT-040215,INCLUDES
ATTACK-001,EVT-040216,INCLUDES
ATTACK-001,EVT-040217,INCLUDES
ATTACK-001,EVT-040218,INCLUDES
ATTACK-001,EVT-040219,INCLUDES
ATTACK-001,EVT-040220,INCLUDES
ATTACK-001,EVT-040221,INCLUDES
ATTACK-001,EVT-040222,INCLUDES
ATTACK-001,EVT-040223,INCLUDES
ATTACK-001,EVT-040224,INCLUDES
ATTACK-001,EVT-040225,INCLUDES
ATTACK-001,EVT-040226,INCLUDES
ATTACK-001,EVT-040227,INCLUDES
ATTACK-001,EVT-040228,INCLUDES
ATTACK-001,EVT-040229,INCLUDES
ATTACK-001,EVT-040230,INCLUDES
ATTACK-001,EVT-040231,INCLUDES
ATTACK-001,EVT-040232,INCLUDES
ATTACK-001,EVT-040233,INCLUDES
ATTACK-001,EVT-040234,INCLUDES
ATTACK-001,EVT-040235,INCLUDES
ATTACK-001,EVT-040236,INCLUDES
ATTACK-001,EVT-040237,INCLUDES
ATTACK-001,EVT-040238,INCLUDES
ATTACK-001,EVT-040239,INCLUDES
ATTACK-001,EVT-040240,INCLUDES
ATTACK-001,EVT-040241,INCLUDES
ATTACK-001,EVT-040242,INCLUDES
ATTACK-001,EVT-040243,INCLUDES
ATTACK-001,EVT-040244,INCLUDES
ATTACK-001,EVT-040245,INCLUDES
ATTACK-001,EVT-040246,INCLUDES
ATTACK-001,EVT-040247,INCLUDES
ATTACK-001,EVT-040248,INCLUDES
ATTACK-001,EVT-040249,INCLUDES
ATTACK-001,EVT-040250,INCLUDES
ATTACK-001,EVT-040251,INCLUDES
ATTACK-001,EVT-040252,INCLUDES
ATTACK-001,EVT-040253,INCLUDES
ATTACK-001,EVT-040254,INCLUDES
ATTACK-001,EVT-040255,INCLUDES
ATTACK-001,EVT-040256,INCLUDES
ATTACK-001,EVT-040257,INCLUDES
ATTACK-001,EVT-040258,INCLUDES
ATTACK-001,EVT-040259,INCLUDES
ATTACK-001,EVT-040260,INCLUDES
ATTACK-001,EVT-040261,INCLUDES
ATTACK-001,EVT-040262,INCLUDES
ATTACK-001,EVT-040263,INCLUDES
ATTACK-001,EVT-040264,INCLUDES
ATTACK-001,EVT-040265,INCLUDES
ATTACK-001,EVT-040266,INCLUDES
ATTACK-001,EVT-040267,INCLUDES
ATTACK-001,EVT-040268,INCLUDES
ATTACK-001,EVT-040269,INCLUDES
ATTACK-001,EVT-040270,INCLUDES
ATTACK-001,EVT-040271,INCLUDES
ATTACK-001,EVT-040272,INCLUDES
ATTACK-001,EVT-040273,INCLUDES
ATTACK-001,EVT-040274,INCLUDES
ATTACK-001,EVT-040275,INCLUDES
ATTACK-001,EVT-040276,INCLUDES
ATTACK-001,EVT-040277,INCLUDES
ATTACK-001,EVT-040278,INCLUDES
ATTACK-001,EVT-040279,INCLUDES
ATTACK-001,EVT-040280,INCLUDES
ATTACK-001,EVT-040281,INCLUDES
ATTACK-001,EVT-040282,INCLUDES
ATTACK-001,EVT-040283,INCLUDES
ATTACK-001,EVT-040284,INCLUDES
ATTACK-001,EVT-040285,INCLUDES
ATTACK-001,EVT-040286,INCLUDES
ATTACK-001,EVT-040287,INCLUDES
ATTACK-001,EVT-040288,INCLUDES
ATTACK-001,EVT-040289,INCLUDES
ATTACK-001,EVT-040290,INCLUDES
ATTACK-001,EVT-040291,INCLUDES
ATTACK-001,EVT-040292,INCLUDES
ATTACK-001,EVT-040293,INCLUDES
ATTACK-001,EVT-040294,INCLUDES
ATTACK-001,EVT-040295,INCLUDES
ATTACK-001,EVT-040296,INCLUDES
ATTACK-001,EVT-040297,INCLUDES
ATTACK-001,EVT-040298,INCLUDES
ATTACK-001,EVT-040299,INCLUDES
ATTACK-001,EVT-040300,INCLUDES
ATTACK-001,EVT-040301,INCLUDES
ATTACK-001,EVT-040302,INCLUDES
ATTACK-001,EVT-040303,INCLUDES
ATTACK-001,EVT-040304,INCLUDES
ATTACK-001,EVT-040305,INCLUDES
ATTACK-001,EVT-040306,INCLUDES
ATTACK-001,EVT-040307,INCLUDES
ATTACK-001,EVT-040308,INCLUDES
ATTACK-001,EVT-040309,INCLUDES
ATTACK-001,EVT-040310,INCLUDES
ATTACK-001,EVT-040311,INCLUDES
ATTACK-001,EVT-040312,INCLUDES
ATTACK-001,EVT-040313,INCLUDES
ATTACK-001,EVT-040314,INCLUDES
ATTACK-001,EVT-040315,INCLUDES
ATTACK-001,EVT-040316,INCLUDES
ATTACK-001,EVT-040317,INCLUDES
ATTACK-001,EVT-040318,INCLUDES
ATTACK-001,EVT-040319,INCLUDES
ATTACK-001,EVT-040320,INCLUDES
ATTACK-001,EVT-040321,INCLUDES
ATTACK-001,EVT-040322,INCLUDES
ATTACK-001,EVT-040323,INCLUDES
ATTACK-001,EVT-040324,INCLUDES
ATTACK-001,EVT-040325,INCLUDES
ATTACK-001,EVT-040326,INCLUDES
ATTACK-001,EVT-040327,INCLUDES
ATTACK-001,EVT-040328,INCLUDES
ATTACK-001,EVT-040329,INCLUDES
ATTACK-001,EVT-040330,INCLUDES
ATTACK-001,EVT-040331,INCLUDES
ATTACK-001,EVT-040332,INCLUDES
ATTACK-001,EVT-040333,INCLUDES
ATTACK-001,EVT-040334,INCLUDES
ATTACK-001,EVT-040335,INCLUDES
ATTACK-001,EVT-040336,INCLUDES
ATTACK-001,EVT-040337,INCLUDES
ATTACK-001,EVT-040338,INCLUDES
ATTACK-001,EVT-040339,INCLUDES
ATTACK-001,EVT-040340,INCLUDES
ATTACK-001,EVT-040341,INCLUDES
ATTACK-001,EVT-040342,INCLUDES
ATTACK-001,EVT-040343,INCLUDES
ATTACK-001,EVT-040344,INCLUDES
ATTACK-001,EVT-040345,INCLUDES
ATTACK-001,EVT-040346,INCLUDES
ATTACK-001,EVT-040347,INCLUDES
ATTACK-001,EVT-040348,INCLUDES
ATTACK-001,EVT-040349,INCLUDES
ATTACK-001,EVT-040350,INCLUDES
ATTACK-001,EVT-040351,INCLUDES
ATTACK-001,EVT-040352,INCLUDES
ATTACK-001,EVT-040353,INCLUDES
ATTACK-001,EVT-040354,INCLUDES
ATTACK-001,EVT-040355,INCLUDES
ATTACK-001,EVT-040356,INCLUDES
ATTACK-001,EVT-040357,INCLUDES
ATTACK-001,EVT-040358,INCLUDES
ATTACK-001,EVT-040359,INCLUDES
ATTACK-001,EVT-040360,INCLUDES
ATTACK-001,EVT-040361,INCLUDES
ATTACK-001,EVT-040362,INCLUDES
ATTACK-001,EVT-040363,INCLUDES
ATTACK-001,EVT-040364,INCLUDES
ATTACK-001,EVT-040365,INCLUDES
ATTACK-001,EVT-040366,INCLUDES
ATTACK-001,EVT-040367,INCLUDES
ATTACK-001,EVT-040368,INCLUDES
ATTACK-001,EVT-040369,INCLUDES
ATTACK-001,EVT-040370,INCLUDES
ATTACK-001,EVT-040371,INCLUDES
ATTACK-001,EVT-040372,INCLUDES
ATTACK-001,EVT-040373,INCLUDES
ATTACK-001,EVT-040374,INCLUDES
ATTACK-001,EVT-040375,INCLUDES
ATTACK-001,EVT-040376,INCLUDES
ATTACK-001,EVT-040377,INCLUDES
ATTACK-001,EVT-040378,INCLUDES
ATTACK-001,EVT-040379,INCLUDES
ATTACK-001,EVT-040380,INCLUDES
ATTACK-001,EVT-040381,INCLUDES
ATTACK-001,EVT-040382,INCLUDES
ATTACK-001,EVT-040383,INCLUDES
ATTACK-001,EVT-040384,INCLUDES
ATTACK-001,EVT-040385,INCLUDES
ATTACK-001,EVT-040386,INCLUDES
ATTACK-001,EVT-040387,INCLUDES
ATTACK-001,EVT-040388,INCLUDES
ATTACK-001,EVT-040389,INCLUDES
ATTACK-001,EVT-040390,INCLUDES
ATTACK-001,EVT-040391,INCLUDES
ATTACK-001,EVT-040392,INCLUDES
ATTACK-001,EVT-040393,INCLUDES
ATTACK-001,EVT-040394,INCLUDES
ATTACK-001,EVT-040395,INCLUDES
ATTACK-001,EVT-040396,INCLUDES
ATTACK-001,EVT-040397,INCLUDES
ATTACK-001,EVT-040398,INCLUDES
ATTACK-001,EVT-040399,INCLUDES
ATTACK-001,EVT-040400,INCLUDES
ATTACK-001,EVT-040401,INCLUDES
ATTACK-001,EVT-040402,INCLUDES
ATTACK-001,EVT-040403,INCLUDES
ATTACK-001,EVT-040404,INCLUDES
ATTACK-001,EVT-040405,INCLUDES
ATTACK-001,EVT-040406,INCLUDES
ATTACK-001,EVT-040407,INCLUDES
ATTACK-001,EVT-040408,INCLUDES
ATTACK-001,EVT-040409,INCLUDES
ATTACK-001,EVT-040410,INCLUDES
ATTACK-001,EVT-040411,INCLUDES
ATTACK-001,EVT-040412,INCLUDES
ATTACK-001,EVT-040413,INCLUDES
ATTACK-001,EVT-040414,INCLUDES
ATTACK-001,EVT-040415,INCLUDES
ATTACK-001,EVT-040416,INCLUDES
ATTACK-001,EVT-040417,INCLUDES
ATTACK-001,EVT-040418,INCLUDES
ATTACK-001,EVT-040419,INCLUDES
ATTACK-001,EVT-040420,INCLUDES
ATTACK-001,EVT-040421,INCLUDES
ATTACK-001,EVT-040422,INCLUDES
ATTACK-001,EVT-040423,INCLUDES
ATTACK-001,EVT-040424,INCLUDES
ATTACK-001,EVT-040425,INCLUDES
ATTACK-001,EVT-040426,INCLUDES
ATTACK-001,EVT-040427,INCLUDES
ATTACK-001,EVT-040428,INCLUDES
ATTACK-001,EVT-040429,INCLUDES
ATTACK-001,EVT-040430,INCLUDES
ATTACK-001,EVT-040431,INCLUDES
ATTACK-001,EVT-040432,INCLUDES
ATTACK-001,EVT-040433,INCLUDES
ATTACK-001,EVT-040434,INCLUDES
ATTACK-001,EVT-040435,INCLUDES
ATTACK-001,EVT-040436,INCLUDES
ATTACK-001,EVT-040437,INCLUDES
ATTACK-001,EVT-040438,INCLUDES
ATTACK-001,EVT-040439,INCLUDES
ATTACK-001,EVT-040440,INCLUDES
ATTACK-001,EVT-040441,INCLUDES
ATTACK-001,EVT-040442,INCLUDES
ATTACK-001,EVT-040443,INCLUDES
ATTACK-001,EVT-040444,INCLUDES
ATTACK-001,EVT-040445,INCLUDES
ATTACK-001,EVT-040446,INCLUDES
ATTACK-001,EVT-040447,INCLUDES
ATTACK-001,EVT-040448,INCLUDES
ATTACK-001,EVT-040449,INCLUDES
ATTACK-001,EVT-040450,INCLUDES
ATTACK-001,EVT-040451,INCLUDES
ATTACK-001,EVT-040452,INCLUDES
ATTACK-001,EVT-040453,INCLUDES
ATTACK-001,EVT-040454,INCLUDES
ATTACK-001,EVT-040455,INCLUDES
ATTACK-001,EVT-040456,INCLUDES
ATTACK-001,EVT-040457,INCLUDES
ATTACK-001,EVT-040458,INCLUDES
ATTACK-001,EVT-040459,INCLUDES
ATTACK-001,EVT-040460,INCLUDES
ATTACK-001,EVT-040461,INCLUDES
ATTACK-001,EVT-040462,INCLUDES
ATTACK-001,EVT-040463,INCLUDES
ATTACK-001,EVT-040464,INCLUDES
ATTACK-001,EVT-040465,INCLUDES
ATTACK-001,EVT-040466,INCLUDES
ATTACK-001,EVT-040467,INCLUDES
ATTACK-001,EVT-040468,INCLUDES
ATTACK-001,EVT-040469,INCLUDES
ATTACK-001,EVT-040470,INCLUDES
ATTACK-001,EVT-040471,INCLUDES
ATTACK-001,EVT-040472,INCLUDES
ATTACK-001,EVT-040473,INCLUDES
ATTACK-001,EVT-040474,INCLUDES
ATTACK-001,EVT-040475,INCLUDES
ATTACK-001,EVT-040476,INCLUDES
ATTACK-001,EVT-040477,INCLUDES
ATTACK-001,EVT-040478,INCLUDES
ATTACK-001,EVT-040479,INCLUDES
ATTACK-001,EVT-040480,INCLUDES
ATTACK-001,EVT-040481,INCLUDES
ATTACK-001,EVT-040482,INCLUDES
ATTACK-001,EVT-040483,INCLUDES
ATTACK-001,EVT-040484,INCLUDES
ATTACK-001,EVT-040485,INCLUDES
ATTACK-001,EVT-040486,INCLUDES
ATTACK-001,EVT-040487,INCLUDES
ATTACK-001,EVT-040488,INCLUDES
ATTACK-001,EVT-040489,INCLUDES
ATTACK-001,EVT-040490,INCLUDES
ATTACK-001,EVT-040491,INCLUDES
ATTACK-001,EVT-040492,INCLUDES
ATTACK-001,EVT-040493,INCLUDES
ATTACK-001,EVT-040494,INCLUDES
ATTACK-001,EVT-040495,INCLUDES
ATTACK-001,EVT-040496,INCLUDES
ATTACK-001,EVT-040497,INCLUDES
ATTACK-001,EVT-040498,INCLUDES
ATTACK-001,EVT-040499,INCLUDES
ATTACK-001,EVT-040500,INCLUDES
ATTACK-001,EVT-040501,INCLUDES
ATTACK-001,EVT-040502,INCLUDES
ATTACK-001,EVT-040503,INCLUDES
ATTACK-001,EVT-040504,INCLUDES
ATTACK-001,EVT-040505,INCLUDES
ATTACK-001,EVT-040506,INCLUDES
ATTACK-001,EVT-040507,INCLUDES
ATTACK-001,EVT-040508,INCLUDES
ATTACK-001,EVT-040509,INCLUDES
ATTACK-001,EVT-040510,INCLUDES
ATTACK-001,EVT-040511,INCLUDES
ATTACK-001,EVT-040512,INCLUDES
ATTACK-001,EVT-040513,INCLUDES
ATTACK-001,EVT-040514,INCLUDES
ATTACK-001,EVT-040515,INCLUDES
ATTACK-001,EVT-040516,INCLUDES
ATTACK-001,EVT-040517,INCLUDES
ATTACK-001,EVT-040518,INCLUDES
ATTACK-001,EVT-040519,INCLUDES
ATTACK-001,EVT-040520,INCLUDES
ATTACK-001,EVT-040521,INCLUDES
ATTACK-001,EVT-040522,INCLUDES
ATTACK-001,EVT-040523,INCLUDES
ATTACK-001,EVT-040524,INCLUDES
ATTACK-001,EVT-040525,INCLUDES
ATTACK-001,EVT-040526,INCLUDES
ATTACK-001,EVT-040527,INCLUDES
ATTACK-001,EVT-040528,INCLUDES
ATTACK-001,EVT-040529,INCLUDES
ATTACK-001,EVT-040530,INCLUDES
ATTACK-001,EVT-040531,INCLUDES
ATTACK-001,EVT-040532,INCLUDES
ATTACK-001,EVT-040533,INCLUDES
ATTACK-001,EVT-040534,INCLUDES
ATTACK-001,EVT-040535,INCLUDES
ATTACK-001,EVT-040536,INCLUDES
ATTACK-001,EVT-040537,INCLUDES
ATTACK-001,EVT-040538,INCLUDES
ATTACK-001,EVT-040539,INCLUDES
ATTACK-001,EVT-040540,INCLUDES
ATTACK-001,EVT-040541,INCLUDES
ATTACK-001,EVT-040542,INCLUDES
ATTACK-001,EVT-040543,INCLUDES
ATTACK-001,EVT-040544,INCLUDES
ATTACK-001,EVT-040545,INCLUDES
ATTACK-001,EVT-040546,INCLUDES
ATTACK-001,EVT-040547,INCLUDES
ATTACK-001,EVT-040548,INCLUDES
ATTACK-001,EVT-040549,INCLUDES
ATTACK-001,EVT-040550,INCLUDES
ATTACK-001,EVT-040551,INCLUDES
ATTACK-001,EVT-040552,INCLUDES
ATTACK-001,EVT-040553,INCLUDES
ATTACK-001,EVT-040554,INCLUDES
ATTACK-001,EVT-040555,INCLUDES
ATTACK-001,EVT-040556,INCLUDES
ATTACK-001,EVT-040557,INCLUDES
ATTACK-001,EVT-040558,INCLUDES
ATTACK-001,EVT-040559,INCLUDES
ATTACK-001,EVT-040560,INCLUDES
ATTACK-001,EVT-040561,INCLUDES
ATTACK-001,EVT-040562,INCLUDES
ATTACK-001,EVT-040563,INCLUDES
ATTACK-001,EVT-040564,INCLUDES
ATTACK-001,EVT-040565,INCLUDES
ATTACK-001,EVT-040566,INCLUDES
ATTACK-001,EVT-040567,INCLUDES
ATTACK-001,EVT-040568,INCLUDES
ATTACK-001,EVT-040569,INCLUDES
ATTACK-001,EVT-040570,INCLUDES
ATTACK-001,EVT-040571,INCLUDES
ATTACK-001,EVT-040572,INCLUDES
ATTACK-001,EVT-040573,INCLUDES
ATTACK-001,EVT-040574,INCLUDES
ATTACK-001,EVT-040575,INCLUDES
ATTACK-001,EVT-040576,INCLUDES
ATTACK-001,EVT-040577,INCLUDES
ATTACK-001,EVT-040578,INCLUDES
ATTACK-001,EVT-040579,INCLUDES
ATTACK-001,EVT-040580,INCLUDES
ATTACK-001,EVT-040581,INCLUDES
ATTACK-001,EVT-040582,INCLUDES
ATTACK-001,EVT-040583,INCLUDES
ATTACK-001,EVT-040584,INCLUDES
ATTACK-001,EVT-040585,INCLUDES
ATTACK-001,EVT-040586,INCLUDES
ATTACK-001,EVT-040587,INCLUDES
ATTACK-001,EVT-040588,INCLUDES
ATTACK-001,EVT-040589,INCLUDES
ATTACK-001,EVT-040590,INCLUDES
ATTACK-001,EVT-040591,INCLUDES
ATTACK-001,EVT-040592,INCLUDES
ATTACK-001,EVT-040593,INCLUDES
ATTACK-001,EVT-040594,INCLUDES
ATTACK-001,EVT-040595,INCLUDES
ATTACK-001,EVT-040596,INCLUDES
ATTACK-001,EVT-040597,INCLUDES
ATTACK-001,EVT-040598,INCLUDES
ATTACK-001,EVT-040599,INCLUDES
ATTACK-001,EVT-040600,INCLUDES
ATTACK-001,EVT-040601,INCLUDES
ATTACK-001,EVT-040602,INCLUDES
ATTACK-001,EVT-040603,INCLUDES
ATTACK-001,EVT-040604,INCLUDES
ATTACK-001,EVT-040605,INCLUDES
ATTACK-001,EVT-040606,INCLUDES
ATTACK-001,EVT-040607,INCLUDES
ATTACK-001,EVT-040608,INCLUDES
ATTACK-001,EVT-040609,INCLUDES
ATTACK-001,EVT-040610,INCLUDES
ATTACK-001,EVT-040611,INCLUDES
ATTACK-001,EVT-040612,INCLUDES
ATTACK-001,EVT-040613,INCLUDES
ATTACK-001,EVT-040614,INCLUDES
ATTACK-001,EVT-040615,INCLUDES
ATTACK-001,EVT-040616,INCLUDES
ATTACK-001,EVT-040617,INCLUDES
ATTACK-001,EVT-040618,INCLUDES
ATTACK-001,EVT-040619,INCLUDES
ATTACK-001,EVT-040620,INCLUDES
ATTACK-001,EVT-040621,INCLUDES
ATTACK-001,EVT-040622,INCLUDES
ATTACK-001,EVT-040623,INCLUDES
ATTACK-001,EVT-040624,INCLUDES
ATTACK-001,EVT-040625,INCLUDES
ATTACK-001,EVT-040626,INCLUDES
ATTACK-001,EVT-040627,INCLUDES
ATTACK-001,EVT-040628,INCLUDES
ATTACK-001,EVT-040629,INCLUDES
ATTACK-001,EVT-040630,INCLUDES
ATTACK-001,EVT-040631,INCLUDES
ATTACK-001,EVT-040632,INCLUDES
ATTACK-001,EVT-040633,INCLUDES
ATTACK-001,EVT-040634,INCLUDES
ATTACK-001,EVT-040635,INCLUDES
ATTACK-001,EVT-040636,INCLUDES
ATTACK-001,EVT-040637,INCLUDES
ATTACK-001,EVT-040638,INCLUDES
ATTACK-001,EVT-040639,INCLUDES
ATTACK-001,EVT-040640,INCLUDES
ATTACK-001,EVT-040641,INCLUDES
ATTACK-001,EVT-040642,INCLUDES
ATTACK-001,EVT-040643,INCLUDES
ATTACK-001,EVT-040644,INCLUDES
ATTACK-001,EVT-040645,INCLUDES
ATTACK-001,EVT-040646,INCLUDES
ATTACK-001,EVT-040647,INCLUDES
ATTACK-001,EVT-040648,INCLUDES
ATTACK-001,EVT-040649,INCLUDES
ATTACK-001,EVT-040650,INCLUDES
ATTACK-001,EVT-040651,INCLUDES
ATTACK-001,EVT-040652,INCLUDES
ATTACK-001,EVT-040653,INCLUDES
ATTACK-001,EVT-040654,INCLUDES
ATTACK-001,EVT-040655,INCLUDES
ATTACK-001,EVT-040656,INCLUDES
ATTACK-001,EVT-040657,INCLUDES
ATTACK-001,EVT-040658,INCLUDES
ATTACK-001,EVT-040659,INCLUDES
ATTACK-001,EVT-040660,INCLUDES
ATTACK-001,EVT-040661,INCLUDES
ATTACK-001,EVT-040662,INCLUDES
ATTACK-001,EVT-040663,INCLUDES
ATTACK-001,EVT-040664,INCLUDES
ATTACK-001,EVT-040665,INCLUDES
ATTACK-001,EVT-040666,INCLUDES
ATTACK-001,EVT-040667,INCLUDES
ATTACK-001,EVT-040668,INCLUDES
ATTACK-001,EVT-040669,INCLUDES
ATTACK-001,EVT-040670,INCLUDES
ATTACK-001,EVT-040671,INCLUDES
ATTACK-001,EVT-040672,INCLUDES
ATTACK-001,EVT-040673,INCLUDES
ATTACK-001,EVT-040674,INCLUDES
ATTACK-001,EVT-040675,INCLUDES
ATTACK-001,EVT-040676,INCLUDES
ATTACK-001,EVT-040677,INCLUDES
ATTACK-001,EVT-040678,INCLUDES
ATTACK-001,EVT-040679,INCLUDES
ATTACK-001,EVT-040680,INCLUDES
ATTACK-001,EVT-040681,INCLUDES
ATTACK-001,EVT-040682,INCLUDES
ATTACK-001,EVT-040683,INCLUDES
ATTACK-001,EVT-040684,INCLUDES
ATTACK-001,EVT-040685,INCLUDES
ATTACK-001,EVT-040686,INCLUDES
ATTACK-001,EVT-040687,INCLUDES
ATTACK-001,EVT-040688,INCLUDES
ATTACK-001,EVT-040689,INCLUDES
ATTACK-001,EVT-040690,INCLUDES
ATTACK-001,EVT-040691,INCLUDES
ATTACK-001,EVT-040692,INCLUDES
ATTACK-001,EVT-040693,INCLUDES
ATTACK-001,EVT-040694,INCLUDES
ATTACK-001,EVT-040695,INCLUDES
ATTACK-001,EVT-040696,INCLUDES
ATTACK-001,EVT-040697,INCLUDES
ATTACK-001,EVT-040698,INCLUDES
ATTACK-001,EVT-040699,INCLUDES
ATTACK-001,EVT-040700,INCLUDES
ATTACK-001,EVT-040701,INCLUDES
ATTACK-001,EVT-040702,INCLUDES
ATTACK-001,EVT-040703,INCLUDES
ATTACK-001,EVT-040704,INCLUDES
ATTACK-001,EVT-040705,INCLUDES
ATTACK-001,EVT-040706,INCLUDES
ATTACK-001,EVT-040707,INCLUDES
ATTACK-001,EVT-040708,INCLUDES
ATTACK-001,EVT-040709,INCLUDES
ATTACK-001,EVT-040710,INCLUDES
ATTACK-001,EVT-040711,INCLUDES
ATTACK-001,EVT-040712,INCLUDES
ATTACK-001,EVT-040713,INCLUDES
ATTACK-001,EVT-040714,INCLUDES
ATTACK-001,EVT-040715,INCLUDES
ATTACK-001,EVT-040716,INCLUDES
ATTACK-001,EVT-040717,INCLUDES
ATTACK-001,EVT-040718,INCLUDES
ATTACK-001,EVT-040719,INCLUDES
ATTACK-001,EVT-040720,INCLUDES
ATTACK-001,EVT-040721,INCLUDES
ATTACK-001,EVT-040722,INCLUDES
ATTACK-001,EVT-040723,INCLUDES
ATTACK-001,EVT-040724,INCLUDES
ATTACK-001,EVT-040725,INCLUDES
ATTACK-001,EVT-040726,INCLUDES
ATTACK-001,EVT-040727,INCLUDES
ATTACK-001,EVT-040728,INCLUDES
ATTACK-001,EVT-040729,INCLUDES
ATTACK-001,EVT-040730,INCLUDES
ATTACK-001,EVT-040731,INCLUDES
ATTACK-001,EVT-040732,INCLUDES
ATTACK-001,EVT-040733,INCLUDES
ATTACK-001,EVT-040734,INCLUDES
ATTACK-001,EVT-040735,INCLUDES
ATTACK-001,EVT-040736,INCLUDES
ATTACK-001,EVT-040737,INCLUDES
ATTACK-001,EVT-040738,INCLUDES
ATTACK-001,EVT-040739,INCLUDES
ATTACK-001,EVT-040740,INCLUDES
ATTACK-001,EVT-040741,INCLUDES
ATTACK-001,EVT-040742,INCLUDES
ATTACK-001,EVT-040743,INCLUDES
ATTACK-001,EVT-040744,INCLUDES
ATTACK-001,EVT-040745,INCLUDES
ATTACK-001,EVT-040746,INCLUDES
ATTACK-001,EVT-040747,INCLUDES
ATTACK-001,EVT-040748,INCLUDES
ATTACK-001,EVT-040749,INCLUDES
ATTACK-001,EVT-040750,INCLUDES
ATTACK-001,EVT-040751,INCLUDES
ATTACK-001,EVT-040752,INCLUDES
ATTACK-001,EVT-040753,INCLUDES
ATTACK-001,EVT-040754,INCLUDES
ATTACK-001,EVT-040755,INCLUDES
ATTACK-001,EVT-040756,INCLUDES
ATTACK-001,EVT-040757,INCLUDES
ATTACK-001,EVT-040758,INCLUDES
ATTACK-001,EVT-040759,INCLUDES
ATTACK-001,EVT-040760,INCLUDES
ATTACK-001,EVT-040761,INCLUDES
ATTACK-001,EVT-040762,INCLUDES
ATTACK-001,EVT-040763,INCLUDES
ATTACK-001,EVT-040764,INCLUDES
ATTACK-001,EVT-040765,INCLUDES
ATTACK-001,EVT-040766,INCLUDES
ATTACK-001,EVT-040767,INCLUDES
ATTACK-001,EVT-040768,INCLUDES
ATTACK-001,EVT-040769,INCLUDES
ATTACK-001,EVT-040770,INCLUDES
ATTACK-001,EVT-040771,INCLUDES
ATTACK-001,EVT-040772,INCLUDES
ATTACK-001,EVT-040773,INCLUDES
ATTACK-001,EVT-040774,INCLUDES
ATTACK-001,EVT-040775,INCLUDES
ATTACK-001,EVT-040776,INCLUDES
ATTACK-001,EVT-040777,INCLUDES
ATTACK-001,EVT-040778,INCLUDES
ATTACK-001,EVT-040779,INCLUDES
ATTACK-001,EVT-040780,INCLUDES
ATTACK-001,EVT-040781,INCLUDES
ATTACK-001,EVT-040782,INCLUDES
ATTACK-001,EVT-040783,INCLUDES
ATTACK-001,EVT-040784,INCLUDES
ATTACK-001,EVT-040785,INCLUDES
ATTACK-001,EVT-040786,INCLUDES
ATTACK-001,EVT-040787,INCLUDES
ATTACK-001,EVT-040788,INCLUDES
ATTACK-001,EVT-040789,INCLUDES
ATTACK-001,EVT-040790,INCLUDES
ATTACK-001,EVT-040791,INCLUDES
ATTACK-001,EVT-040792,INCLUDES
ATTACK-001,EVT-040793,INCLUDES
ATTACK-001,EVT-040794,INCLUDES
ATTACK-001,EVT-040795,INCLUDES
ATTACK-001,EVT-040796,INCLUDES
ATTACK-001,EVT-040797,INCLUDES
ATTACK-001,EVT-040798,INCLUDES
ATTACK-001,EVT-040799,INCLUDES
ATTACK-001,EVT-040800,INCLUDES
ATTACK-001,EVT-040801,INCLUDES
ATTACK-001,EVT-040802,INCLUDES
ATTACK-001,EVT-040803,INCLUDES
ATTACK-001,EVT-040804,INCLUDES
ATTACK-001,EVT-040805,INCLUDES
ATTACK-001,EVT-040806,INCLUDES
ATTACK-001,EVT-040807,INCLUDES
ATTACK-001,EVT-040808,INCLUDES
ATTACK-001,EVT-040809,INCLUDES
ATTACK-001,EVT-040810,INCLUDES
ATTACK-001,EVT-040811,INCLUDES
ATTACK-001,EVT-040812,INCLUDES
ATTACK-001,EVT-040813,INCLUDES
ATTACK-001,EVT-040814,INCLUDES
ATTACK-001,EVT-040815,INCLUDES
ATTACK-001,EVT-040816,INCLUDES
ATTACK-001,EVT-040817,INCLUDES
ATTACK-001,EVT-040818,INCLUDES
ATTACK-001,EVT-040819,INCLUDES
ATTACK-001,EVT-040820,INCLUDES
ATTACK-001,EVT-040821,INCLUDES
ATTACK-001,EVT-040822,INCLUDES
ATTACK-001,EVT-040823,INCLUDES
ATTACK-001,EVT-040824,INCLUDES
ATTACK-001,EVT-040825,INCLUDES
ATTACK-001,EVT-040826,INCLUDES
ATTACK-001,EVT-040827,INCLUDES
ATTACK-001,EVT-040828,INCLUDES
ATTACK-001,EVT-040829,INCLUDES
ATTACK-001,EVT-040830,INCLUDES
ATTACK-001,EVT-040831,INCLUDES
ATTACK-001,EVT-040832,INCLUDES
ATTACK-001,EVT-040833,INCLUDES
ATTACK-001,EVT-040834,INCLUDES
ATTACK-001,EVT-040835,INCLUDES
ATTACK-001,EVT-040836,INCLUDES
ATTACK-001,EVT-040837,INCLUDES
ATTACK-001,EVT-040838,INCLUDES
ATTACK-001,EVT-040839,INCLUDES
ATTACK-001,EVT-040840,INCLUDES
ATTACK-001,EVT-040841,INCLUDES
ATTACK-001,EVT-040842,INCLUDES
ATTACK-001,EVT-040843,INCLUDES
ATTACK-001,EVT-040844,INCLUDES
ATTACK-001,EVT-040845,INCLUDES
ATTACK-001,EVT-040846,INCLUDES
ATTACK-001,EVT-040847,INCLUDES
ATTACK-001,EVT-040848,INCLUDES
ATTACK-001,EVT-040849,INCLUDES
ATTACK-001,EVT-040850,INCLUDES
ATTACK-001,EVT-040851,INCLUDES
ATTACK-001,EVT-040852,INCLUDES
ATTACK-001,EVT-040853,INCLUDES
ATTACK-001,EVT-040854,INCLUDES
ATTACK-001,EVT-040855,INCLUDES
ATTACK-001,EVT-040856,INCLUDES
ATTACK-001,EVT-040857,INCLUDES
ATTACK-001,EVT-040858,INCLUDES
ATTACK-001,EVT-040859,INCLUDES
ATTACK-001,EVT-040860,INCLUDES
ATTACK-001,EVT-040861,INCLUDES
ATTACK-001,EVT-040862,INCLUDES
ATTACK-001,EVT-040863,INCLUDES
ATTACK-001,EVT-040864,INCLUDES
ATTACK-001,EVT-040865,INCLUDES
ATTACK-001,EVT-040866,INCLUDES
ATTACK-001,EVT-040867,INCLUDES
ATTACK-001,EVT-040868,INCLUDES
ATTACK-001,EVT-040869,INCLUDES
ATTACK-001,EVT-040870,INCLUDES
ATTACK-001,EVT-040871,INCLUDES
ATTACK-001,EVT-040872,INCLUDES
ATTACK-001,EVT-040873,INCLUDES
ATTACK-001,EVT-040874,INCLUDES
ATTACK-001,EVT-040875,INCLUDES
ATTACK-001,EVT-040876,INCLUDES
ATTACK-001,EVT-040877,INCLUDES
ATTACK-001,EVT-040878,INCLUDES
ATTACK-001,EVT-040879,INCLUDES
ATTACK-001,EVT-040880,INCLUDES
ATTACK-001,EVT-040881,INCLUDES
ATTACK-001,EVT-040882,INCLUDES
ATTACK-001,EVT-040883,INCLUDES
ATTACK-001,EVT-040884,INCLUDES
ATTACK-001,EVT-040885,INCLUDES
ATTACK-001,EVT-040886,INCLUDES
ATTACK-001,EVT-040887,INCLUDES
ATTACK-001,EVT-040888,INCLUDES
ATTACK-001,EVT-040889,INCLUDES
ATTACK-001,EVT-040890,INCLUDES
ATTACK-001,EVT-040891,INCLUDES
ATTACK-001,EVT-040892,INCLUDES
ATTACK-001,EVT-040893,INCLUDES
ATTACK-001,EVT-040894,INCLUDES
ATTACK-001,EVT-040895,INCLUDES
ATTACK-001,EVT-040896,INCLUDES
ATTACK-001,EVT-040897,INCLUDES
ATTACK-001,EVT-040898,INCLUDES
ATTACK-001,EVT-040899,INCLUDES
ATTACK-001,EVT-040900,INCLUDES
ATTACK-001,EVT-040901,INCLUDES
ATTACK-001,EVT-040902,INCLUDES
ATTACK-001,EVT-040903,INCLUDES
ATTACK-001,EVT-040904,INCLUDES
ATTACK-001,EVT-040905,INCLUDES
ATTACK-001,EVT-040906,INCLUDES
ATTACK-001,EVT-040907,INCLUDES
ATTACK-001,EVT-040908,INCLUDES
ATTACK-001,EVT-040909,INCLUDES
ATTACK-001,EVT-040910,INCLUDES
ATTACK-001,EVT-040911,INCLUDES
ATTACK-001,EVT-040912,INCLUDES
ATTACK-001,EVT-040913,INCLUDES
ATTACK-001,EVT-040914,INCLUDES
ATTACK-001,EVT-040915,INCLUDES
ATTACK-001,EVT-040916,INCLUDES
ATTACK-001,EVT-040917,INCLUDES
ATTACK-001,EVT-040918,INCLUDES
ATTACK-001,EVT-040919,INCLUDES
ATTACK-001,EVT-040920,INCLUDES
ATTACK-001,EVT-040921,INCLUDES
ATTACK-001,EVT-040922,INCLUDES
ATTACK-001,EVT-040923,INCLUDES
ATTACK-001,EVT-040924,INCLUDES
ATTACK-001,EVT-040925,INCLUDES
ATTACK-001,EVT-040926,INCLUDES
ATTACK-001,EVT-040927,INCLUDES
ATTACK-001,EVT-040928,INCLUDES
ATTACK-001,EVT-040929,INCLUDES
ATTACK-001,EVT-040930,INCLUDES
ATTACK-001,EVT-040931,INCLUDES
ATTACK-001,EVT-040932,INCLUDES
ATTACK-001,EVT-040933,INCLUDES
ATTACK-001,EVT-040934,INCLUDES
ATTACK-001,EVT-040935,INCLUDES
ATTACK-001,EVT-040936,INCLUDES
ATTACK-001,EVT-040937,INCLUDES
ATTACK-001,EVT-040938,INCLUDES
ATTACK-001,EVT-040939,INCLUDES
ATTACK-001,EVT-040940,INCLUDES
ATTACK-001,EVT-040941,INCLUDES
ATTACK-001,EVT-040942,INCLUDES
ATTACK-001,EVT-040943,INCLUDES
ATTACK-001,EVT-040944,INCLUDES
ATTACK-001,EVT-040945,INCLUDES
ATTACK-001,EVT-040946,INCLUDES
ATTACK-001,EVT-040947,INCLUDES
ATTACK-001,EVT-040948,INCLUDES
ATTACK-001,EVT-040949,INCLUDES
ATTACK-001,EVT-040950,INCLUDES
ATTACK-001,EVT-040951,INCLUDES
ATTACK-001,EVT-040952,INCLUDES
ATTACK-001,EVT-040953,INCLUDES
ATTACK-001,EVT-040954,INCLUDES
ATTACK-001,EVT-040955,INCLUDES
ATTACK-001,EVT-040956,INCLUDES
ATTACK-001,EVT-040957,INCLUDES
ATTACK-001,EVT-040958,INCLUDES
ATTACK-001,EVT-040959,INCLUDES
ATTACK-001,EVT-040960,INCLUDES
ATTACK-001,EVT-040961,INCLUDES
ATTACK-001,EVT-040962,INCLUDES
ATTACK-001,EVT-040963,INCLUDES
ATTACK-001,EVT-040964,INCLUDES
ATTACK-001,EVT-040965,INCLUDES
ATTACK-001,EVT-040966,INCLUDES
ATTACK-001,EVT-040967,INCLUDES
ATTACK-001,EVT-040968,INCLUDES
ATTACK-001,EVT-040969,INCLUDES
ATTACK-001,EVT-040970,INCLUDES
ATTACK-001,EVT-040971,INCLUDES
ATTACK-001,EVT-040972,INCLUDES
ATTACK-001,EVT-040973,INCLUDES
ATTACK-001,EVT-040974,INCLUDES
ATTACK-001,EVT-040975,INCLUDES
ATTACK-001,EVT-040976,INCLUDES
ATTACK-001,EVT-040977,INCLUDES
ATTACK-001,EVT-040978,INCLUDES
ATTACK-001,EVT-040979,INCLUDES
ATTACK-001,EVT-040980,INCLUDES
ATTACK-001,EVT-040981,INCLUDES
ATTACK-001,EVT-040982,INCLUDES
ATTACK-001,EVT-040983,INCLUDES
ATTACK-001,EVT-040984,INCLUDES
ATTACK-001,EVT-040985,INCLUDES
ATTACK-001,EVT-040986,INCLUDES
ATTACK-001,EVT-040987,INCLUDES
ATTACK-001,EVT-040988,INCLUDES
ATTACK-001,EVT-040989,INCLUDES
ATTACK-001,EVT-040990,INCLUDES
ATTACK-001,EVT-040991,INCLUDES
ATTACK-001,EVT-040992,INCLUDES
ATTACK-001,EVT-040993,INCLUDES
ATTACK-001,EVT-040994,INCLUDES
ATTACK-001,EVT-040995,INCLUDES
ATTACK-001,EVT-040996,INCLUDES
ATTACK-001,EVT-040997,INCLUDES
ATTACK-001,EVT-040998,INCLUDES
ATTACK-001,EVT-040999,INCLUDES
ATTACK-001,EVT-041000,INCLUDES
ATTACK-001,EVT-041001,INCLUDES
ATTACK-001,EVT-041002,INCLUDES
ATTACK-001,EVT-041003,INCLUDES
ATTACK-001,EVT-041004,INCLUDES
ATTACK-001,EVT-041005,INCLUDES
ATTACK-001,EVT-041006,INCLUDES
ATTACK-001,EVT-041007,INCLUDES
ATTACK-001,EVT-041008,INCLUDES
ATTACK-001,EVT-041009,INCLUDES
ATTACK-001,EVT-041010,INCLUDES
ATTACK-001,EVT-041011,INCLUDES
ATTACK-001,EVT-041012,INCLUDES
ATTACK-001,EVT-041013,INCLUDES
ATTACK-001,EVT-041014,INCLUDES
ATTACK-001,EVT-041015,INCLUDES
ATTACK-001,EVT-041016,INCLUDES
ATTACK-001,EVT-041017,INCLUDES
ATTACK-001,EVT-041018,INCLUDES
ATTACK-001,EVT-041019,INCLUDES
ATTACK-001,EVT-041020,INCLUDES
ATTACK-001,EVT-041021,INCLUDES
ATTACK-001,EVT-041022,INCLUDES
ATTACK-001,EVT-041023,INCLUDES
ATTACK-001,EVT-041024,INCLUDES
ATTACK-001,EVT-041025,INCLUDES
ATTACK-001,EVT-041026,INCLUDES
ATTACK-001,EVT-041027,INCLUDES
ATTACK-001,EVT-041028,INCLUDES
ATTACK-001,EVT-041029,INCLUDES
ATTACK-001,EVT-041030,INCLUDES
ATTACK-001,EVT-041031,INCLUDES
ATTACK-001,EVT-041032,INCLUDES
ATTACK-001,EVT-041033,INCLUDES
ATTACK-001,EVT-041034,INCLUDES
ATTACK-001,EVT-041035,INCLUDES
ATTACK-001,EVT-041036,INCLUDES
ATTACK-001,EVT-041037,INCLUDES
ATTACK-001,EVT-041038,INCLUDES
ATTACK-001,EVT-041039,INCLUDES
ATTACK-001,EVT-041040,INCLUDES
ATTACK-001,EVT-041041,INCLUDES
ATTACK-001,EVT-041042,INCLUDES
ATTACK-001,EVT-041043,INCLUDES
ATTACK-001,EVT-041044,INCLUDES
ATTACK-001,EVT-041045,INCLUDES
ATTACK-001,EVT-041046,INCLUDES
ATTACK-001,EVT-041047,INCLUDES
ATTACK-001,EVT-041048,INCLUDES
ATTACK-001,EVT-041049,INCLUDES
ATTACK-001,EVT-041050,INCLUDES
ATTACK-001,EVT-041051,INCLUDES
ATTACK-001,EVT-041052,INCLUDES
ATTACK-001,EVT-041053,INCLUDES
ATTACK-001,EVT-041054,INCLUDES
ATTACK-001,EVT-041055,INCLUDES
ATTACK-001,EVT-041056,INCLUDES
ATTACK-001,EVT-041057,INCLUDES
ATTACK-001,EVT-041058,INCLUDES
ATTACK-001,EVT-041059,INCLUDES
ATTACK-001,EVT-041060,INCLUDES
ATTACK-001,EVT-041061,INCLUDES
ATTACK-001,EVT-041062,INCLUDES
ATTACK-001,EVT-041063,INCLUDES
ATTACK-001,EVT-041064,INCLUDES
ATTACK-001,EVT-041065,INCLUDES
ATTACK-001,EVT-041066,INCLUDES
ATTACK-001,EVT-041067,INCLUDES
ATTACK-001,EVT-041068,INCLUDES
ATTACK-001,EVT-041069,INCLUDES
ATTACK-001,EVT-041070,INCLUDES
ATTACK-001,EVT-041071,INCLUDES
ATTACK-001,EVT-041072,INCLUDES
ATTACK-001,EVT-041073,INCLUDES
ATTACK-001,EVT-041074,INCLUDES
ATTACK-001,EVT-041075,INCLUDES
ATTACK-001,EVT-041076,INCLUDES
ATTACK-001,EVT-041077,INCLUDES
ATTACK-001,EVT-041078,INCLUDES
ATTACK-001,EVT-041079,INCLUDES
ATTACK-001,EVT-041080,INCLUDES
ATTACK-001,EVT-041081,INCLUDES
ATTACK-001,EVT-041082,INCLUDES
ATTACK-001,EVT-041083,INCLUDES
ATTACK-001,EVT-041084,INCLUDES
ATTACK-001,EVT-041085,INCLUDES
ATTACK-001,EVT-041086,INCLUDES
ATTACK-001,EVT-041087,INCLUDES
ATTACK-001,EVT-041088,INCLUDES
ATTACK-001,EVT-041089,INCLUDES
ATTACK-001,EVT-041090,INCLUDES
ATTACK-001,EVT-041091,INCLUDES
ATTACK-001,EVT-041092,INCLUDES
ATTACK-001,EVT-041093,INCLUDES
ATTACK-001,EVT-041094,INCLUDES
ATTACK-001,EVT-041095,INCLUDES
ATTACK-001,EVT-041096,INCLUDES
ATTACK-001,EVT-041097,INCLUDES
ATTACK-001,EVT-041098,INCLUDES
ATTACK-001,EVT-041099,INCLUDES
ATTACK-001,EVT-041100,INCLUDES
ATTACK-001,EVT-041101,INCLUDES
ATTACK-001,EVT-041102,INCLUDES
ATTACK-001,EVT-041103,INCLUDES
ATTACK-001,EVT-041104,INCLUDES
ATTACK-001,EVT-041105,INCLUDES
ATTACK-001,EVT-041106,INCLUDES
ATTACK-001,EVT-041107,INCLUDES
ATTACK-001,EVT-041108,INCLUDES
ATTACK-001,EVT-041109,INCLUDES
ATTACK-001,EVT-041110,INCLUDES
ATTACK-001,EVT-041111,INCLUDES
ATTACK-001,EVT-041112,INCLUDES
ATTACK-001,EVT-041113,INCLUDES
ATTACK-001,EVT-041114,INCLUDES
ATTACK-001,EVT-041115,INCLUDES
ATTACK-001,EVT-041116,INCLUDES
ATTACK-001,EVT-041117,INCLUDES
ATTACK-001,EVT-041118,INCLUDES
ATTACK-001,EVT-041119,INCLUDES
ATTACK-001,EVT-041120,INCLUDES
ATTACK-001,EVT-041121,INCLUDES
ATTACK-001,EVT-041122,INCLUDES
ATTACK-001,EVT-041123,INCLUDES
ATTACK-001,EVT-041124,INCLUDES
ATTACK-001,EVT-041125,INCLUDES
ATTACK-001,EVT-041126,INCLUDES
ATTACK-001,EVT-041127,INCLUDES
ATTACK-001,EVT-041128,INCLUDES
ATTACK-001,EVT-041129,INCLUDES
ATTACK-001,EVT-041130,INCLUDES
ATTACK-001,EVT-041131,INCLUDES
ATTACK-001,EVT-041132,INCLUDES
ATTACK-001,EVT-041133,INCLUDES
ATTACK-001,EVT-041134,INCLUDES
ATTACK-001,EVT-041135,INCLUDES
ATTACK-001,EVT-041136,INCLUDES
ATTACK-001,EVT-041137,INCLUDES
ATTACK-001,EVT-041138,INCLUDES
ATTACK-001,EVT-041139,INCLUDES
ATTACK-001,EVT-041140,INCLUDES
ATTACK-001,EVT-041141,INCLUDES
ATTACK-001,EVT-041142,INCLUDES
ATTACK-001,EVT-041143,INCLUDES
ATTACK-001,EVT-041144,INCLUDES
ATTACK-001,EVT-041145,INCLUDES
ATTACK-001,EVT-041146,INCLUDES
ATTACK-001,EVT-041147,INCLUDES
ATTACK-001,EVT-041148,INCLUDES
ATTACK-001,EVT-041149,INCLUDES
ATTACK-001,EVT-041150,INCLUDES
ATTACK-001,EVT-041151,INCLUDES
ATTACK-001,EVT-041152,INCLUDES
ATTACK-001,EVT-041153,INCLUDES
ATTACK-001,EVT-041154,INCLUDES
ATTACK-001,EVT-041155,INCLUDES
ATTACK-001,EVT-041156,INCLUDES
ATTACK-001,EVT-041157,INCLUDES
ATTACK-001,EVT-041158,INCLUDES
ATTACK-001,EVT-041159,INCLUDES
ATTACK-001,EVT-041160,INCLUDES
ATTACK-001,EVT-041161,INCLUDES
ATTACK-001,EVT-041162,INCLUDES
ATTACK-001,EVT-041163,INCLUDES
ATTACK-001,EVT-041164,INCLUDES
ATTACK-001,EVT-041165,INCLUDES
ATTACK-001,EVT-041166,INCLUDES
ATTACK-001,EVT-041167,INCLUDES
ATTACK-001,EVT-041168,INCLUDES
ATTACK-001,EVT-041169,INCLUDES
ATTACK-001,EVT-041170,INCLUDES
ATTACK-001,EVT-041171,INCLUDES
ATTACK-001,EVT-041172,INCLUDES
ATTACK-001,EVT-041173,INCLUDES
ATTACK-001,EVT-041174,INCLUDES
ATTACK-001,EVT-041175,INCLUDES
ATTACK-001,EVT-041176,INCLUDES
ATTACK-001,EVT-041177,INCLUDES
ATTACK-001,EVT-041178,INCLUDES
ATTACK-001,EVT-041179,INCLUDES
ATTACK-001,EVT-041180,INCLUDES
ATTACK-001,EVT-041181,INCLUDES
ATTACK-001,EVT-041182,INCLUDES
ATTACK-001,EVT-041183,INCLUDES
ATTACK-001,EVT-041184,INCLUDES
ATTACK-001,EVT-041185,INCLUDES
ATTACK-001,EVT-041186,INCLUDES
ATTACK-001,EVT-041187,INCLUDES
ATTACK-001,EVT-041188,INCLUDES
ATTACK-001,EVT-041189,INCLUDES
ATTACK-001,EVT-041190,INCLUDES
ATTACK-001,EVT-041191,INCLUDES
ATTACK-001,EVT-041192,INCLUDES
ATTACK-001,EVT-041193,INCLUDES
ATTACK-001,EVT-041194,INCLUDES
ATTACK-001,EVT-041195,INCLUDES
ATTACK-001,EVT-041196,INCLUDES
ATTACK-001,EVT-041197,INCLUDES
ATTACK-001,EVT-041198,INCLUDES
ATTACK-001,EVT-041199,INCLUDES
ATTACK-001,EVT-041200,INCLUDES
ATTACK-001,EVT-041201,INCLUDES
ATTACK-001,EVT-041202,INCLUDES
ATTACK-001,EVT-041203,INCLUDES
ATTACK-001,EVT-041204,INCLUDES
ATTACK-001,EVT-041205,INCLUDES
ATTACK-001,EVT-041206,INCLUDES
ATTACK-001,EVT-041207,INCLUDES
ATTACK-001,EVT-041208,INCLUDES
ATTACK-001,EVT-041209,INCLUDES
ATTACK-001,EVT-041210,INCLUDES
ATTACK-001,EVT-041211,INCLUDES
ATTACK-001,EVT-041212,INCLUDES
ATTACK-001,EVT-041213,INCLUDES
ATTACK-001,EVT-041214,INCLUDES
ATTACK-001,EVT-041215,INCLUDES
ATTACK-001,EVT-041216,INCLUDES
ATTACK-001,EVT-041217,INCLUDES
ATTACK-001,EVT-041218,INCLUDES
ATTACK-001,EVT-041219,INCLUDES
ATTACK-001,EVT-041220,INCLUDES
ATTACK-001,EVT-041221,INCLUDES
ATTACK-001,EVT-041222,INCLUDES
ATTACK-001,EVT-041223,INCLUDES
ATTACK-001,EVT-041224,INCLUDES
ATTACK-001,EVT-041225,INCLUDES
ATTACK-001,EVT-041226,INCLUDES
ATTACK-001,EVT-041227,INCLUDES
ATTACK-001,EVT-041228,INCLUDES
ATTACK-001,EVT-041229,INCLUDES
ATTACK-001,EVT-041230,INCLUDES
ATTACK-001,EVT-041231,INCLUDES
ATTACK-001,EVT-041232,INCLUDES
ATTACK-001,EVT-041233,INCLUDES
ATTACK-001,EVT-041234,INCLUDES
ATTACK-001,EVT-041235,INCLUDES
ATTACK-001,EVT-041236,INCLUDES
ATTACK-001,EVT-041237,INCLUDES
ATTACK-001,EVT-041238,INCLUDES
ATTACK-001,EVT-041239,INCLUDES
ATTACK-001,EVT-041240,INCLUDES
ATTACK-001,EVT-041241,INCLUDES
ATTACK-001,EVT-041242,INCLUDES
ATTACK-001,EVT-041243,INCLUDES
ATTACK-001,EVT-041244,INCLUDES
ATTACK-001,EVT-041245,INCLUDES
ATTACK-001,EVT-041246,INCLUDES
ATTACK-001,EVT-041247,INCLUDES
ATTACK-001,EVT-041248,INCLUDES
ATTACK-001,EVT-041249,INCLUDES
ATTACK-001,EVT-041250,INCLUDES
ATTACK-001,EVT-041251,INCLUDES
ATTACK-001,EVT-041252,INCLUDES
ATTACK-001,EVT-041253,INCLUDES
ATTACK-001,EVT-041254,INCLUDES
ATTACK-001,EVT-041255,INCLUDES
ATTACK-001,EVT-041256,INCLUDES
ATTACK-001,EVT-041257,INCLUDES
ATTACK-001,EVT-041258,INCLUDES
ATTACK-001,EVT-041259,INCLUDES
ATTACK-001,EVT-041260,INCLUDES
ATTACK-001,EVT-041261,INCLUDES
ATTACK-001,EVT-041262,INCLUDES
ATTACK-001,EVT-041263,INCLUDES
ATTACK-001,EVT-041264,INCLUDES
ATTACK-001,EVT-041265,INCLUDES
ATTACK-001,EVT-041266,INCLUDES
ATTACK-001,EVT-041267,INCLUDES
ATTACK-001,EVT-041268,INCLUDES
ATTACK-001,EVT-041269,INCLUDES
ATTACK-001,EVT-041270,INCLUDES
ATTACK-001,EVT-041271,INCLUDES
ATTACK-001,EVT-041272,INCLUDES
ATTACK-001,EVT-041273,INCLUDES
ATTACK-001,EVT-041274,INCLUDES
ATTACK-001,EVT-041275,INCLUDES
ATTACK-001,EVT-041276,INCLUDES
ATTACK-001,EVT-041277,INCLUDES
ATTACK-001,EVT-041278,INCLUDES
ATTACK-001,EVT-041279,INCLUDES
ATTACK-001,EVT-041280,INCLUDES
ATTACK-001,EVT-041281,INCLUDES
ATTACK-001,EVT-041282,INCLUDES
ATTACK-001,EVT-041283,INCLUDES
ATTACK-001,EVT-041284,INCLUDES
ATTACK-001,EVT-041285,INCLUDES
ATTACK-001,EVT-041286,INCLUDES
ATTACK-001,EVT-041287,INCLUDES
ATTACK-001,EVT-041288,INCLUDES
ATTACK-001,EVT-041289,INCLUDES
ATTACK-001,EVT-041290,INCLUDES
ATTACK-001,EVT-041291,INCLUDES
ATTACK-001,EVT-041292,INCLUDES
ATTACK-001,EVT-041293,INCLUDES
ATTACK-001,EVT-041294,INCLUDES
ATTACK-001,EVT-041295,INCLUDES
ATTACK-001,EVT-041296,INCLUDES
ATTACK-001,EVT-041297,INCLUDES
ATTACK-001,EVT-041298,INCLUDES
ATTACK-001,EVT-041299,INCLUDES
ATTACK-001,EVT-041300,INCLUDES
ATTACK-001,EVT-041301,INCLUDES
ATTACK-001,EVT-041302,INCLUDES
ATTACK-001,EVT-041303,INCLUDES
ATTACK-001,EVT-041304,INCLUDES
ATTACK-001,EVT-041305,INCLUDES
ATTACK-001,EVT-041306,INCLUDES
ATTACK-001,EVT-041307,INCLUDES
ATTACK-001,EVT-041308,INCLUDES
ATTACK-001,EVT-041309,INCLUDES
ATTACK-001,EVT-041310,INCLUDES
ATTACK-001,EVT-041311,INCLUDES
ATTACK-001,EVT-041312,INCLUDES
ATTACK-001,EVT-041313,INCLUDES
ATTACK-001,EVT-041314,INCLUDES
ATTACK-001,EVT-041315,INCLUDES
ATTACK-001,EVT-041316,INCLUDES
ATTACK-001,EVT-041317,INCLUDES
ATTACK-001,EVT-041318,INCLUDES
ATTACK-001,EVT-041319,INCLUDES
ATTACK-001,EVT-041320,INCLUDES
ATTACK-001,EVT-041321,INCLUDES
ATTACK-001,EVT-041322,INCLUDES
ATTACK-001,EVT-041323,INCLUDES
ATTACK-001,EVT-041324,INCLUDES
ATTACK-001,EVT-041325,INCLUDES
ATTACK-001,EVT-041326,INCLUDES
ATTACK-001,EVT-041327,INCLUDES
ATTACK-001,EVT-041328,INCLUDES
ATTACK-001,EVT-041329,INCLUDES
ATTACK-001,EVT-041330,INCLUDES
ATTACK-001,EVT-041331,INCLUDES
ATTACK-001,EVT-041332,INCLUDES
ATTACK-001,EVT-041333,INCLUDES
ATTACK-001,EVT-041334,INCLUDES
ATTACK-001,EVT-041335,INCLUDES
ATTACK-001,EVT-041336,INCLUDES
ATTACK-001,EVT-041337,INCLUDES
ATTACK-001,EVT-041338,INCLUDES
ATTACK-001,EVT-041339,INCLUDES
ATTACK-001,EVT-041340,INCLUDES
ATTACK-001,EVT-041341,INCLUDES
ATTACK-001,EVT-041342,INCLUDES
ATTACK-001,EVT-041343,INCLUDES
ATTACK-001,EVT-041344,INCLUDES
ATTACK-001,EVT-041345,INCLUDES
ATTACK-001,EVT-041346,INCLUDES
ATTACK-001,EVT-041347,INCLUDES
ATTACK-001,EVT-041348,INCLUDES
ATTACK-001,EVT-041349,INCLUDES
ATTACK-001,EVT-041350,INCLUDES
ATTACK-001,EVT-041351,INCLUDES
ATTACK-001,EVT-041352,INCLUDES
ATTACK-001,EVT-041353,INCLUDES
ATTACK-001,EVT-041354,INCLUDES
ATTACK-001,EVT-041355,INCLUDES
ATTACK-001,EVT-041356,INCLUDES
ATTACK-001,EVT-041357,INCLUDES
ATTACK-001,EVT-041358,INCLUDES
ATTACK-001,EVT-041359,INCLUDES
ATTACK-001,EVT-041360,INCLUDES
ATTACK-001,EVT-041361,INCLUDES
ATTACK-001,EVT-041362,INCLUDES
ATTACK-001,EVT-041363,INCLUDES
ATTACK-001,EVT-041364,INCLUDES
ATTACK-001,EVT-041365,INCLUDES
ATTACK-001,EVT-041366,INCLUDES
ATTACK-001,EVT-041367,INCLUDES
ATTACK-001,EVT-041368,INCLUDES
ATTACK-001,EVT-041369,INCLUDES
ATTACK-001,EVT-041370,INCLUDES
ATTACK-001,EVT-041371,INCLUDES
ATTACK-001,EVT-041372,INCLUDES
ATTACK-001,EVT-041373,INCLUDES
ATTACK-001,EVT-041374,INCLUDES
ATTACK-001,EVT-041375,INCLUDES
ATTACK-001,EVT-041376,INCLUDES
ATTACK-001,EVT-041377,INCLUDES
ATTACK-001,EVT-041378,INCLUDES
ATTACK-001,EVT-041379,INCLUDES
ATTACK-001,EVT-041380,INCLUDES
ATTACK-001,EVT-041381,INCLUDES
ATTACK-001,EVT-041382,INCLUDES
ATTACK-001,EVT-041383,INCLUDES
ATTACK-001,EVT-041384,INCLUDES
ATTACK-001,EVT-041385,INCLUDES
ATTACK-001,EVT-041386,INCLUDES
ATTACK-001,EVT-041387,INCLUDES
ATTACK-001,EVT-041388,INCLUDES
ATTACK-001,EVT-041389,INCLUDES
ATTACK-001,EVT-041390,INCLUDES
ATTACK-001,EVT-041391,INCLUDES
ATTACK-001,EVT-041392,INCLUDES
ATTACK-001,EVT-041393,INCLUDES
ATTACK-001,EVT-041394,INCLUDES
ATTACK-001,EVT-041395,INCLUDES
ATTACK-001,EVT-041396,INCLUDES
ATTACK-001,EVT-041397,INCLUDES
ATTACK-001,EVT-041398,INCLUDES
ATTACK-001,EVT-041399,INCLUDES
ATTACK-001,EVT-041400,INCLUDES
ATTACK-001,EVT-041401,INCLUDES
ATTACK-001,EVT-041402,INCLUDES
ATTACK-001,EVT-041403,INCLUDES
ATTACK-001,EVT-041404,INCLUDES
ATTACK-001,EVT-041405,INCLUDES
ATTACK-001,EVT-041406,INCLUDES
ATTACK-001,EVT-041407,INCLUDES
ATTACK-001,EVT-041408,INCLUDES
ATTACK-001,EVT-041409,INCLUDES
ATTACK-001,EVT-041410,INCLUDES
ATTACK-001,EVT-041411,INCLUDES
ATTACK-001,EVT-041412,INCLUDES
ATTACK-001,EVT-041413,INCLUDES
ATTACK-001,EVT-041414,INCLUDES
ATTACK-001,EVT-041415,INCLUDES
ATTACK-001,EVT-041416,INCLUDES
ATTACK-001,EVT-041417,INCLUDES
ATTACK-001,EVT-041418,INCLUDES
ATTACK-001,EVT-041419,INCLUDES
ATTACK-001,EVT-041420,INCLUDES
ATTACK-001,EVT-041421,INCLUDES
ATTACK-001,EVT-041422,INCLUDES
ATTACK-001,EVT-041423,INCLUDES
ATTACK-001,EVT-041424,INCLUDES
ATTACK-001,EVT-041425,INCLUDES
ATTACK-001,EVT-041426,INCLUDES
ATTACK-001,EVT-041427,INCLUDES
ATTACK-001,EVT-041428,INCLUDES
ATTACK-001,EVT-041429,INCLUDES
ATTACK-001,EVT-041430,INCLUDES
ATTACK-001,EVT-041431,INCLUDES
ATTACK-001,EVT-041432,INCLUDES
ATTACK-001,EVT-041433,INCLUDES
ATTACK-001,EVT-041434,INCLUDES
ATTACK-001,EVT-041435,INCLUDES
ATTACK-001,EVT-041436,INCLUDES
ATTACK-001,EVT-041437,INCLUDES
ATTACK-001,EVT-041438,INCLUDES
ATTACK-001,EVT-041439,INCLUDES
ATTACK-001,EVT-041440,INCLUDES
ATTACK-001,EVT-041441,INCLUDES
ATTACK-001,EVT-041442,INCLUDES
ATTACK-001,EVT-041443,INCLUDES
ATTACK-001,EVT-041444,INCLUDES
ATTACK-001,EVT-041445,INCLUDES
ATTACK-001,EVT-041446,INCLUDES
ATTACK-001,EVT-041447,INCLUDES
ATTACK-001,EVT-041448,INCLUDES
ATTACK-001,EVT-041449,INCLUDES
ATTACK-001,EVT-041450,INCLUDES
ATTACK-001,EVT-041451,INCLUDES
ATTACK-001,EVT-041452,INCLUDES
ATTACK-001,EVT-041453,INCLUDES
ATTACK-001,EVT-041454,INCLUDES
ATTACK-001,EVT-041455,INCLUDES
ATTACK-001,EVT-041456,INCLUDES
ATTACK-001,EVT-041457,INCLUDES
ATTACK-001,EVT-041458,INCLUDES
ATTACK-001,EVT-041459,INCLUDES
ATTACK-001,EVT-041460,INCLUDES
ATTACK-001,EVT-041461,INCLUDES
ATTACK-001,EVT-041462,INCLUDES
ATTACK-001,EVT-041463,INCLUDES
ATTACK-001,EVT-041464,INCLUDES
ATTACK-001,EVT-041465,INCLUDES
ATTACK-001,EVT-041466,INCLUDES
ATTACK-001,EVT-041467,INCLUDES
ATTACK-001,EVT-041468,INCLUDES
ATTACK-001,EVT-041469,INCLUDES
ATTACK-001,EVT-041470,INCLUDES
ATTACK-001,EVT-041471,INCLUDES
ATTACK-001,EVT-041472,INCLUDES
ATTACK-001,EVT-041473,INCLUDES
ATTACK-001,EVT-041474,INCLUDES
ATTACK-001,EVT-041475,INCLUDES
ATTACK-001,EVT-041476,INCLUDES
ATTACK-001,EVT-041477,INCLUDES
ATTACK-001,EVT-041478,INCLUDES
ATTACK-001,EVT-041479,INCLUDES
ATTACK-001,EVT-041480,INCLUDES
ATTACK-001,EVT-041481,INCLUDES
ATTACK-001,EVT-041482,INCLUDES
ATTACK-001,EVT-041483,INCLUDES
ATTACK-001,EVT-041484,INCLUDES
ATTACK-001,EVT-041485,INCLUDES
ATTACK-001,EVT-041486,INCLUDES
ATTACK-001,EVT-041487,INCLUDES
ATTACK-001,EVT-041488,INCLUDES
ATTACK-001,EVT-041489,INCLUDES
ATTACK-001,EVT-041490,INCLUDES
ATTACK-001,EVT-041491,INCLUDES
ATTACK-001,EVT-041492,INCLUDES
ATTACK-001,EVT-041493,INCLUDES
ATTACK-001,EVT-041494,INCLUDES
ATTACK-001,EVT-041495,INCLUDES
ATTACK-001,EVT-041496,INCLUDES
ATTACK-001,EVT-041497,INCLUDES
ATTACK-001,EVT-041498,INCLUDES
ATTACK-001,EVT-041499,INCLUDES
ATTACK-001,EVT-041500,INCLUDES
ATTACK-001,EVT-041501,INCLUDES
ATTACK-001,EVT-041502,INCLUDES
ATTACK-001,EVT-041503,INCLUDES
ATTACK-001,EVT-041504,INCLUDES
ATTACK-001,EVT-041505,INCLUDES
ATTACK-001,EVT-041506,INCLUDES
ATTACK-001,EVT-041507,INCLUDES
ATTACK-001,EVT-041508,INCLUDES
ATTACK-001,EVT-041509,INCLUDES
ATTACK-001,EVT-041510,INCLUDES
ATTACK-001,EVT-041511,INCLUDES
ATTACK-001,EVT-041512,INCLUDES
ATTACK-001,EVT-041513,INCLUDES
ATTACK-001,EVT-041514,INCLUDES
ATTACK-001,EVT-041515,INCLUDES
ATTACK-001,EVT-041516,INCLUDES
ATTACK-001,EVT-041517,INCLUDES
ATTACK-001,EVT-041518,INCLUDES
ATTACK-001,EVT-041519,INCLUDES
ATTACK-001,EVT-041520,INCLUDES
ATTACK-001,EVT-041521,INCLUDES
ATTACK-001,EVT-041522,INCLUDES
ATTACK-001,EVT-041523,INCLUDES
ATTACK-001,EVT-041524,INCLUDES
ATTACK-001,EVT-041525,INCLUDES
ATTACK-001,EVT-041526,INCLUDES
ATTACK-001,EVT-041527,INCLUDES
ATTACK-001,EVT-041528,INCLUDES
ATTACK-001,EVT-041529,INCLUDES
ATTACK-001,EVT-041530,INCLUDES
ATTACK-001,EVT-041531,INCLUDES
ATTACK-001,EVT-041532,INCLUDES
ATTACK-001,EVT-041533,INCLUDES
ATTACK-001,EVT-041534,INCLUDES
ATTACK-001,EVT-041535,INCLUDES
ATTACK-001,EVT-041536,INCLUDES
ATTACK-001,EVT-041537,INCLUDES
ATTACK-001,EVT-041538,INCLUDES
ATTACK-001,EVT-041539,INCLUDES
ATTACK-001,EVT-041540,INCLUDES
ATTACK-001,EVT-041541,INCLUDES
ATTACK-001,EVT-041542,INCLUDES
ATTACK-001,EVT-041543,INCLUDES
ATTACK-001,EVT-041544,INCLUDES
ATTACK-001,EVT-041545,INCLUDES
ATTACK-001,EVT-041546,INCLUDES
ATTACK-001,EVT-041547,INCLUDES
ATTACK-001,EVT-041548,INCLUDES
ATTACK-001,EVT-041549,INCLUDES
ATTACK-001,EVT-041550,INCLUDES
ATTACK-001,EVT-041551,INCLUDES
ATTACK-001,EVT-041552,INCLUDES
ATTACK-001,EVT-041553,INCLUDES
ATTACK-001,EVT-041554,INCLUDES
ATTACK-001,EVT-041555,INCLUDES
ATTACK-001,EVT-041556,INCLUDES
ATTACK-001,EVT-041557,INCLUDES
ATTACK-001,EVT-041558,INCLUDES
ATTACK-001,EVT-041559,INCLUDES
ATTACK-001,EVT-041560,INCLUDES
ATTACK-001,EVT-041561,INCLUDES
ATTACK-001,EVT-041562,INCLUDES
ATTACK-001,EVT-041563,INCLUDES
ATTACK-001,EVT-041564,INCLUDES
ATTACK-001,EVT-041565,INCLUDES
ATTACK-001,EVT-041566,INCLUDES
ATTACK-001,EVT-041567,INCLUDES
ATTACK-001,EVT-041568,INCLUDES
ATTACK-001,EVT-041569,INCLUDES
ATTACK-001,EVT-041570,INCLUDES
ATTACK-001,EVT-041571,INCLUDES
ATTACK-001,EVT-041572,INCLUDES
ATTACK-001,EVT-041573,INCLUDES
ATTACK-001,EVT-041574,INCLUDES
ATTACK-001,EVT-041575,INCLUDES
ATTACK-001,EVT-041576,INCLUDES
ATTACK-001,EVT-041577,INCLUDES
ATTACK-001,EVT-041578,INCLUDES
ATTACK-001,EVT-041579,INCLUDES
ATTACK-001,EVT-041580,INCLUDES
ATTACK-001,EVT-041581,INCLUDES
ATTACK-001,EVT-041582,INCLUDES
ATTACK-001,EVT-041583,INCLUDES
ATTACK-001,EVT-041584,INCLUDES
ATTACK-001,EVT-041585,INCLUDES
ATTACK-001,EVT-041586,INCLUDES
ATTACK-001,EVT-041587,INCLUDES
ATTACK-001,EVT-041588,INCLUDES
ATTACK-001,EVT-041589,INCLUDES
ATTACK-001,EVT-041590,INCLUDES
ATTACK-001,EVT-041591,INCLUDES
ATTACK-001,EVT-041592,INCLUDES
ATTACK-001,EVT-041593,INCLUDES
ATTACK-001,EVT-041594,INCLUDES
ATTACK-001,EVT-041595,INCLUDES
ATTACK-001,EVT-041596,INCLUDES
ATTACK-001,EVT-041597,INCLUDES
ATTACK-001,EVT-041598,INCLUDES
ATTACK-001,EVT-041599,INCLUDES
ATTACK-001,EVT-041600,INCLUDES
ATTACK-001,EVT-041601,INCLUDES
ATTACK-001,EVT-041602,INCLUDES
ATTACK-001,EVT-041603,INCLUDES
ATTACK-001,EVT-041604,INCLUDES
ATTACK-001,EVT-041605,INCLUDES
ATTACK-001,EVT-041606,INCLUDES
ATTACK-001,EVT-041607,INCLUDES
ATTACK-001,EVT-041608,INCLUDES
ATTACK-001,EVT-041609,INCLUDES
ATTACK-001,EVT-041610,INCLUDES
ATTACK-001,EVT-041611,INCLUDES
ATTACK-001,EVT-041612,INCLUDES
ATTACK-001,EVT-041613,INCLUDES
ATTACK-001,EVT-041614,INCLUDES
ATTACK-001,EVT-041615,INCLUDES
ATTACK-001,EVT-041616,INCLUDES
ATTACK-001,EVT-041617,INCLUDES
ATTACK-001,EVT-041618,INCLUDES
ATTACK-001,EVT-041619,INCLUDES
ATTACK-001,EVT-041620,INCLUDES
ATTACK-001,EVT-041621,INCLUDES
ATTACK-001,EVT-041622,INCLUDES
ATTACK-001,EVT-041623,INCLUDES
ATTACK-001,EVT-041624,INCLUDES
ATTACK-001,EVT-041625,INCLUDES
ATTACK-001,EVT-041626,INCLUDES
ATTACK-001,EVT-041627,INCLUDES
ATTACK-001,EVT-041628,INCLUDES
ATTACK-001,EVT-041629,INCLUDES
ATTACK-001,EVT-041630,INCLUDES
ATTACK-001,EVT-041631,INCLUDES
ATTACK-001,EVT-041632,INCLUDES
ATTACK-001,EVT-041633,INCLUDES
ATTACK-001,EVT-041634,INCLUDES
ATTACK-001,EVT-041635,INCLUDES
ATTACK-001,EVT-041636,INCLUDES
ATTACK-001,EVT-041637,INCLUDES
ATTACK-001,EVT-041638,INCLUDES
ATTACK-001,EVT-041639,INCLUDES
ATTACK-001,EVT-041640,INCLUDES
ATTACK-001,EVT-041641,INCLUDES
ATTACK-001,EVT-041642,INCLUDES
ATTACK-001,EVT-041643,INCLUDES
ATTACK-001,EVT-041644,INCLUDES
ATTACK-001,EVT-041645,INCLUDES
ATTACK-001,EVT-041646,INCLUDES
ATTACK-001,EVT-041647,INCLUDES
ATTACK-001,EVT-041648,INCLUDES
ATTACK-001,EVT-041649,INCLUDES
ATTACK-001,EVT-041650,INCLUDES
ATTACK-001,EVT-041651,INCLUDES
ATTACK-001,EVT-041652,INCLUDES
ATTACK-001,EVT-041653,INCLUDES
ATTACK-001,EVT-041654,INCLUDES
ATTACK-001,EVT-041655,INCLUDES
ATTACK-001,EVT-041656,INCLUDES
ATTACK-001,EVT-041657,INCLUDES
ATTACK-001,EVT-041658,INCLUDES
ATTACK-001,EVT-041659,INCLUDES
ATTACK-001,EVT-041660,INCLUDES
ATTACK-001,EVT-041661,INCLUDES
ATTACK-001,EVT-041662,INCLUDES
ATTACK-001,EVT-041663,INCLUDES
ATTACK-001,EVT-041664,INCLUDES
ATTACK-001,EVT-041665,INCLUDES
ATTACK-001,EVT-041666,INCLUDES
ATTACK-001,EVT-041667,INCLUDES
ATTACK-001,EVT-041668,INCLUDES
ATTACK-001,EVT-041669,INCLUDES
ATTACK-001,EVT-041670,INCLUDES
ATTACK-001,EVT-041671,INCLUDES
ATTACK-001,EVT-041672,INCLUDES
ATTACK-001,EVT-041673,INCLUDES
ATTACK-001,EVT-041674,INCLUDES
ATTACK-001,EVT-041675,INCLUDES
ATTACK-001,EVT-041676,INCLUDES
ATTACK-001,EVT-041677,INCLUDES
ATTACK-001,EVT-041678,INCLUDES
ATTACK-001,EVT-041679,INCLUDES
ATTACK-001,EVT-041680,INCLUDES
ATTACK-001,EVT-041681,INCLUDES
ATTACK-001,EVT-041682,INCLUDES
ATTACK-001,EVT-041683,INCLUDES
ATTACK-001,EVT-041684,INCLUDES
ATTACK-001,EVT-041685,INCLUDES
ATTACK-001,EVT-041686,INCLUDES
ATTACK-001,EVT-041687,INCLUDES
ATTACK-001,EVT-041688,INCLUDES
ATTACK-001,EVT-041689,INCLUDES
ATTACK-001,EVT-041690,INCLUDES
ATTACK-001,EVT-041691,INCLUDES
ATTACK-001,EVT-041692,INCLUDES
ATTACK-001,EVT-041693,INCLUDES
ATTACK-001,EVT-041694,INCLUDES
ATTACK-001,EVT-041695,INCLUDES
ATTACK-001,EVT-041696,INCLUDES
ATTACK-001,EVT-041697,INCLUDES
ATTACK-001,EVT-041698,INCLUDES
ATTACK-001,EVT-041699,INCLUDES
ATTACK-001,EVT-041700,INCLUDES
ATTACK-001,EVT-041701,INCLUDES
ATTACK-001,EVT-041702,INCLUDES
ATTACK-001,EVT-041703,INCLUDES
ATTACK-001,EVT-041704,INCLUDES
ATTACK-001,EVT-041705,INCLUDES
ATTACK-001,EVT-041706,INCLUDES
ATTACK-001,EVT-041707,INCLUDES
ATTACK-001,EVT-041708,INCLUDES
ATTACK-001,EVT-041709,INCLUDES
ATTACK-001,EVT-041710,INCLUDES
ATTACK-001,EVT-041711,INCLUDES
ATTACK-001,EVT-041712,INCLUDES
ATTACK-001,EVT-041713,INCLUDES
ATTACK-001,EVT-041714,INCLUDES
ATTACK-001,EVT-041715,INCLUDES
ATTACK-001,EVT-041716,INCLUDES
ATTACK-001,EVT-041717,INCLUDES
ATTACK-001,EVT-041718,INCLUDES
ATTACK-001,EVT-041719,INCLUDES
ATTACK-001,EVT-041720,INCLUDES
ATTACK-001,EVT-041721,INCLUDES
ATTACK-001,EVT-041722,INCLUDES
ATTACK-001,EVT-041723,INCLUDES
ATTACK-001,EVT-041724,INCLUDES
ATTACK-001,EVT-041725,INCLUDES
ATTACK-001,EVT-041726,INCLUDES
ATTACK-001,EVT-041727,INCLUDES
ATTACK-001,EVT-041728,INCLUDES
ATTACK-001,EVT-041729,INCLUDES
ATTACK-001,EVT-041730,INCLUDES
ATTACK-001,EVT-041731,INCLUDES
ATTACK-001,EVT-041732,INCLUDES
ATTACK-001,EVT-041733,INCLUDES
ATTACK-001,EVT-041734,INCLUDES
ATTACK-001,EVT-041735,INCLUDES
ATTACK-001,EVT-041736,INCLUDES
ATTACK-001,EVT-041737,INCLUDES
ATTACK-001,EVT-041738,INCLUDES
ATTACK-001,EVT-041739,INCLUDES
ATTACK-001,EVT-041740,INCLUDES
ATTACK-001,EVT-041741,INCLUDES
ATTACK-001,EVT-041742,INCLUDES
ATTACK-001,EVT-041743,INCLUDES
ATTACK-001,EVT-041744,INCLUDES
ATTACK-001,EVT-041745,INCLUDES
ATTACK-001,EVT-041746,INCLUDES
ATTACK-001,EVT-041747,INCLUDES
ATTACK-001,EVT-041748,INCLUDES
ATTACK-001,EVT-041749,INCLUDES
ATTACK-001,EVT-041750,INCLUDES
ATTACK-001,EVT-041751,INCLUDES
ATTACK-001,EVT-041752,INCLUDES
ATTACK-001,EVT-041753,INCLUDES
ATTACK-001,EVT-041754,INCLUDES
ATTACK-001,EVT-041755,INCLUDES
ATTACK-001,EVT-041756,INCLUDES
ATTACK-001,EVT-041757,INCLUDES
ATTACK-001,EVT-041758,INCLUDES
ATTACK-001,EVT-041759,INCLUDES
ATTACK-001,EVT-041760,INCLUDES
ATTACK-001,EVT-041761,INCLUDES
ATTACK-001,EVT-041762,INCLUDES
ATTACK-001,EVT-041763,INCLUDES
ATTACK-001,EVT-041764,INCLUDES
ATTACK-001,EVT-041765,INCLUDES
ATTACK-001,EVT-041766,INCLUDES
ATTACK-001,EVT-041767,INCLUDES
ATTACK-001,EVT-041768,INCLUDES
ATTACK-001,EVT-041769,INCLUDES
ATTACK-001,EVT-041770,INCLUDES
ATTACK-001,EVT-041771,INCLUDES
ATTACK-001,EVT-041772,INCLUDES
ATTACK-001,EVT-041773,INCLUDES
ATTACK-001,EVT-041774,INCLUDES
ATTACK-001,EVT-041775,INCLUDES
ATTACK-001,EVT-041776,INCLUDES
ATTACK-001,EVT-041777,INCLUDES
ATTACK-001,EVT-041778,INCLUDES
ATTACK-001,EVT-041779,INCLUDES
ATTACK-001,EVT-041780,INCLUDES
ATTACK-001,EVT-041781,INCLUDES
ATTACK-001,EVT-041782,INCLUDES
ATTACK-001,EVT-041783,INCLUDES
ATTACK-001,EVT-041784,INCLUDES
ATTACK-001,EVT-041785,INCLUDES
ATTACK-001,EVT-041786,INCLUDES
ATTACK-001,EVT-041787,INCLUDES
ATTACK-001,EVT-041788,INCLUDES
ATTACK-001,EVT-041789,INCLUDES
ATTACK-001,EVT-041790,INCLUDES
ATTACK-001,EVT-041791,INCLUDES
ATTACK-001,EVT-041792,INCLUDES
ATTACK-001,EVT-041793,INCLUDES
ATTACK-001,EVT-041794,INCLUDES
ATTACK-001,EVT-041795,INCLUDES
ATTACK-001,EVT-041796,INCLUDES
ATTACK-001,EVT-041797,INCLUDES
ATTACK-001,EVT-041798,INCLUDES
ATTACK-001,EVT-041799,INCLUDES
ATTACK-001,EVT-041800,INCLUDES
ATTACK-001,EVT-041801,INCLUDES
ATTACK-001,EVT-041802,INCLUDES
ATTACK-001,EVT-041803,INCLUDES
ATTACK-001,EVT-041804,INCLUDES
ATTACK-001,EVT-041805,INCLUDES
ATTACK-001,EVT-041806,INCLUDES
ATTACK-001,EVT-041807,INCLUDES
ATTACK-001,EVT-041808,INCLUDES
ATTACK-001,EVT-041809,INCLUDES
ATTACK-001,EVT-041810,INCLUDES
ATTACK-001,EVT-041811,INCLUDES
ATTACK-001,EVT-041812,INCLUDES
ATTACK-001,EVT-041813,INCLUDES
ATTACK-001,EVT-041814,INCLUDES
ATTACK-001,EVT-041815,INCLUDES
ATTACK-001,EVT-041816,INCLUDES
ATTACK-001,EVT-041817,INCLUDES
ATTACK-001,EVT-041818,INCLUDES
ATTACK-001,EVT-041819,INCLUDES
ATTACK-001,EVT-041820,INCLUDES
ATTACK-001,EVT-041821,INCLUDES
ATTACK-001,EVT-041822,INCLUDES
ATTACK-001,EVT-041823,INCLUDES
ATTACK-001,EVT-041824,INCLUDES
ATTACK-001,EVT-041825,INCLUDES
ATTACK-001,EVT-041826,INCLUDES
ATTACK-001,EVT-041827,INCLUDES
ATTACK-001,EVT-041828,INCLUDES
ATTACK-001,EVT-041829,INCLUDES
ATTACK-001,EVT-041830,INCLUDES
ATTACK-001,EVT-041831,INCLUDES
ATTACK-001,EVT-041832,INCLUDES
ATTACK-001,EVT-041833,INCLUDES
ATTACK-001,EVT-041834,INCLUDES
ATTACK-001,EVT-041835,INCLUDES
ATTACK-001,EVT-041836,INCLUDES
ATTACK-001,EVT-041837,INCLUDES
ATTACK-001,EVT-041838,INCLUDES
ATTACK-001,EVT-041839,INCLUDES
ATTACK-001,EVT-041840,INCLUDES
ATTACK-001,EVT-041841,INCLUDES
ATTACK-001,EVT-041842,INCLUDES
ATTACK-001,EVT-041843,INCLUDES
ATTACK-001,EVT-041844,INCLUDES
ATTACK-001,EVT-041845,INCLUDES
ATTACK-001,EVT-041846,INCLUDES
ATTACK-001,EVT-041847,INCLUDES
ATTACK-001,EVT-041848,INCLUDES
ATTACK-001,EVT-041849,INCLUDES
ATTACK-001,EVT-041850,INCLUDES
ATTACK-001,EVT-041851,INCLUDES
ATTACK-001,EVT-041852,INCLUDES
ATTACK-001,EVT-041853,INCLUDES
ATTACK-001,EVT-041854,INCLUDES
ATTACK-001,EVT-041855,INCLUDES
ATTACK-001,EVT-041856,INCLUDES
ATTACK-001,EVT-041857,INCLUDES
ATTACK-001,EVT-041858,INCLUDES
ATTACK-001,EVT-041859,INCLUDES
ATTACK-001,EVT-041860,INCLUDES
ATTACK-001,EVT-041861,INCLUDES
ATTACK-001,EVT-041862,INCLUDES
ATTACK-001,EVT-041863,INCLUDES
ATTACK-001,EVT-041864,INCLUDES
ATTACK-001,EVT-041865,INCLUDES
ATTACK-001,EVT-041866,INCLUDES
ATTACK-001,EVT-041867,INCLUDES
ATTACK-001,EVT-041868,INCLUDES
ATTACK-001,EVT-041869,INCLUDES
ATTACK-001,EVT-041870,INCLUDES
ATTACK-001,EVT-041871,INCLUDES
ATTACK-001,EVT-041872,INCLUDES
ATTACK-001,EVT-041873,INCLUDES
ATTACK-001,EVT-041874,INCLUDES
ATTACK-001,EVT-041875,INCLUDES
ATTACK-001,EVT-041876,INCLUDES
ATTACK-001,EVT-041877,INCLUDES
ATTACK-001,EVT-041878,INCLUDES
ATTACK-001,EVT-041879,INCLUDES
ATTACK-001,EVT-041880,INCLUDES
ATTACK-001,EVT-041881,INCLUDES
ATTACK-001,EVT-041882,INCLUDES
ATTACK-001,EVT-041883,INCLUDES
ATTACK-001,EVT-041884,INCLUDES
ATTACK-001,EVT-041885,INCLUDES
ATTACK-001,EVT-041886,INCLUDES
ATTACK-001,EVT-041887,INCLUDES
ATTACK-001,EVT-041888,INCLUDES
ATTACK-001,EVT-041889,INCLUDES
ATTACK-001,EVT-041890,INCLUDES
ATTACK-001,EVT-041891,INCLUDES
ATTACK-001,EVT-041892,INCLUDES
ATTACK-001,EVT-041893,INCLUDES
ATTACK-001,EVT-041894,INCLUDES
ATTACK-001,EVT-041895,INCLUDES
ATTACK-001,EVT-041896,INCLUDES
ATTACK-001,EVT-041897,INCLUDES
ATTACK-001,EVT-041898,INCLUDES
ATTACK-001,EVT-041899,INCLUDES
ATTACK-001,EVT-041900,INCLUDES
ATTACK-001,EVT-041901,INCLUDES
ATTACK-001,EVT-041902,INCLUDES
ATTACK-001,EVT-041903,INCLUDES
ATTACK-001,EVT-041904,INCLUDES
ATTACK-001,EVT-041905,INCLUDES
ATTACK-001,EVT-041906,INCLUDES
ATTACK-001,EVT-041907,INCLUDES
ATTACK-001,EVT-041908,INCLUDES
ATTACK-001,EVT-041909,INCLUDES
ATTACK-001,EVT-041910,INCLUDES
ATTACK-001,EVT-041911,INCLUDES
ATTACK-001,EVT-041912,INCLUDES
ATTACK-001,EVT-041913,INCLUDES
ATTACK-001,EVT-041914,INCLUDES
ATTACK-001,EVT-041915,INCLUDES
ATTACK-001,EVT-041916,INCLUDES
ATTACK-001,EVT-041917,INCLUDES
ATTACK-001,EVT-041918,INCLUDES
ATTACK-001,EVT-041919,INCLUDES
ATTACK-001,EVT-041920,INCLUDES
ATTACK-001,EVT-041921,INCLUDES
ATTACK-001,EVT-041922,INCLUDES
ATTACK-001,EVT-041923,INCLUDES
ATTACK-001,EVT-041924,INCLUDES
ATTACK-001,EVT-041925,INCLUDES
ATTACK-001,EVT-041926,INCLUDES
ATTACK-001,EVT-041927,INCLUDES
ATTACK-001,EVT-041928,INCLUDES
ATTACK-001,EVT-041929,INCLUDES
ATTACK-001,EVT-041930,INCLUDES
ATTACK-001,EVT-041931,INCLUDES
ATTACK-001,EVT-041932,INCLUDES
ATTACK-001,EVT-041933,INCLUDES
ATTACK-001,EVT-041934,INCLUDES
ATTACK-001,EVT-041935,INCLUDES
ATTACK-001,EVT-041936,INCLUDES
ATTACK-001,EVT-041937,INCLUDES
ATTACK-001,EVT-041938,INCLUDES
ATTACK-001,EVT-041939,INCLUDES
ATTACK-001,EVT-041940,INCLUDES
ATTACK-001,EVT-041941,INCLUDES
ATTACK-001,EVT-041942,INCLUDES
ATTACK-001,EVT-041943,INCLUDES
ATTACK-001,EVT-041944,INCLUDES
ATTACK-001,EVT-041945,INCLUDES
ATTACK-001,EVT-041946,INCLUDES
ATTACK-001,EVT-041947,INCLUDES
ATTACK-001,EVT-041948,INCLUDES
ATTACK-001,EVT-041949,INCLUDES
ATTACK-001,EVT-041950,INCLUDES
ATTACK-001,EVT-041951,INCLUDES
ATTACK-001,EVT-041952,INCLUDES
ATTACK-001,EVT-041953,INCLUDES
ATTACK-001,EVT-041954,INCLUDES
ATTACK-001,EVT-041955,INCLUDES
ATTACK-001,EVT-041956,INCLUDES
ATTACK-001,EVT-041957,INCLUDES
ATTACK-001,EVT-041958,INCLUDES
ATTACK-001,EVT-041959,INCLUDES
ATTACK-001,EVT-041960,INCLUDES
ATTACK-001,EVT-041961,INCLUDES
ATTACK-001,EVT-041962,INCLUDES
ATTACK-001,EVT-041963,INCLUDES
ATTACK-001,EVT-041964,INCLUDES
ATTACK-001,EVT-041965,INCLUDES
ATTACK-001,EVT-041966,INCLUDES
ATTACK-001,EVT-041967,INCLUDES
ATTACK-001,EVT-041968,INCLUDES
ATTACK-001,EVT-041969,INCLUDES
ATTACK-001,EVT-041970,INCLUDES
ATTACK-001,EVT-041971,INCLUDES
ATTACK-001,EVT-041972,INCLUDES
ATTACK-001,EVT-041973,INCLUDES
ATTACK-001,EVT-041974,INCLUDES
ATTACK-001,EVT-041975,INCLUDES
ATTACK-001,EVT-041976,INCLUDES
ATTACK-001,EVT-041977,INCLUDES
ATTACK-001,EVT-041978,INCLUDES
ATTACK-001,EVT-041979,INCLUDES
ATTACK-001,EVT-041980,INCLUDES
ATTACK-001,EVT-041981,INCLUDES
ATTACK-001,EVT-041982,INCLUDES
ATTACK-001,EVT-041983,INCLUDES
ATTACK-001,EVT-041984,INCLUDES
ATTACK-001,EVT-041985,INCLUDES
ATTACK-001,EVT-041986,INCLUDES
ATTACK-001,EVT-041987,INCLUDES
ATTACK-001,EVT-041988,INCLUDES
ATTACK-001,EVT-041989,INCLUDES
ATTACK-001,EVT-041990,INCLUDES
ATTACK-001,EVT-041991,INCLUDES
ATTACK-001,EVT-041992,INCLUDES
ATTACK-001,EVT-041993,INCLUDES
ATTACK-001,EVT-041994,INCLUDES
ATTACK-001,EVT-041995,INCLUDES
ATTACK-001,EVT-041996,INCLUDES
ATTACK-001,EVT-041997,INCLUDES
ATTACK-001,EVT-041998,INCLUDES
ATTACK-001,EVT-041999,INCLUDES
ATTACK-001,EVT-042000,INCLUDES
ATTACK-001,EVT-042001,INCLUDES
ATTACK-001,EVT-042002,INCLUDES
ATTACK-001,EVT-042003,INCLUDES
ATTACK-001,EVT-042004,INCLUDES
ATTACK-001,EVT-042005,INCLUDES
ATTACK-001,EVT-042006,INCLUDES
ATTACK-001,EVT-042007,INCLUDES
ATTACK-001,EVT-042008,INCLUDES
ATTACK-001,EVT-042009,INCLUDES
ATTACK-001,EVT-042010,INCLUDES
ATTACK-001,EVT-042011,INCLUDES
ATTACK-001,EVT-042012,INCLUDES
ATTACK-001,EVT-042013,INCLUDES
ATTACK-001,EVT-042014,INCLUDES
ATTACK-001,EVT-042015,INCLUDES
ATTACK-001,EVT-042016,INCLUDES
ATTACK-001,EVT-042017,INCLUDES
ATTACK-001,EVT-042018,INCLUDES
ATTACK-001,EVT-042019,INCLUDES
ATTACK-001,EVT-042020,INCLUDES
ATTACK-001,EVT-042021,INCLUDES
ATTACK-001,EVT-042022,INCLUDES
ATTACK-001,EVT-042023,INCLUDES
ATTACK-001,EVT-042024,INCLUDES
ATTACK-001,EVT-042025,INCLUDES
ATTACK-001,EVT-042026,INCLUDES
ATTACK-001,EVT-042027,INCLUDES
ATTACK-001,EVT-042028,INCLUDES
ATTACK-001,EVT-042029,INCLUDES
ATTACK-001,EVT-042030,INCLUDES
ATTACK-001,EVT-042031,INCLUDES
ATTACK-001,EVT-042032,INCLUDES
ATTACK-001,EVT-042033,INCLUDES
ATTACK-001,EVT-042034,INCLUDES
ATTACK-001,EVT-042035,INCLUDES
ATTACK-001,EVT-042036,INCLUDES
ATTACK-001,EVT-042037,INCLUDES
ATTACK-001,EVT-042038,INCLUDES
ATTACK-001,EVT-042039,INCLUDES
ATTACK-001,EVT-042040,INCLUDES
ATTACK-001,EVT-042041,INCLUDES
ATTACK-001,EVT-042042,INCLUDES
ATTACK-001,EVT-042043,INCLUDES
ATTACK-001,EVT-042044,INCLUDES
ATTACK-001,EVT-042045,INCLUDES
ATTACK-001,EVT-042046,INCLUDES
ATTACK-001,EVT-042047,INCLUDES
ATTACK-001,EVT-042048,INCLUDES
ATTACK-001,EVT-042049,INCLUDES
ATTACK-001,EVT-042050,INCLUDES
ATTACK-001,EVT-042051,INCLUDES
ATTACK-001,EVT-042052,INCLUDES
ATTACK-001,EVT-042053,INCLUDES
ATTACK-001,EVT-042054,INCLUDES
ATTACK-001,EVT-042055,INCLUDES
ATTACK-001,EVT-042056,INCLUDES
ATTACK-001,EVT-042057,INCLUDES
ATTACK-001,EVT-042058,INCLUDES
ATTACK-001,EVT-042059,INCLUDES
ATTACK-001,EVT-042060,INCLUDES
ATTACK-001,EVT-042061,INCLUDES
ATTACK-001,EVT-042062,INCLUDES
ATTACK-001,EVT-042063,INCLUDES
ATTACK-001,EVT-042064,INCLUDES
ATTACK-001,EVT-042065,INCLUDES
ATTACK-001,EVT-042066,INCLUDES
ATTACK-001,EVT-042067,INCLUDES
ATTACK-001,EVT-042068,INCLUDES
ATTACK-001,EVT-042069,INCLUDES
ATTACK-001,EVT-042070,INCLUDES
ATTACK-001,EVT-042071,INCLUDES
ATTACK-001,EVT-042072,INCLUDES
ATTACK-001,EVT-042073,INCLUDES
ATTACK-001,EVT-042074,INCLUDES
ATTACK-001,EVT-042075,INCLUDES
ATTACK-001,EVT-042076,INCLUDES
ATTACK-001,EVT-042077,INCLUDES
ATTACK-001,EVT-042078,INCLUDES
ATTACK-001,EVT-042079,INCLUDES
ATTACK-001,EVT-042080,INCLUDES
ATTACK-001,EVT-042081,INCLUDES
ATTACK-001,EVT-042082,INCLUDES
ATTACK-001,EVT-042083,INCLUDES
ATTACK-001,EVT-042084,INCLUDES
ATTACK-001,EVT-042085,INCLUDES
ATTACK-001,EVT-042086,INCLUDES
ATTACK-001,EVT-042087,INCLUDES
ATTACK-001,EVT-042088,INCLUDES
ATTACK-001,EVT-042089,INCLUDES
ATTACK-001,EVT-042090,INCLUDES
ATTACK-001,EVT-042091,INCLUDES
ATTACK-001,EVT-042092,INCLUDES
ATTACK-001,EVT-042093,INCLUDES
ATTACK-001,EVT-042094,INCLUDES
ATTACK-001,EVT-042095,INCLUDES
ATTACK-001,EVT-042096,INCLUDES
ATTACK-001,EVT-042097,INCLUDES
ATTACK-001,EVT-042098,INCLUDES
ATTACK-001,EVT-042099,INCLUDES
ATTACK-001,EVT-042100,INCLUDES
ATTACK-001,EVT-042101,INCLUDES
ATTACK-001,EVT-042102,INCLUDES
ATTACK-001,EVT-042103,INCLUDES
ATTACK-001,EVT-042104,INCLUDES
ATTACK-001,EVT-042105,INCLUDES
ATTACK-001,EVT-042106,INCLUDES
ATTACK-001,EVT-042107,INCLUDES
ATTACK-001,EVT-042108,INCLUDES
ATTACK-001,EVT-042109,INCLUDES
ATTACK-001,EVT-042110,INCLUDES
ATTACK-001,EVT-042111,INCLUDES
ATTACK-001,EVT-042112,INCLUDES
ATTACK-001,EVT-042113,INCLUDES
ATTACK-001,EVT-042114,INCLUDES
ATTACK-001,EVT-042115,INCLUDES
ATTACK-001,EVT-042116,INCLUDES
ATTACK-001,EVT-042117,INCLUDES
ATTACK-001,EVT-042118,INCLUDES
ATTACK-001,EVT-042119,INCLUDES
ATTACK-001,EVT-042120,INCLUDES
ATTACK-001,EVT-042121,INCLUDES
ATTACK-001,EVT-042122,INCLUDES
ATTACK-001,EVT-042123,INCLUDES
ATTACK-001,EVT-042124,INCLUDES
ATTACK-001,EVT-042125,INCLUDES
ATTACK-001,EVT-042126,INCLUDES
ATTACK-001,EVT-042127,INCLUDES
ATTACK-001,EVT-042128,INCLUDES
ATTACK-001,EVT-042129,INCLUDES
ATTACK-001,EVT-042130,INCLUDES
ATTACK-001,EVT-042131,INCLUDES
ATTACK-001,EVT-042132,INCLUDES
ATTACK-001,EVT-042133,INCLUDES
ATTACK-001,EVT-042134,INCLUDES
ATTACK-001,EVT-042135,INCLUDES
ATTACK-001,EVT-042136,INCLUDES
ATTACK-001,EVT-042137,INCLUDES
ATTACK-001,EVT-042138,INCLUDES
ATTACK-001,EVT-042139,INCLUDES
ATTACK-001,EVT-042140,INCLUDES
ATTACK-001,EVT-042141,INCLUDES
ATTACK-001,EVT-042142,INCLUDES
ATTACK-001,EVT-042143,INCLUDES
ATTACK-001,EVT-042144,INCLUDES
ATTACK-001,EVT-042145,INCLUDES
ATTACK-001,EVT-042146,INCLUDES
ATTACK-001,EVT-042147,INCLUDES
ATTACK-001,EVT-042148,INCLUDES
ATTACK-001,EVT-042149,INCLUDES
ATTACK-001,EVT-042150,INCLUDES
ATTACK-001,EVT-042151,INCLUDES
ATTACK-001,EVT-042152,INCLUDES
ATTACK-001,EVT-042153,INCLUDES
ATTACK-001,EVT-042154,INCLUDES
ATTACK-001,EVT-042155,INCLUDES
ATTACK-001,EVT-042156,INCLUDES
ATTACK-001,EVT-042157,INCLUDES
ATTACK-001,EVT-042158,INCLUDES
ATTACK-001,EVT-042159,INCLUDES
ATTACK-001,EVT-042160,INCLUDES
ATTACK-001,EVT-042161,INCLUDES
ATTACK-001,EVT-042162,INCLUDES
ATTACK-001,EVT-042163,INCLUDES
ATTACK-001,EVT-042164,INCLUDES
ATTACK-001,EVT-042165,INCLUDES
ATTACK-001,EVT-042166,INCLUDES
ATTACK-001,EVT-042167,INCLUDES
ATTACK-001,EVT-042168,INCLUDES
ATTACK-001,EVT-042169,INCLUDES
ATTACK-001,EVT-042170,INCLUDES
ATTACK-001,EVT-042171,INCLUDES
ATTACK-001,EVT-042172,INCLUDES
ATTACK-001,EVT-042173,INCLUDES
ATTACK-001,EVT-042174,INCLUDES
ATTACK-001,EVT-042175,INCLUDES
ATTACK-001,EVT-042176,INCLUDES
ATTACK-001,EVT-042177,INCLUDES
ATTACK-001,EVT-042178,INCLUDES
ATTACK-001,EVT-042179,INCLUDES
ATTACK-001,EVT-042180,INCLUDES
ATTACK-001,EVT-042181,INCLUDES
ATTACK-001,EVT-042182,INCLUDES
ATTACK-001,EVT-042183,INCLUDES
ATTACK-001,EVT-042184,INCLUDES
ATTACK-001,EVT-042185,INCLUDES
ATTACK-001,EVT-042186,INCLUDES
ATTACK-001,EVT-042187,INCLUDES
ATTACK-001,EVT-042188,INCLUDES
ATTACK-001,EVT-042189,INCLUDES
ATTACK-001,EVT-042190,INCLUDES
ATTACK-001,EVT-042191,INCLUDES
ATTACK-001,EVT-042192,INCLUDES
ATTACK-001,EVT-042193,INCLUDES
ATTACK-001,EVT-042194,INCLUDES
ATTACK-001,EVT-042195,INCLUDES
ATTACK-001,EVT-042196,INCLUDES
ATTACK-001,EVT-042197,INCLUDES
ATTACK-001,EVT-042198,INCLUDES
ATTACK-001,EVT-042199,INCLUDES
ATTACK-001,EVT-042200,INCLUDES
ATTACK-001,EVT-042201,INCLUDES
ATTACK-001,EVT-042202,INCLUDES
ATTACK-001,EVT-042203,INCLUDES
ATTACK-001,EVT-042204,INCLUDES
ATTACK-001,EVT-042205,INCLUDES
ATTACK-001,EVT-042206,INCLUDES
ATTACK-001,EVT-042207,INCLUDES
ATTACK-001,EVT-042208,INCLUDES
ATTACK-001,EVT-042209,INCLUDES
ATTACK-001,EVT-042210,INCLUDES
ATTACK-001,EVT-042211,INCLUDES
ATTACK-001,EVT-042212,INCLUDES
ATTACK-001,EVT-042213,INCLUDES
ATTACK-001,EVT-042214,INCLUDES
ATTACK-001,EVT-042215,INCLUDES
ATTACK-001,EVT-042216,INCLUDES
ATTACK-001,EVT-042217,INCLUDES
ATTACK-001,EVT-042218,INCLUDES
ATTACK-001,EVT-042219,INCLUDES
ATTACK-001,EVT-042220,INCLUDES
ATTACK-001,EVT-042221,INCLUDES
ATTACK-001,EVT-042222,INCLUDES
ATTACK-001,EVT-042223,INCLUDES
ATTACK-001,EVT-042224,INCLUDES
ATTACK-001,EVT-042225,INCLUDES
ATTACK-001,EVT-042226,INCLUDES
ATTACK-001,EVT-042227,INCLUDES
ATTACK-001,EVT-042228,INCLUDES
ATTACK-001,EVT-042229,INCLUDES
ATTACK-001,EVT-042230,INCLUDES
ATTACK-001,EVT-042231,INCLUDES
ATTACK-001,EVT-042232,INCLUDES
ATTACK-001,EVT-042233,INCLUDES
ATTACK-001,EVT-042234,INCLUDES
ATTACK-001,EVT-042235,INCLUDES
ATTACK-001,EVT-042236,INCLUDES
ATTACK-001,EVT-042237,INCLUDES
ATTACK-001,EVT-042238,INCLUDES
ATTACK-001,EVT-042239,INCLUDES
ATTACK-001,EVT-042240,INCLUDES
ATTACK-001,EVT-042241,INCLUDES
ATTACK-001,EVT-042242,INCLUDES
ATTACK-001,EVT-042243,INCLUDES
ATTACK-001,EVT-042244,INCLUDES
ATTACK-001,EVT-042245,INCLUDES
ATTACK-001,EVT-042246,INCLUDES
ATTACK-001,EVT-042247,INCLUDES
ATTACK-001,EVT-042248,INCLUDES
ATTACK-001,EVT-042249,INCLUDES
ATTACK-001,EVT-042250,INCLUDES
ATTACK-001,EVT-042251,INCLUDES
ATTACK-001,EVT-042252,INCLUDES
ATTACK-001,EVT-042253,INCLUDES
ATTACK-001,EVT-042254,INCLUDES
ATTACK-001,EVT-042255,INCLUDES
ATTACK-001,EVT-042256,INCLUDES
ATTACK-001,EVT-042257,INCLUDES
ATTACK-001,EVT-042258,INCLUDES
ATTACK-001,EVT-042259,INCLUDES
ATTACK-001,EVT-042260,INCLUDES
ATTACK-001,EVT-042261,INCLUDES
ATTACK-001,EVT-042262,INCLUDES
ATTACK-001,EVT-042263,INCLUDES
ATTACK-001,EVT-042264,INCLUDES
ATTACK-001,EVT-042265,INCLUDES
ATTACK-001,EVT-042266,INCLUDES
ATTACK-001,EVT-042267,INCLUDES
ATTACK-001,EVT-042268,INCLUDES
ATTACK-001,EVT-042269,INCLUDES
ATTACK-001,EVT-042270,INCLUDES
ATTACK-001,EVT-042271,INCLUDES
ATTACK-001,EVT-042272,INCLUDES
ATTACK-001,EVT-042273,INCLUDES
ATTACK-001,EVT-042274,INCLUDES
ATTACK-001,EVT-042275,INCLUDES
ATTACK-001,EVT-042276,INCLUDES
ATTACK-001,EVT-042277,INCLUDES
ATTACK-001,EVT-042278,INCLUDES
ATTACK-001,EVT-042279,INCLUDES
ATTACK-001,EVT-042280,INCLUDES
ATTACK-001,EVT-042281,INCLUDES
ATTACK-001,EVT-042282,INCLUDES
ATTACK-001,EVT-042283,INCLUDES
ATTACK-001,EVT-042284,INCLUDES
ATTACK-001,EVT-042285,INCLUDES
ATTACK-001,EVT-042286,INCLUDES
ATTACK-001,EVT-042287,INCLUDES
ATTACK-001,EVT-042288,INCLUDES
ATTACK-001,EVT-042289,INCLUDES
ATTACK-001,EVT-042290,INCLUDES
ATTACK-001,EVT-042291,INCLUDES
ATTACK-001,EVT-042292,INCLUDES
ATTACK-001,EVT-042293,INCLUDES
ATTACK-001,EVT-042294,INCLUDES
ATTACK-001,EVT-042295,INCLUDES
ATTACK-001,EVT-042296,INCLUDES
ATTACK-001,EVT-042297,INCLUDES
ATTACK-001,EVT-042298,INCLUDES
ATTACK-001,EVT-042299,INCLUDES
ATTACK-001,EVT-042300,INCLUDES
ATTACK-001,EVT-042301,INCLUDES
ATTACK-001,EVT-042302,INCLUDES
ATTACK-001,EVT-042303,INCLUDES
ATTACK-001,EVT-042304,INCLUDES
ATTACK-001,EVT-042305,INCLUDES
ATTACK-001,EVT-042306,INCLUDES
ATTACK-001,EVT-042307,INCLUDES
ATTACK-001,EVT-042308,INCLUDES
ATTACK-001,EVT-042309,INCLUDES
ATTACK-001,EVT-042310,INCLUDES
ATTACK-001,EVT-042311,INCLUDES
ATTACK-001,EVT-042312,INCLUDES
ATTACK-001,EVT-042313,INCLUDES
ATTACK-001,EVT-042314,INCLUDES
ATTACK-001,EVT-042315,INCLUDES
ATTACK-001,EVT-042316,INCLUDES
ATTACK-001,EVT-042317,INCLUDES
ATTACK-001,EVT-042318,INCLUDES
ATTACK-001,EVT-042319,INCLUDES
ATTACK-001,EVT-042320,INCLUDES
ATTACK-001,EVT-042321,INCLUDES
ATTACK-001,EVT-042322,INCLUDES
ATTACK-001,EVT-042323,INCLUDES
ATTACK-001,EVT-042324,INCLUDES
ATTACK-001,EVT-042325,INCLUDES
ATTACK-001,EVT-042326,INCLUDES
ATTACK-001,EVT-042327,INCLUDES
ATTACK-001,EVT-042328,INCLUDES
ATTACK-001,EVT-042329,INCLUDES
ATTACK-001,EVT-042330,INCLUDES
ATTACK-001,EVT-042331,INCLUDES
ATTACK-001,EVT-042332,INCLUDES
ATTACK-001,EVT-042333,INCLUDES
ATTACK-001,EVT-042334,INCLUDES
ATTACK-001,EVT-042335,INCLUDES
ATTACK-001,EVT-042336,INCLUDES
ATTACK-001,EVT-042337,INCLUDES
ATTACK-001,EVT-042338,INCLUDES
ATTACK-001,EVT-042339,INCLUDES
ATTACK-001,EVT-042340,INCLUDES
ATTACK-001,EVT-042341,INCLUDES
ATTACK-001,EVT-042342,INCLUDES
ATTACK-001,EVT-042343,INCLUDES
ATTACK-001,EVT-042344,INCLUDES
ATTACK-001,EVT-042345,INCLUDES
ATTACK-001,EVT-042346,INCLUDES
ATTACK-001,EVT-042347,INCLUDES
ATTACK-001,EVT-042348,INCLUDES
ATTACK-001,EVT-042349,INCLUDES
ATTACK-001,EVT-042350,INCLUDES
ATTACK-001,EVT-042351,INCLUDES
ATTACK-001,EVT-042352,INCLUDES
ATTACK-001,EVT-042353,INCLUDES
ATTACK-001,EVT-042354,INCLUDES
ATTACK-001,EVT-042355,INCLUDES
ATTACK-001,EVT-042356,INCLUDES
ATTACK-001,EVT-042357,INCLUDES
ATTACK-001,EVT-042358,INCLUDES
ATTACK-001,EVT-042359,INCLUDES
ATTACK-001,EVT-042360,INCLUDES
ATTACK-001,EVT-042361,INCLUDES
ATTACK-001,EVT-042362,INCLUDES
ATTACK-001,EVT-042363,INCLUDES
ATTACK-001,EVT-042364,INCLUDES
ATTACK-001,EVT-042365,INCLUDES
ATTACK-001,EVT-042366,INCLUDES
ATTACK-001,EVT-042367,INCLUDES
ATTACK-001,EVT-042368,INCLUDES
ATTACK-001,EVT-042369,INCLUDES
ATTACK-001,EVT-042370,INCLUDES
ATTACK-001,EVT-042371,INCLUDES
ATTACK-001,EVT-042372,INCLUDES
ATTACK-001,EVT-042373,INCLUDES
ATTACK-001,EVT-042374,INCLUDES
ATTACK-001,EVT-042375,INCLUDES
ATTACK-001,EVT-042376,INCLUDES
ATTACK-001,EVT-042377,INCLUDES
ATTACK-001,EVT-042378,INCLUDES
ATTACK-001,EVT-042379,INCLUDES
ATTACK-001,EVT-042380,INCLUDES
ATTACK-001,EVT-042381,INCLUDES
ATTACK-001,EVT-042382,INCLUDES
ATTACK-001,EVT-042383,INCLUDES
ATTACK-001,EVT-042384,INCLUDES
ATTACK-001,EVT-042385,INCLUDES
ATTACK-001,EVT-042386,INCLUDES
ATTACK-001,EVT-042387,INCLUDES
ATTACK-001,EVT-042388,INCLUDES
ATTACK-001,EVT-042389,INCLUDES
ATTACK-001,EVT-042390,INCLUDES
ATTACK-001,EVT-042391,INCLUDES
ATTACK-001,EVT-042392,INCLUDES
ATTACK-001,EVT-042393,INCLUDES
ATTACK-001,EVT-042394,INCLUDES
ATTACK-001,EVT-042395,INCLUDES
ATTACK-001,EVT-042396,INCLUDES
ATTACK-001,EVT-042397,INCLUDES
ATTACK-001,EVT-042398,INCLUDES
ATTACK-001,EVT-042399,INCLUDES
ATTACK-001,EVT-042400,INCLUDES
ATTACK-001,EVT-042401,INCLUDES
ATTACK-001,EVT-042402,INCLUDES
ATTACK-001,EVT-042403,INCLUDES
ATTACK-001,EVT-042404,INCLUDES
ATTACK-001,EVT-042405,INCLUDES
ATTACK-001,EVT-042406,INCLUDES
ATTACK-001,EVT-042407,INCLUDES
ATTACK-001,EVT-042408,INCLUDES
ATTACK-001,EVT-042409,INCLUDES
ATTACK-001,EVT-042410,INCLUDES
ATTACK-001,EVT-042411,INCLUDES
ATTACK-001,EVT-042412,INCLUDES
ATTACK-001,EVT-042413,INCLUDES
ATTACK-001,EVT-042414,INCLUDES
ATTACK-001,EVT-042415,INCLUDES
ATTACK-001,EVT-042416,INCLUDES
ATTACK-001,EVT-042417,INCLUDES
ATTACK-001,EVT-042418,INCLUDES
ATTACK-001,EVT-042419,INCLUDES
ATTACK-001,EVT-042420,INCLUDES
ATTACK-001,EVT-042421,INCLUDES
ATTACK-001,EVT-042422,INCLUDES
ATTACK-001,EVT-042423,INCLUDES
ATTACK-001,EVT-042424,INCLUDES
ATTACK-001,EVT-042425,INCLUDES
ATTACK-001,EVT-042426,INCLUDES
ATTACK-001,EVT-042427,INCLUDES
ATTACK-001,EVT-042428,INCLUDES
ATTACK-001,EVT-042429,INCLUDES
ATTACK-001,EVT-042430,INCLUDES
ATTACK-001,EVT-042431,INCLUDES
ATTACK-001,EVT-042432,INCLUDES
ATTACK-001,EVT-042433,INCLUDES
ATTACK-001,EVT-042434,INCLUDES
ATTACK-001,EVT-042435,INCLUDES
ATTACK-001,EVT-042436,INCLUDES
ATTACK-001,EVT-042437,INCLUDES
ATTACK-001,EVT-042438,INCLUDES
ATTACK-001,EVT-042439,INCLUDES
ATTACK-001,EVT-042440,INCLUDES
ATTACK-001,EVT-042441,INCLUDES
ATTACK-001,EVT-042442,INCLUDES
ATTACK-001,EVT-042443,INCLUDES
ATTACK-001,EVT-042444,INCLUDES
ATTACK-001,EVT-042445,INCLUDES
ATTACK-001,EVT-042446,INCLUDES
ATTACK-001,EVT-042447,INCLUDES
ATTACK-001,EVT-042448,INCLUDES
ATTACK-001,EVT-042449,INCLUDES
ATTACK-001,EVT-042450,INCLUDES
ATTACK-001,EVT-042451,INCLUDES
ATTACK-001,EVT-042452,INCLUDES
ATTACK-001,EVT-042453,INCLUDES
ATTACK-001,EVT-042454,INCLUDES
ATTACK-001,EVT-042455,INCLUDES
ATTACK-001,EVT-042456,INCLUDES
ATTACK-001,EVT-042457,INCLUDES
ATTACK-001,EVT-042458,INCLUDES
ATTACK-001,EVT-042459,INCLUDES
ATTACK-001,EVT-042460,INCLUDES
ATTACK-001,EVT-042461,INCLUDES
ATTACK-001,EVT-042462,INCLUDES
ATTACK-001,EVT-042463,INCLUDES
ATTACK-001,EVT-042464,INCLUDES
ATTACK-001,EVT-042465,INCLUDES
ATTACK-001,EVT-042466,INCLUDES
ATTACK-001,EVT-042467,INCLUDES
ATTACK-001,EVT-042468,INCLUDES
ATTACK-001,EVT-042469,INCLUDES
ATTACK-001,EVT-042470,INCLUDES
ATTACK-001,EVT-042471,INCLUDES
ATTACK-001,EVT-042472,INCLUDES
ATTACK-001,EVT-042473,INCLUDES
ATTACK-001,EVT-042474,INCLUDES
ATTACK-001,EVT-042475,INCLUDES
ATTACK-001,EVT-042476,INCLUDES
ATTACK-001,EVT-042477,INCLUDES
ATTACK-001,EVT-042478,INCLUDES
ATTACK-001,EVT-042479,INCLUDES
ATTACK-001,EVT-042480,INCLUDES
ATTACK-001,EVT-042481,INCLUDES
ATTACK-001,EVT-042482,INCLUDES
ATTACK-001,EVT-042483,INCLUDES
ATTACK-001,EVT-042484,INCLUDES
ATTACK-001,EVT-042485,INCLUDES
ATTACK-001,EVT-042486,INCLUDES
ATTACK-001,EVT-042487,INCLUDES
ATTACK-001,EVT-042488,INCLUDES
ATTACK-001,EVT-042489,INCLUDES
ATTACK-001,EVT-042490,INCLUDES
ATTACK-001,EVT-042491,INCLUDES
ATTACK-001,EVT-042492,INCLUDES
ATTACK-001,EVT-042493,INCLUDES
ATTACK-001,EVT-042494,INCLUDES
ATTACK-001,EVT-042495,INCLUDES
ATTACK-001,EVT-042496,INCLUDES
ATTACK-001,EVT-042497,INCLUDES
ATTACK-001,EVT-042498,INCLUDES
ATTACK-001,EVT-042499,INCLUDES
ATTACK-001,EVT-042500,INCLUDES
ATTACK-001,EVT-042501,INCLUDES
ATTACK-001,EVT-042502,INCLUDES
ATTACK-001,EVT-042503,INCLUDES
ATTACK-001,EVT-042504,INCLUDES
ATTACK-001,EVT-042505,INCLUDES
ATTACK-001,EVT-042506,INCLUDES
ATTACK-001,EVT-042507,INCLUDES
ATTACK-001,EVT-042508,INCLUDES
ATTACK-001,EVT-042509,INCLUDES
ATTACK-001,EVT-042510,INCLUDES
ATTACK-001,EVT-042511,INCLUDES
ATTACK-001,EVT-042512,INCLUDES
ATTACK-001,EVT-042513,INCLUDES
ATTACK-001,EVT-042514,INCLUDES
ATTACK-001,EVT-042515,INCLUDES
ATTACK-001,EVT-042516,INCLUDES
ATTACK-001,EVT-042517,INCLUDES
ATTACK-001,EVT-042518,INCLUDES
ATTACK-001,EVT-042519,INCLUDES
ATTACK-001,EVT-042520,INCLUDES
ATTACK-001,EVT-042521,INCLUDES
ATTACK-001,EVT-042522,INCLUDES
ATTACK-001,EVT-042523,INCLUDES
ATTACK-001,EVT-042524,INCLUDES
ATTACK-001,EVT-042525,INCLUDES
ATTACK-001,EVT-042526,INCLUDES
ATTACK-001,EVT-042527,INCLUDES
ATTACK-001,EVT-042528,INCLUDES
ATTACK-001,EVT-042529,INCLUDES
ATTACK-001,EVT-042530,INCLUDES
ATTACK-001,EVT-042531,INCLUDES
ATTACK-001,EVT-042532,INCLUDES
ATTACK-001,EVT-042533,INCLUDES
ATTACK-001,EVT-042534,INCLUDES
ATTACK-001,EVT-042535,INCLUDES
ATTACK-001,EVT-042536,INCLUDES
ATTACK-001,EVT-042537,INCLUDES
ATTACK-001,EVT-042538,INCLUDES
ATTACK-001,EVT-042539,INCLUDES
ATTACK-001,EVT-042540,INCLUDES
ATTACK-001,EVT-042541,INCLUDES
ATTACK-001,EVT-042542,INCLUDES
ATTACK-001,EVT-042543,INCLUDES
ATTACK-001,EVT-042544,INCLUDES
ATTACK-001,EVT-042545,INCLUDES
ATTACK-001,EVT-042546,INCLUDES
ATTACK-001,EVT-042547,INCLUDES
ATTACK-001,EVT-042548,INCLUDES
ATTACK-001,EVT-042549,INCLUDES
ATTACK-001,EVT-042550,INCLUDES
ATTACK-001,EVT-042551,INCLUDES
ATTACK-001,EVT-042552,INCLUDES
ATTACK-001,EVT-042553,INCLUDES
ATTACK-001,EVT-042554,INCLUDES
ATTACK-001,EVT-042555,INCLUDES
ATTACK-001,EVT-042556,INCLUDES
ATTACK-001,EVT-042557,INCLUDES
ATTACK-001,EVT-042558,INCLUDES
ATTACK-001,EVT-042559,INCLUDES
ATTACK-001,EVT-042560,INCLUDES
ATTACK-001,EVT-042561,INCLUDES
ATTACK-001,EVT-042562,INCLUDES
ATTACK-001,EVT-042563,INCLUDES
ATTACK-001,EVT-042564,INCLUDES
ATTACK-001,EVT-042565,INCLUDES
ATTACK-001,EVT-042566,INCLUDES
ATTACK-001,EVT-042567,INCLUDES
ATTACK-001,EVT-042568,INCLUDES
ATTACK-001,EVT-042569,INCLUDES
ATTACK-001,EVT-042570,INCLUDES
ATTACK-001,EVT-042571,INCLUDES
ATTACK-001,EVT-042572,INCLUDES
ATTACK-001,EVT-042573,INCLUDES
ATTACK-001,EVT-042574,INCLUDES
ATTACK-001,EVT-042575,INCLUDES
ATTACK-001,EVT-042576,INCLUDES
ATTACK-001,EVT-042577,INCLUDES
ATTACK-001,EVT-042578,INCLUDES
ATTACK-001,EVT-042579,INCLUDES
ATTACK-001,EVT-042580,INCLUDES
ATTACK-001,EVT-042581,INCLUDES
ATTACK-001,EVT-042582,INCLUDES
ATTACK-001,EVT-042583,INCLUDES
ATTACK-001,EVT-042584,INCLUDES
ATTACK-001,EVT-042585,INCLUDES
ATTACK-001,EVT-042586,INCLUDES
ATTACK-001,EVT-042587,INCLUDES
ATTACK-001,EVT-042588,INCLUDES
ATTACK-001,EVT-042589,INCLUDES
ATTACK-001,EVT-042590,INCLUDES
ATTACK-001,EVT-042591,INCLUDES
ATTACK-001,EVT-042592,INCLUDES
ATTACK-001,EVT-042593,INCLUDES
ATTACK-001,EVT-042594,INCLUDES
ATTACK-001,EVT-042595,INCLUDES
ATTACK-001,EVT-042596,INCLUDES
ATTACK-001,EVT-042597,INCLUDES
ATTACK-001,EVT-042598,INCLUDES
ATTACK-001,EVT-042599,INCLUDES
ATTACK-001,EVT-042600,INCLUDES
ATTACK-001,EVT-042601,INCLUDES
ATTACK-001,EVT-042602,INCLUDES
ATTACK-001,EVT-042603,INCLUDES
ATTACK-001,EVT-042604,INCLUDES
ATTACK-001,EVT-042605,INCLUDES
ATTACK-001,EVT-042606,INCLUDES
ATTACK-001,EVT-042607,INCLUDES
ATTACK-001,EVT-042608,INCLUDES
ATTACK-001,EVT-042609,INCLUDES
ATTACK-001,EVT-042610,INCLUDES
ATTACK-001,EVT-042611,INCLUDES
ATTACK-001,EVT-042612,INCLUDES
ATTACK-001,EVT-042613,INCLUDES
ATTACK-001,EVT-042614,INCLUDES
ATTACK-001,EVT-042615,INCLUDES
ATTACK-001,EVT-042616,INCLUDES
ATTACK-001,EVT-042617,INCLUDES
ATTACK-001,EVT-042618,INCLUDES
ATTACK-001,EVT-042619,INCLUDES
ATTACK-001,EVT-042620,INCLUDES
ATTACK-001,EVT-042621,INCLUDES
ATTACK-001,EVT-042622,INCLUDES
ATTACK-001,EVT-042623,INCLUDES
ATTACK-001,EVT-042624,INCLUDES
ATTACK-001,EVT-042625,INCLUDES
ATTACK-001,EVT-042626,INCLUDES
ATTACK-001,EVT-042627,INCLUDES
ATTACK-001,EVT-042628,INCLUDES
ATTACK-001,EVT-042629,INCLUDES
ATTACK-001,EVT-042630,INCLUDES
ATTACK-001,EVT-042631,INCLUDES
ATTACK-001,EVT-042632,INCLUDES
ATTACK-001,EVT-042633,INCLUDES
ATTACK-001,EVT-042634,INCLUDES
ATTACK-001,EVT-042635,INCLUDES
ATTACK-001,EVT-042636,INCLUDES
ATTACK-001,EVT-042637,INCLUDES
ATTACK-001,EVT-042638,INCLUDES
ATTACK-001,EVT-042639,INCLUDES
ATTACK-001,EVT-042640,INCLUDES
ATTACK-001,EVT-042641,INCLUDES
ATTACK-001,EVT-042642,INCLUDES
ATTACK-001,EVT-042643,INCLUDES
ATTACK-001,EVT-042644,INCLUDES
ATTACK-001,EVT-042645,INCLUDES
ATTACK-001,EVT-042646,INCLUDES
ATTACK-001,EVT-042647,INCLUDES
ATTACK-001,EVT-042648,INCLUDES
ATTACK-001,EVT-042649,INCLUDES
ATTACK-001,EVT-042650,INCLUDES
ATTACK-001,EVT-042651,INCLUDES
ATTACK-001,EVT-042652,INCLUDES
ATTACK-001,EVT-042653,INCLUDES
ATTACK-001,EVT-042654,INCLUDES
ATTACK-001,EVT-042655,INCLUDES
ATTACK-001,EVT-042656,INCLUDES
ATTACK-001,EVT-042657,INCLUDES
ATTACK-001,EVT-042658,INCLUDES
ATTACK-001,EVT-042659,INCLUDES
ATTACK-001,EVT-042660,INCLUDES
ATTACK-001,EVT-042661,INCLUDES
ATTACK-001,EVT-042662,INCLUDES
ATTACK-001,EVT-042663,INCLUDES
ATTACK-001,EVT-042664,INCLUDES
ATTACK-001,EVT-042665,INCLUDES
ATTACK-001,EVT-042666,INCLUDES
ATTACK-001,EVT-042667,INCLUDES
ATTACK-001,EVT-042668,INCLUDES
ATTACK-001,EVT-042669,INCLUDES
ATTACK-001,EVT-042670,INCLUDES
ATTACK-001,EVT-042671,INCLUDES
ATTACK-001,EVT-042672,INCLUDES
ATTACK-001,EVT-042673,INCLUDES
ATTACK-001,EVT-042674,INCLUDES
ATTACK-001,EVT-042675,INCLUDES
ATTACK-001,EVT-042676,INCLUDES
ATTACK-001,EVT-042677,INCLUDES
ATTACK-001,EVT-042678,INCLUDES
ATTACK-001,EVT-042679,INCLUDES
ATTACK-001,EVT-042680,INCLUDES
ATTACK-001,EVT-042681,INCLUDES
ATTACK-001,EVT-042682,INCLUDES
ATTACK-001,EVT-042683,INCLUDES
ATTACK-001,EVT-042684,INCLUDES
ATTACK-001,EVT-042685,INCLUDES
ATTACK-001,EVT-042686,INCLUDES
ATTACK-001,EVT-042687,INCLUDES
ATTACK-001,EVT-042688,INCLUDES
ATTACK-001,EVT-042689,INCLUDES
ATTACK-001,EVT-042690,INCLUDES
ATTACK-001,EVT-042691,INCLUDES
ATTACK-001,EVT-042692,INCLUDES
ATTACK-001,EVT-042693,INCLUDES
ATTACK-001,EVT-042694,INCLUDES
ATTACK-001,EVT-042695,INCLUDES
ATTACK-001,EVT-042696,INCLUDES
ATTACK-001,EVT-042697,INCLUDES
ATTACK-001,EVT-042698,INCLUDES
ATTACK-001,EVT-042699,INCLUDES
ATTACK-001,EVT-042700,INCLUDES
ATTACK-001,EVT-042701,INCLUDES
ATTACK-001,EVT-042702,INCLUDES
ATTACK-001,EVT-042703,INCLUDES
ATTACK-001,EVT-042704,INCLUDES
ATTACK-001,EVT-042705,INCLUDES
ATTACK-001,EVT-042706,INCLUDES
ATTACK-001,EVT-042707,INCLUDES
ATTACK-001,EVT-042708,INCLUDES
ATTACK-001,EVT-042709,INCLUDES
ATTACK-001,EVT-042710,INCLUDES
ATTACK-001,EVT-042711,INCLUDES
ATTACK-001,EVT-042712,INCLUDES
ATTACK-001,EVT-042713,INCLUDES
ATTACK-001,EVT-042714,INCLUDES
ATTACK-001,EVT-042715,INCLUDES
ATTACK-001,EVT-042716,INCLUDES
ATTACK-001,EVT-042717,INCLUDES
ATTACK-001,EVT-042718,INCLUDES
ATTACK-001,EVT-042719,INCLUDES
ATTACK-001,EVT-042720,INCLUDES
ATTACK-001,EVT-042721,INCLUDES
ATTACK-001,EVT-042722,INCLUDES
ATTACK-001,EVT-042723,INCLUDES
ATTACK-001,EVT-042724,INCLUDES
ATTACK-001,EVT-042725,INCLUDES
ATTACK-001,EVT-042726,INCLUDES
ATTACK-001,EVT-042727,INCLUDES
ATTACK-001,EVT-042728,INCLUDES
ATTACK-001,EVT-042729,INCLUDES
ATTACK-001,EVT-042730,INCLUDES
ATTACK-001,EVT-042731,INCLUDES
ATTACK-001,EVT-042732,INCLUDES
ATTACK-001,EVT-042733,INCLUDES
ATTACK-001,EVT-042734,INCLUDES
ATTACK-001,EVT-042735,INCLUDES
ATTACK-001,EVT-042736,INCLUDES
ATTACK-001,EVT-042737,INCLUDES
ATTACK-001,EVT-042738,INCLUDES
ATTACK-001,EVT-042739,INCLUDES
ATTACK-001,EVT-042740,INCLUDES
ATTACK-001,EVT-042741,INCLUDES
ATTACK-001,EVT-042742,INCLUDES
ATTACK-001,EVT-042743,INCLUDES
ATTACK-001,EVT-042744,INCLUDES
ATTACK-001,EVT-042745,INCLUDES
ATTACK-001,EVT-042746,INCLUDES
ATTACK-001,EVT-042747,INCLUDES
ATTACK-001,EVT-042748,INCLUDES
ATTACK-001,EVT-042749,INCLUDES
ATTACK-001,EVT-042750,INCLUDES
ATTACK-001,EVT-042751,INCLUDES
ATTACK-001,EVT-042752,INCLUDES
ATTACK-001,EVT-042753,INCLUDES
ATTACK-001,EVT-042754,INCLUDES
ATTACK-001,EVT-042755,INCLUDES
ATTACK-001,EVT-042756,INCLUDES
ATTACK-001,EVT-042757,INCLUDES
ATTACK-001,EVT-042758,INCLUDES
ATTACK-001,EVT-042759,INCLUDES
ATTACK-001,EVT-042760,INCLUDES
ATTACK-001,EVT-042761,INCLUDES
ATTACK-001,EVT-042762,INCLUDES
ATTACK-001,EVT-042763,INCLUDES
ATTACK-001,EVT-042764,INCLUDES
ATTACK-001,EVT-042765,INCLUDES
ATTACK-001,EVT-042766,INCLUDES
ATTACK-001,EVT-042767,INCLUDES
ATTACK-001,EVT-042768,INCLUDES
ATTACK-001,EVT-042769,INCLUDES
ATTACK-001,EVT-042770,INCLUDES
ATTACK-001,EVT-042771,INCLUDES
ATTACK-001,EVT-042772,INCLUDES
ATTACK-001,EVT-042773,INCLUDES
ATTACK-001,EVT-042774,INCLUDES
ATTACK-001,EVT-042775,INCLUDES
ATTACK-001,EVT-042776,INCLUDES
ATTACK-001,EVT-042777,INCLUDES
ATTACK-001,EVT-042778,INCLUDES
ATTACK-001,EVT-042779,INCLUDES
ATTACK-001,EVT-042780,INCLUDES
ATTACK-001,EVT-042781,INCLUDES
ATTACK-001,EVT-042782,INCLUDES
ATTACK-001,EVT-042783,INCLUDES
ATTACK-001,EVT-042784,INCLUDES
ATTACK-001,EVT-042785,INCLUDES
ATTACK-001,EVT-042786,INCLUDES
ATTACK-001,EVT-042787,INCLUDES
ATTACK-001,EVT-042788,INCLUDES
ATTACK-001,EVT-042789,INCLUDES
ATTACK-001,EVT-042790,INCLUDES
ATTACK-001,EVT-042791,INCLUDES
ATTACK-001,EVT-042792,INCLUDES
ATTACK-001,EVT-042793,INCLUDES
ATTACK-001,EVT-042794,INCLUDES
ATTACK-001,EVT-042795,INCLUDES
ATTACK-001,EVT-042796,INCLUDES
ATTACK-001,EVT-042797,INCLUDES
ATTACK-001,EVT-042798,INCLUDES
ATTACK-001,EVT-042799,INCLUDES
ATTACK-001,EVT-042800,INCLUDES
ATTACK-001,EVT-042801,INCLUDES
ATTACK-001,EVT-042802,INCLUDES
ATTACK-001,EVT-042803,INCLUDES
ATTACK-001,EVT-042804,INCLUDES
ATTACK-001,EVT-042805,INCLUDES
ATTACK-001,EVT-042806,INCLUDES
ATTACK-001,EVT-042807,INCLUDES
ATTACK-001,EVT-042808,INCLUDES
ATTACK-001,EVT-042809,INCLUDES
ATTACK-001,EVT-042810,INCLUDES
ATTACK-001,EVT-042811,INCLUDES
ATTACK-001,EVT-042812,INCLUDES
ATTACK-001,EVT-042813,INCLUDES
ATTACK-001,EVT-042814,INCLUDES
ATTACK-001,EVT-042815,INCLUDES
ATTACK-001,EVT-042816,INCLUDES
ATTACK-001,EVT-042817,INCLUDES
ATTACK-001,EVT-042818,INCLUDES
ATTACK-001,EVT-042819,INCLUDES
ATTACK-001,EVT-042820,INCLUDES
ATTACK-001,EVT-042821,INCLUDES
ATTACK-001,EVT-042822,INCLUDES
ATTACK-001,EVT-042823,INCLUDES
ATTACK-001,EVT-042824,INCLUDES
ATTACK-001,EVT-042825,INCLUDES
ATTACK-001,EVT-042826,INCLUDES
ATTACK-001,EVT-042827,INCLUDES
ATTACK-001,EVT-042828,INCLUDES
ATTACK-001,EVT-042829,INCLUDES
ATTACK-001,EVT-042830,INCLUDES
ATTACK-001,EVT-042831,INCLUDES
ATTACK-001,EVT-042832,INCLUDES
ATTACK-001,EVT-042833,INCLUDES
ATTACK-001,EVT-042834,INCLUDES
ATTACK-001,EVT-042835,INCLUDES
ATTACK-001,EVT-042836,INCLUDES
ATTACK-001,EVT-042837,INCLUDES
ATTACK-001,EVT-042838,INCLUDES
ATTACK-001,EVT-042839,INCLUDES
ATTACK-001,EVT-042840,INCLUDES
ATTACK-001,EVT-042841,INCLUDES
ATTACK-001,EVT-042842,INCLUDES
ATTACK-001,EVT-042843,INCLUDES
ATTACK-001,EVT-042844,INCLUDES
ATTACK-001,EVT-042845,INCLUDES
ATTACK-001,EVT-042846,INCLUDES
ATTACK-001,EVT-042847,INCLUDES
ATTACK-001,EVT-042848,INCLUDES
ATTACK-001,EVT-042849,INCLUDES
ATTACK-001,EVT-042850,INCLUDES
ATTACK-001,EVT-042851,INCLUDES
ATTACK-001,EVT-042852,INCLUDES
ATTACK-001,EVT-042853,INCLUDES
ATTACK-001,EVT-042854,INCLUDES
ATTACK-001,EVT-042855,INCLUDES
ATTACK-001,EVT-042856,INCLUDES
ATTACK-001,EVT-042857,INCLUDES
ATTACK-001,EVT-042858,INCLUDES
ATTACK-001,EVT-042859,INCLUDES
ATTACK-001,EVT-042860,INCLUDES
ATTACK-001,EVT-042861,INCLUDES
ATTACK-001,EVT-042862,INCLUDES
ATTACK-001,EVT-042863,INCLUDES
ATTACK-001,EVT-042864,INCLUDES
ATTACK-001,EVT-042865,INCLUDES
ATTACK-001,EVT-042866,INCLUDES
ATTACK-001,EVT-042867,INCLUDES
ATTACK-001,EVT-042868,INCLUDES
ATTACK-001,EVT-042869,INCLUDES
ATTACK-001,EVT-042870,INCLUDES
ATTACK-001,EVT-042871,INCLUDES
ATTACK-001,EVT-042872,INCLUDES
ATTACK-001,EVT-042873,INCLUDES
ATTACK-001,EVT-042874,INCLUDES
ATTACK-001,EVT-042875,INCLUDES
ATTACK-001,EVT-042876,INCLUDES
ATTACK-001,EVT-042877,INCLUDES
ATTACK-001,EVT-042878,INCLUDES
ATTACK-001,EVT-042879,INCLUDES
ATTACK-001,EVT-042880,INCLUDES
ATTACK-001,EVT-042881,INCLUDES
ATTACK-001,EVT-042882,INCLUDES
ATTACK-001,EVT-042883,INCLUDES
ATTACK-001,EVT-042884,INCLUDES
ATTACK-001,EVT-042885,INCLUDES
ATTACK-001,EVT-042886,INCLUDES
ATTACK-001,EVT-042887,INCLUDES
ATTACK-001,EVT-042888,INCLUDES
ATTACK-001,EVT-042889,INCLUDES
ATTACK-001,EVT-042890,INCLUDES
ATTACK-001,EVT-042891,INCLUDES
ATTACK-001,EVT-042892,INCLUDES
ATTACK-001,EVT-042893,INCLUDES
ATTACK-001,EVT-042894,INCLUDES
ATTACK-001,EVT-042895,INCLUDES
ATTACK-001,EVT-042896,INCLUDES
ATTACK-001,EVT-042897,INCLUDES
ATTACK-001,EVT-042898,INCLUDES
ATTACK-001,EVT-042899,INCLUDES
ATTACK-001,EVT-042900,INCLUDES
ATTACK-001,EVT-042901,INCLUDES
ATTACK-001,EVT-042902,INCLUDES
ATTACK-001,EVT-042903,INCLUDES
ATTACK-001,EVT-042904,INCLUDES
ATTACK-001,EVT-042905,INCLUDES
ATTACK-001,EVT-042906,INCLUDES
ATTACK-001,EVT-042907,INCLUDES
ATTACK-001,EVT-042908,INCLUDES
ATTACK-001,EVT-042909,INCLUDES
ATTACK-001,EVT-042910,INCLUDES
ATTACK-001,EVT-042911,INCLUDES
ATTACK-001,EVT-042912,INCLUDES
ATTACK-001,EVT-042913,INCLUDES
ATTACK-001,EVT-042914,INCLUDES
ATTACK-001,EVT-042915,INCLUDES
ATTACK-001,EVT-042916,INCLUDES
ATTACK-001,EVT-042917,INCLUDES
ATTACK-001,EVT-042918,INCLUDES
ATTACK-001,EVT-042919,INCLUDES
ATTACK-001,EVT-042920,INCLUDES
ATTACK-001,EVT-042921,INCLUDES
ATTACK-001,EVT-042922,INCLUDES
ATTACK-001,EVT-042923,INCLUDES
ATTACK-001,EVT-042924,INCLUDES
ATTACK-001,EVT-042925,INCLUDES
ATTACK-001,EVT-042926,INCLUDES
ATTACK-001,EVT-042927,INCLUDES
ATTACK-001,EVT-042928,INCLUDES
ATTACK-001,EVT-042929,INCLUDES
ATTACK-001,EVT-042930,INCLUDES
ATTACK-001,EVT-042931,INCLUDES
ATTACK-001,EVT-042932,INCLUDES
ATTACK-001,EVT-042933,INCLUDES
ATTACK-001,EVT-042934,INCLUDES
ATTACK-001,EVT-042935,INCLUDES
ATTACK-001,EVT-042936,INCLUDES
ATTACK-001,EVT-042937,INCLUDES
ATTACK-001,EVT-042938,INCLUDES
ATTACK-001,EVT-042939,INCLUDES
ATTACK-001,EVT-042940,INCLUDES
ATTACK-001,EVT-042941,INCLUDES
ATTACK-001,EVT-042942,INCLUDES
ATTACK-001,EVT-042943,INCLUDES
ATTACK-001,EVT-042944,INCLUDES
ATTACK-001,EVT-042945,INCLUDES
ATTACK-001,EVT-042946,INCLUDES
ATTACK-001,EVT-042947,INCLUDES
ATTACK-001,EVT-042948,INCLUDES
ATTACK-001,EVT-042949,INCLUDES
ATTACK-001,EVT-042950,INCLUDES
ATTACK-001,EVT-042951,INCLUDES
ATTACK-001,EVT-042952,INCLUDES
ATTACK-001,EVT-042953,INCLUDES
ATTACK-001,EVT-042954,INCLUDES
ATTACK-001,EVT-042955,INCLUDES
ATTACK-001,EVT-042956,INCLUDES
ATTACK-001,EVT-042957,INCLUDES
ATTACK-001,EVT-042958,INCLUDES
ATTACK-001,EVT-042959,INCLUDES
ATTACK-001,EVT-042960,INCLUDES
ATTACK-001,EVT-042961,INCLUDES
ATTACK-001,EVT-042962,INCLUDES
ATTACK-001,EVT-042963,INCLUDES
ATTACK-001,EVT-042964,INCLUDES
ATTACK-001,EVT-042965,INCLUDES
ATTACK-001,EVT-042966,INCLUDES
ATTACK-001,EVT-042967,INCLUDES
ATTACK-001,EVT-042968,INCLUDES
ATTACK-001,EVT-042969,INCLUDES
ATTACK-001,EVT-042970,INCLUDES
ATTACK-001,EVT-042971,INCLUDES
ATTACK-001,EVT-042972,INCLUDES
ATTACK-001,EVT-042973,INCLUDES
ATTACK-001,EVT-042974,INCLUDES
ATTACK-001,EVT-042975,INCLUDES
ATTACK-001,EVT-042976,INCLUDES
ATTACK-001,EVT-042977,INCLUDES
ATTACK-001,EVT-042978,INCLUDES
ATTACK-001,EVT-042979,INCLUDES
ATTACK-001,EVT-042980,INCLUDES
ATTACK-001,EVT-042981,INCLUDES
ATTACK-001,EVT-042982,INCLUDES
ATTACK-001,EVT-042983,INCLUDES
ATTACK-001,EVT-042984,INCLUDES
ATTACK-001,EVT-042985,INCLUDES
ATTACK-001,EVT-042986,INCLUDES
ATTACK-001,EVT-042987,INCLUDES
ATTACK-001,EVT-042988,INCLUDES
ATTACK-001,EVT-042989,INCLUDES
ATTACK-001,EVT-042990,INCLUDES
ATTACK-001,EVT-042991,INCLUDES
ATTACK-001,EVT-042992,INCLUDES
ATTACK-001,EVT-042993,INCLUDES
ATTACK-001,EVT-042994,INCLUDES
ATTACK-001,EVT-042995,INCLUDES
ATTACK-001,EVT-042996,INCLUDES
ATTACK-001,EVT-042997,INCLUDES
ATTACK-001,EVT-042998,INCLUDES
ATTACK-001,EVT-042999,INCLUDES
ATTACK-001,EVT-043000,INCLUDES
ATTACK-001,EVT-043001,INCLUDES
ATTACK-001,EVT-043002,INCLUDES
ATTACK-001,EVT-043003,INCLUDES
ATTACK-001,EVT-043004,INCLUDES
ATTACK-001,EVT-043005,INCLUDES
ATTACK-001,EVT-043006,INCLUDES
ATTACK-001,EVT-043007,INCLUDES
ATTACK-001,EVT-043008,INCLUDES
ATTACK-001,EVT-043009,INCLUDES
ATTACK-001,EVT-043010,INCLUDES
ATTACK-001,EVT-043011,INCLUDES
ATTACK-001,EVT-043012,INCLUDES
ATTACK-001,EVT-043013,INCLUDES
ATTACK-001,EVT-043014,INCLUDES
ATTACK-001,EVT-043015,INCLUDES
ATTACK-001,EVT-043016,INCLUDES
ATTACK-001,EVT-043017,INCLUDES
ATTACK-001,EVT-043018,INCLUDES
ATTACK-001,EVT-043019,INCLUDES
ATTACK-001,EVT-043020,INCLUDES
ATTACK-001,EVT-043021,INCLUDES
ATTACK-001,EVT-043022,INCLUDES
ATTACK-001,EVT-043023,INCLUDES
ATTACK-001,EVT-043024,INCLUDES
ATTACK-001,EVT-043025,INCLUDES
ATTACK-001,EVT-043026,INCLUDES
ATTACK-001,EVT-043027,INCLUDES
ATTACK-001,EVT-043028,INCLUDES
ATTACK-001,EVT-043029,INCLUDES
ATTACK-001,EVT-043030,INCLUDES
ATTACK-001,EVT-043031,INCLUDES
ATTACK-001,EVT-043032,INCLUDES
ATTACK-001,EVT-043033,INCLUDES
ATTACK-001,EVT-043034,INCLUDES
ATTACK-001,EVT-043035,INCLUDES
ATTACK-001,EVT-043036,INCLUDES
ATTACK-001,EVT-043037,INCLUDES
ATTACK-001,EVT-043038,INCLUDES
ATTACK-001,EVT-043039,INCLUDES
ATTACK-001,EVT-043040,INCLUDES
ATTACK-001,EVT-043041,INCLUDES
ATTACK-001,EVT-043042,INCLUDES
ATTACK-001,EVT-043043,INCLUDES
ATTACK-001,EVT-043044,INCLUDES
ATTACK-001,EVT-043045,INCLUDES
ATTACK-001,EVT-043046,INCLUDES
ATTACK-001,EVT-043047,INCLUDES
ATTACK-001,EVT-043048,INCLUDES
ATTACK-001,EVT-043049,INCLUDES
ATTACK-001,EVT-043050,INCLUDES
ATTACK-001,EVT-043051,INCLUDES
ATTACK-001,EVT-043052,INCLUDES
ATTACK-001,EVT-043053,INCLUDES
ATTACK-001,EVT-043054,INCLUDES
ATTACK-001,EVT-043055,INCLUDES
ATTACK-001,EVT-043056,INCLUDES
ATTACK-001,EVT-043057,INCLUDES
ATTACK-001,EVT-043058,INCLUDES
ATTACK-001,EVT-043059,INCLUDES
ATTACK-001,EVT-043060,INCLUDES
ATTACK-001,EVT-043061,INCLUDES
ATTACK-001,EVT-043062,INCLUDES
ATTACK-001,EVT-043063,INCLUDES
ATTACK-001,EVT-043064,INCLUDES
ATTACK-001,EVT-043065,INCLUDES
ATTACK-001,EVT-043066,INCLUDES
ATTACK-001,EVT-043067,INCLUDES
ATTACK-001,EVT-043068,INCLUDES
ATTACK-001,EVT-043069,INCLUDES
ATTACK-001,EVT-043070,INCLUDES
ATTACK-001,EVT-043071,INCLUDES
ATTACK-001,EVT-043072,INCLUDES
ATTACK-001,EVT-043073,INCLUDES
ATTACK-001,EVT-043074,INCLUDES
ATTACK-001,EVT-043075,INCLUDES
ATTACK-001,EVT-043076,INCLUDES
ATTACK-001,EVT-043077,INCLUDES
ATTACK-001,EVT-043078,INCLUDES
ATTACK-001,EVT-043079,INCLUDES
ATTACK-001,EVT-043080,INCLUDES
ATTACK-001,EVT-043081,INCLUDES
ATTACK-001,EVT-043082,INCLUDES
ATTACK-001,EVT-043083,INCLUDES
ATTACK-001,EVT-043084,INCLUDES
ATTACK-001,EVT-043085,INCLUDES
ATTACK-001,EVT-043086,INCLUDES
ATTACK-001,EVT-043087,INCLUDES
ATTACK-001,EVT-043088,INCLUDES
ATTACK-001,EVT-043089,INCLUDES
ATTACK-001,EVT-043090,INCLUDES
ATTACK-001,EVT-043091,INCLUDES
ATTACK-001,EVT-043092,INCLUDES
ATTACK-001,EVT-043093,INCLUDES
ATTACK-001,EVT-043094,INCLUDES
ATTACK-001,EVT-043095,INCLUDES
ATTACK-001,EVT-043096,INCLUDES
ATTACK-001,EVT-043097,INCLUDES
ATTACK-001,EVT-043098,INCLUDES
ATTACK-001,EVT-043099,INCLUDES
ATTACK-001,EVT-043100,INCLUDES
ATTACK-001,EVT-043101,INCLUDES
ATTACK-001,EVT-043102,INCLUDES
ATTACK-001,EVT-043103,INCLUDES
ATTACK-001,EVT-043104,INCLUDES
ATTACK-001,EVT-043105,INCLUDES
ATTACK-001,EVT-043106,INCLUDES
ATTACK-001,EVT-043107,INCLUDES
ATTACK-001,EVT-043108,INCLUDES
ATTACK-001,EVT-043109,INCLUDES
ATTACK-001,EVT-043110,INCLUDES
ATTACK-001,EVT-043111,INCLUDES
ATTACK-001,EVT-043112,INCLUDES
ATTACK-001,EVT-043113,INCLUDES
ATTACK-001,EVT-043114,INCLUDES
ATTACK-001,EVT-043115,INCLUDES
ATTACK-001,EVT-043116,INCLUDES
ATTACK-001,EVT-043117,INCLUDES
ATTACK-001,EVT-043118,INCLUDES
ATTACK-001,EVT-043119,INCLUDES
ATTACK-001,EVT-043120,INCLUDES
ATTACK-001,EVT-043121,INCLUDES
ATTACK-001,EVT-043122,INCLUDES
ATTACK-001,EVT-043123,INCLUDES
ATTACK-001,EVT-043124,INCLUDES
ATTACK-001,EVT-043125,INCLUDES
ATTACK-001,EVT-043126,INCLUDES
ATTACK-001,EVT-043127,INCLUDES
ATTACK-001,EVT-043128,INCLUDES
ATTACK-001,EVT-043129,INCLUDES
ATTACK-001,EVT-043130,INCLUDES
ATTACK-001,EVT-043131,INCLUDES
ATTACK-001,EVT-043132,INCLUDES
ATTACK-001,EVT-043133,INCLUDES
ATTACK-001,EVT-043134,INCLUDES
ATTACK-001,EVT-043135,INCLUDES
ATTACK-001,EVT-043136,INCLUDES
ATTACK-001,EVT-043137,INCLUDES
ATTACK-001,EVT-043138,INCLUDES
ATTACK-001,EVT-043139,INCLUDES
ATTACK-001,EVT-043140,INCLUDES
ATTACK-001,EVT-043141,INCLUDES
ATTACK-001,EVT-043142,INCLUDES
ATTACK-001,EVT-043143,INCLUDES
ATTACK-001,EVT-043144,INCLUDES
ATTACK-001,EVT-043145,INCLUDES
ATTACK-001,EVT-043146,INCLUDES
ATTACK-001,EVT-043147,INCLUDES
ATTACK-001,EVT-043148,INCLUDES
ATTACK-001,EVT-043149,INCLUDES
ATTACK-001,EVT-043150,INCLUDES
ATTACK-001,EVT-043151,INCLUDES
ATTACK-001,EVT-043152,INCLUDES
ATTACK-001,EVT-043153,INCLUDES
ATTACK-001,EVT-043154,INCLUDES
ATTACK-001,EVT-043155,INCLUDES
ATTACK-001,EVT-043156,INCLUDES
ATTACK-001,EVT-043157,INCLUDES
ATTACK-001,EVT-043158,INCLUDES
ATTACK-001,EVT-043159,INCLUDES
ATTACK-001,EVT-043160,INCLUDES
ATTACK-001,EVT-043161,INCLUDES
ATTACK-001,EVT-043162,INCLUDES
ATTACK-001,EVT-043163,INCLUDES
ATTACK-001,EVT-043164,INCLUDES
ATTACK-001,EVT-043165,INCLUDES
ATTACK-001,EVT-043166,INCLUDES
ATTACK-001,EVT-043167,INCLUDES
ATTACK-001,EVT-043168,INCLUDES
ATTACK-001,EVT-043169,INCLUDES
ATTACK-001,EVT-043170,INCLUDES
ATTACK-001,EVT-043171,INCLUDES
ATTACK-001,EVT-043172,INCLUDES
ATTACK-001,EVT-043173,INCLUDES
ATTACK-001,EVT-043174,INCLUDES
ATTACK-001,EVT-043175,INCLUDES
ATTACK-001,EVT-043176,INCLUDES
ATTACK-001,EVT-043177,INCLUDES
ATTACK-001,EVT-043178,INCLUDES
ATTACK-001,EVT-043179,INCLUDES
ATTACK-001,EVT-043180,INCLUDES
ATTACK-001,EVT-043181,INCLUDES
ATTACK-001,EVT-043182,INCLUDES
ATTACK-001,EVT-043183,INCLUDES
ATTACK-001,EVT-043184,INCLUDES
ATTACK-001,EVT-043185,INCLUDES
ATTACK-001,EVT-043186,INCLUDES
ATTACK-001,EVT-043187,INCLUDES
ATTACK-001,EVT-043188,INCLUDES
ATTACK-001,EVT-043189,INCLUDES
ATTACK-001,EVT-043190,INCLUDES
ATTACK-001,EVT-043191,INCLUDES
ATTACK-001,EVT-043192,INCLUDES
ATTACK-001,EVT-043193,INCLUDES
ATTACK-001,EVT-043194,INCLUDES
ATTACK-001,EVT-043195,INCLUDES
ATTACK-001,EVT-043196,INCLUDES
ATTACK-001,EVT-043197,INCLUDES
ATTACK-001,EVT-043198,INCLUDES
ATTACK-001,EVT-043199,INCLUDES
ATTACK-001,EVT-043200,INCLUDES
ATTACK-001,EVT-043201,INCLUDES
ATTACK-001,EVT-043202,INCLUDES
ATTACK-001,EVT-043203,INCLUDES
ATTACK-001,EVT-043204,INCLUDES
ATTACK-001,EVT-043205,INCLUDES
ATTACK-001,EVT-043206,INCLUDES
ATTACK-001,EVT-043207,INCLUDES
ATTACK-001,EVT-043208,INCLUDES
ATTACK-001,EVT-043209,INCLUDES
ATTACK-001,EVT-043210,INCLUDES
ATTACK-001,EVT-043211,INCLUDES
ATTACK-001,EVT-043212,INCLUDES
ATTACK-001,EVT-043213,INCLUDES
ATTACK-001,EVT-043214,INCLUDES
ATTACK-001,EVT-043215,INCLUDES
ATTACK-001,EVT-043216,INCLUDES
ATTACK-001,EVT-043217,INCLUDES
ATTACK-001,EVT-043218,INCLUDES
ATTACK-001,EVT-043219,INCLUDES
ATTACK-001,EVT-043220,INCLUDES
ATTACK-001,EVT-043221,INCLUDES
ATTACK-001,EVT-043222,INCLUDES
ATTACK-001,EVT-043223,INCLUDES
ATTACK-001,EVT-043224,INCLUDES
ATTACK-001,EVT-043225,INCLUDES
ATTACK-001,EVT-043226,INCLUDES
ATTACK-001,EVT-043227,INCLUDES
ATTACK-001,EVT-043228,INCLUDES
ATTACK-001,EVT-043229,INCLUDES
ATTACK-001,EVT-043230,INCLUDES
ATTACK-001,EVT-043231,INCLUDES
ATTACK-001,EVT-043232,INCLUDES
ATTACK-001,EVT-043233,INCLUDES
ATTACK-001,EVT-043234,INCLUDES
ATTACK-001,EVT-043235,INCLUDES
ATTACK-001,EVT-043236,INCLUDES
ATTACK-001,EVT-043237,INCLUDES
ATTACK-001,EVT-043238,INCLUDES
ATTACK-001,EVT-043239,INCLUDES
ATTACK-001,EVT-043240,INCLUDES
ATTACK-001,EVT-043241,INCLUDES
ATTACK-001,EVT-043242,INCLUDES
ATTACK-001,EVT-043243,INCLUDES
ATTACK-001,EVT-043244,INCLUDES
ATTACK-001,EVT-043245,INCLUDES
ATTACK-001,EVT-043246,INCLUDES
ATTACK-001,EVT-043247,INCLUDES
ATTACK-001,EVT-043248,INCLUDES
ATTACK-001,EVT-043249,INCLUDES
ATTACK-001,EVT-043250,INCLUDES
ATTACK-001,EVT-043251,INCLUDES
ATTACK-001,EVT-043252,INCLUDES
ATTACK-001,EVT-043253,INCLUDES
ATTACK-001,EVT-043254,INCLUDES
ATTACK-001,EVT-043255,INCLUDES
ATTACK-001,EVT-043256,INCLUDES
ATTACK-001,EVT-043257,INCLUDES
ATTACK-001,EVT-043258,INCLUDES
ATTACK-001,EVT-043259,INCLUDES
ATTACK-001,EVT-043260,INCLUDES
ATTACK-001,EVT-043261,INCLUDES
ATTACK-001,EVT-043262,INCLUDES
ATTACK-001,EVT-043263,INCLUDES
ATTACK-001,EVT-043264,INCLUDES
ATTACK-001,EVT-043265,INCLUDES
ATTACK-001,EVT-043266,INCLUDES
ATTACK-001,EVT-043267,INCLUDES
ATTACK-001,EVT-043268,INCLUDES
ATTACK-001,EVT-043269,INCLUDES
ATTACK-001,EVT-043270,INCLUDES
ATTACK-001,EVT-043271,INCLUDES
ATTACK-001,EVT-043272,INCLUDES
ATTACK-001,EVT-043273,INCLUDES
ATTACK-001,EVT-043274,INCLUDES
ATTACK-001,EVT-043275,INCLUDES
ATTACK-001,EVT-043276,INCLUDES
ATTACK-001,EVT-043277,INCLUDES
ATTACK-001,EVT-043278,INCLUDES
ATTACK-001,EVT-043279,INCLUDES
ATTACK-001,EVT-043280,INCLUDES
ATTACK-001,EVT-043281,INCLUDES
ATTACK-001,EVT-043282,INCLUDES
ATTACK-001,EVT-043283,INCLUDES
ATTACK-001,EVT-043284,INCLUDES
ATTACK-001,EVT-043285,INCLUDES
ATTACK-001,EVT-043286,INCLUDES
ATTACK-001,EVT-043287,INCLUDES
ATTACK-001,EVT-043288,INCLUDES
ATTACK-001,EVT-043289,INCLUDES
ATTACK-001,EVT-043290,INCLUDES
ATTACK-001,EVT-043291,INCLUDES
ATTACK-001,EVT-043292,INCLUDES
ATTACK-001,EVT-043293,INCLUDES
ATTACK-001,EVT-043294,INCLUDES
ATTACK-001,EVT-043295,INCLUDES
ATTACK-001,EVT-043296,INCLUDES
ATTACK-001,EVT-043297,INCLUDES
ATTACK-001,EVT-043298,INCLUDES
ATTACK-001,EVT-043299,INCLUDES
ATTACK-001,EVT-043300,INCLUDES
ATTACK-001,EVT-043301,INCLUDES
ATTACK-001,EVT-043302,INCLUDES
ATTACK-001,EVT-043303,INCLUDES
ATTACK-001,EVT-043304,INCLUDES
ATTACK-001,EVT-043305,INCLUDES
ATTACK-001,EVT-043306,INCLUDES
ATTACK-001,EVT-043307,INCLUDES
ATTACK-001,EVT-043308,INCLUDES
ATTACK-001,EVT-043309,INCLUDES
ATTACK-001,EVT-043310,INCLUDES
ATTACK-001,EVT-043311,INCLUDES
ATTACK-001,EVT-043312,INCLUDES
ATTACK-001,EVT-043313,INCLUDES
ATTACK-001,EVT-043314,INCLUDES
ATTACK-001,EVT-043315,INCLUDES
ATTACK-001,EVT-043316,INCLUDES
ATTACK-001,EVT-043317,INCLUDES
ATTACK-001,EVT-043318,INCLUDES
ATTACK-001,EVT-043319,INCLUDES
ATTACK-001,EVT-043320,INCLUDES
ATTACK-001,EVT-043321,INCLUDES
ATTACK-001,EVT-043322,INCLUDES
ATTACK-001,EVT-043323,INCLUDES
ATTACK-001,EVT-043324,INCLUDES
ATTACK-001,EVT-043325,INCLUDES
ATTACK-001,EVT-043326,INCLUDES
ATTACK-001,EVT-043327,INCLUDES
ATTACK-001,EVT-043328,INCLUDES
ATTACK-001,EVT-043329,INCLUDES
ATTACK-001,EVT-043330,INCLUDES
ATTACK-001,EVT-043331,INCLUDES
ATTACK-001,EVT-043332,INCLUDES
ATTACK-001,EVT-043333,INCLUDES
ATTACK-001,EVT-043334,INCLUDES
ATTACK-001,EVT-043335,INCLUDES
ATTACK-001,EVT-043336,INCLUDES
ATTACK-001,EVT-043337,INCLUDES
ATTACK-001,EVT-043338,INCLUDES
ATTACK-001,EVT-043339,INCLUDES
ATTACK-001,EVT-043340,INCLUDES
ATTACK-001,EVT-043341,INCLUDES
ATTACK-001,EVT-043342,INCLUDES
ATTACK-001,EVT-043343,INCLUDES
ATTACK-001,EVT-043344,INCLUDES
ATTACK-001,EVT-043345,INCLUDES
ATTACK-001,EVT-043346,INCLUDES
ATTACK-001,EVT-043347,INCLUDES
ATTACK-001,EVT-043348,INCLUDES
ATTACK-001,EVT-043349,INCLUDES
ATTACK-001,EVT-043350,INCLUDES
ATTACK-001,EVT-043351,INCLUDES
ATTACK-001,EVT-043352,INCLUDES
ATTACK-001,EVT-043353,INCLUDES
ATTACK-001,EVT-043354,INCLUDES
ATTACK-001,EVT-043355,INCLUDES
ATTACK-001,EVT-043356,INCLUDES
ATTACK-001,EVT-043357,INCLUDES
ATTACK-001,EVT-043358,INCLUDES
ATTACK-001,EVT-043359,INCLUDES
ATTACK-001,EVT-043360,INCLUDES
ATTACK-001,EVT-043361,INCLUDES
ATTACK-001,EVT-043362,INCLUDES
ATTACK-001,EVT-043363,INCLUDES
ATTACK-001,EVT-043364,INCLUDES
ATTACK-001,EVT-043365,INCLUDES
ATTACK-001,EVT-043366,INCLUDES
ATTACK-001,EVT-043367,INCLUDES
ATTACK-001,EVT-043368,INCLUDES
ATTACK-001,EVT-043369,INCLUDES
ATTACK-001,EVT-043370,INCLUDES
ATTACK-001,EVT-043371,INCLUDES
ATTACK-001,EVT-043372,INCLUDES
ATTACK-001,EVT-043373,INCLUDES
ATTACK-001,EVT-043374,INCLUDES
ATTACK-001,EVT-043375,INCLUDES
ATTACK-001,EVT-043376,INCLUDES
ATTACK-001,EVT-043377,INCLUDES
ATTACK-001,EVT-043378,INCLUDES
ATTACK-001,EVT-043379,INCLUDES
ATTACK-001,EVT-043380,INCLUDES
ATTACK-001,EVT-043381,INCLUDES
ATTACK-001,EVT-043382,INCLUDES
ATTACK-001,EVT-043383,INCLUDES
ATTACK-001,EVT-043384,INCLUDES
ATTACK-001,EVT-043385,INCLUDES
ATTACK-001,EVT-043386,INCLUDES
ATTACK-001,EVT-043387,INCLUDES
ATTACK-001,EVT-043388,INCLUDES
ATTACK-001,EVT-043389,INCLUDES
ATTACK-001,EVT-043390,INCLUDES
ATTACK-001,EVT-043391,INCLUDES
ATTACK-001,EVT-043392,INCLUDES
ATTACK-001,EVT-043393,INCLUDES
ATTACK-001,EVT-043394,INCLUDES
ATTACK-001,EVT-043395,INCLUDES
ATTACK-001,EVT-043396,INCLUDES
ATTACK-001,EVT-043397,INCLUDES
ATTACK-001,EVT-043398,INCLUDES
ATTACK-001,EVT-043399,INCLUDES
ATTACK-001,EVT-043400,INCLUDES
ATTACK-001,EVT-043401,INCLUDES
ATTACK-001,EVT-043402,INCLUDES
ATTACK-001,EVT-043403,INCLUDES
ATTACK-001,EVT-043404,INCLUDES
ATTACK-001,EVT-043405,INCLUDES
ATTACK-001,EVT-043406,INCLUDES
ATTACK-001,EVT-043407,INCLUDES
ATTACK-001,EVT-043408,INCLUDES
ATTACK-001,EVT-043409,INCLUDES
ATTACK-001,EVT-043410,INCLUDES
ATTACK-001,EVT-043411,INCLUDES
ATTACK-001,EVT-043412,INCLUDES
ATTACK-001,EVT-043413,INCLUDES
ATTACK-001,EVT-043414,INCLUDES
ATTACK-001,EVT-043415,INCLUDES
ATTACK-001,EVT-043416,INCLUDES
ATTACK-001,EVT-043417,INCLUDES
ATTACK-001,EVT-043418,INCLUDES
ATTACK-001,EVT-043419,INCLUDES
ATTACK-001,EVT-043420,INCLUDES
ATTACK-001,EVT-043421,INCLUDES
ATTACK-001,EVT-043422,INCLUDES
ATTACK-001,EVT-043423,INCLUDES
ATTACK-001,EVT-043424,INCLUDES
ATTACK-001,EVT-043425,INCLUDES
ATTACK-001,EVT-043426,INCLUDES
ATTACK-001,EVT-043427,INCLUDES
ATTACK-001,EVT-043428,INCLUDES
ATTACK-001,EVT-043429,INCLUDES
ATTACK-001,EVT-043430,INCLUDES
ATTACK-001,EVT-043431,INCLUDES
ATTACK-001,EVT-043432,INCLUDES
ATTACK-001,EVT-043433,INCLUDES
ATTACK-001,EVT-043434,INCLUDES
ATTACK-001,EVT-043435,INCLUDES
ATTACK-001,EVT-043436,INCLUDES
ATTACK-001,EVT-043437,INCLUDES
ATTACK-001,EVT-043438,INCLUDES
ATTACK-001,EVT-043439,INCLUDES
ATTACK-001,EVT-043440,INCLUDES
ATTACK-001,EVT-043441,INCLUDES
ATTACK-001,EVT-043442,INCLUDES
ATTACK-001,EVT-043443,INCLUDES
ATTACK-001,EVT-043444,INCLUDES
ATTACK-001,EVT-043445,INCLUDES
ATTACK-001,EVT-043446,INCLUDES
ATTACK-001,EVT-043447,INCLUDES
ATTACK-001,EVT-043448,INCLUDES
ATTACK-001,EVT-043449,INCLUDES
ATTACK-001,EVT-043450,INCLUDES
ATTACK-001,EVT-043451,INCLUDES
ATTACK-001,EVT-043452,INCLUDES
ATTACK-001,EVT-043453,INCLUDES
ATTACK-001,EVT-043454,INCLUDES
ATTACK-001,EVT-043455,INCLUDES
ATTACK-001,EVT-043456,INCLUDES
ATTACK-001,EVT-043457,INCLUDES
ATTACK-001,EVT-043458,INCLUDES
ATTACK-001,EVT-043459,INCLUDES
ATTACK-001,EVT-043460,INCLUDES
ATTACK-001,EVT-043461,INCLUDES
ATTACK-001,EVT-043462,INCLUDES
ATTACK-001,EVT-043463,INCLUDES
ATTACK-001,EVT-043464,INCLUDES
ATTACK-001,EVT-043465,INCLUDES
ATTACK-001,EVT-043466,INCLUDES
ATTACK-001,EVT-043467,INCLUDES
ATTACK-001,EVT-043468,INCLUDES
ATTACK-001,EVT-043469,INCLUDES
ATTACK-001,EVT-043470,INCLUDES
ATTACK-001,EVT-043471,INCLUDES
ATTACK-001,EVT-043472,INCLUDES
ATTACK-001,EVT-043473,INCLUDES
ATTACK-001,EVT-043474,INCLUDES
ATTACK-001,EVT-043475,INCLUDES
ATTACK-001,EVT-043476,INCLUDES
ATTACK-001,EVT-043477,INCLUDES
ATTACK-001,EVT-043478,INCLUDES
ATTACK-001,EVT-043479,INCLUDES
ATTACK-001,EVT-043480,INCLUDES
ATTACK-001,EVT-043481,INCLUDES
ATTACK-001,EVT-043482,INCLUDES
ATTACK-001,EVT-043483,INCLUDES
ATTACK-001,EVT-043484,INCLUDES
ATTACK-001,EVT-043485,INCLUDES
ATTACK-001,EVT-043486,INCLUDES
ATTACK-001,EVT-043487,INCLUDES
ATTACK-001,EVT-043488,INCLUDES
ATTACK-001,EVT-043489,INCLUDES
ATTACK-001,EVT-043490,INCLUDES
ATTACK-001,EVT-043491,INCLUDES
ATTACK-001,EVT-043492,INCLUDES
ATTACK-001,EVT-043493,INCLUDES
ATTACK-001,EVT-043494,INCLUDES
ATTACK-001,EVT-043495,INCLUDES
ATTACK-001,EVT-043496,INCLUDES
ATTACK-001,EVT-043497,INCLUDES
ATTACK-001,EVT-043498,INCLUDES
ATTACK-001,EVT-043499,INCLUDES
ATTACK-001,EVT-043500,INCLUDES
ATTACK-001,EVT-043501,INCLUDES
ATTACK-001,EVT-043502,INCLUDES
ATTACK-001,EVT-043503,INCLUDES
ATTACK-001,EVT-043504,INCLUDES
ATTACK-001,EVT-043505,INCLUDES
ATTACK-001,EVT-043506,INCLUDES
ATTACK-001,EVT-043507,INCLUDES
ATTACK-001,EVT-043508,INCLUDES
ATTACK-001,EVT-043509,INCLUDES
ATTACK-001,EVT-043510,INCLUDES
ATTACK-001,EVT-043511,INCLUDES
ATTACK-001,EVT-043512,INCLUDES
ATTACK-001,EVT-043513,INCLUDES
ATTACK-001,EVT-043514,INCLUDES
ATTACK-001,EVT-043515,INCLUDES
ATTACK-001,EVT-043516,INCLUDES
ATTACK-001,EVT-043517,INCLUDES
ATTACK-001,EVT-043518,INCLUDES
ATTACK-001,EVT-043519,INCLUDES
ATTACK-001,EVT-043520,INCLUDES
ATTACK-001,EVT-043521,INCLUDES
ATTACK-001,EVT-043522,INCLUDES
ATTACK-001,EVT-043523,INCLUDES
ATTACK-001,EVT-043524,INCLUDES
ATTACK-001,EVT-043525,INCLUDES
ATTACK-001,EVT-043526,INCLUDES
ATTACK-001,EVT-043527,INCLUDES
ATTACK-001,EVT-043528,INCLUDES
ATTACK-001,EVT-043529,INCLUDES
ATTACK-001,EVT-043530,INCLUDES
ATTACK-001,EVT-043531,INCLUDES
ATTACK-001,EVT-043532,INCLUDES
ATTACK-001,EVT-043533,INCLUDES
ATTACK-001,EVT-043534,INCLUDES
ATTACK-001,EVT-043535,INCLUDES
ATTACK-001,EVT-043536,INCLUDES
ATTACK-001,EVT-043537,INCLUDES
ATTACK-001,EVT-043538,INCLUDES
ATTACK-001,EVT-043539,INCLUDES
ATTACK-001,EVT-043540,INCLUDES
ATTACK-001,EVT-043541,INCLUDES
ATTACK-001,EVT-043542,INCLUDES
ATTACK-001,EVT-043543,INCLUDES
ATTACK-001,EVT-043544,INCLUDES
ATTACK-001,EVT-043545,INCLUDES
ATTACK-001,EVT-043546,INCLUDES
ATTACK-001,EVT-043547,INCLUDES
ATTACK-001,EVT-043548,INCLUDES
ATTACK-001,EVT-043549,INCLUDES
ATTACK-001,EVT-043550,INCLUDES
ATTACK-001,EVT-043551,INCLUDES
ATTACK-001,EVT-043552,INCLUDES
ATTACK-001,EVT-043553,INCLUDES
ATTACK-001,EVT-043554,INCLUDES
ATTACK-001,EVT-043555,INCLUDES
ATTACK-001,EVT-043556,INCLUDES
ATTACK-001,EVT-043557,INCLUDES
ATTACK-001,EVT-043558,INCLUDES
ATTACK-001,EVT-043559,INCLUDES
ATTACK-001,EVT-043560,INCLUDES
ATTACK-001,EVT-043561,INCLUDES
ATTACK-001,EVT-043562,INCLUDES
ATTACK-001,EVT-043563,INCLUDES
ATTACK-001,EVT-043564,INCLUDES
ATTACK-001,EVT-043565,INCLUDES
ATTACK-001,EVT-043566,INCLUDES
ATTACK-001,EVT-043567,INCLUDES
ATTACK-001,EVT-043568,INCLUDES
ATTACK-001,EVT-043569,INCLUDES
ATTACK-001,EVT-043570,INCLUDES
ATTACK-001,EVT-043571,INCLUDES
ATTACK-001,EVT-043572,INCLUDES
ATTACK-001,EVT-043573,INCLUDES
ATTACK-001,EVT-043574,INCLUDES
ATTACK-001,EVT-043575,INCLUDES
ATTACK-001,EVT-043576,INCLUDES
ATTACK-001,EVT-043577,INCLUDES
ATTACK-001,EVT-043578,INCLUDES
ATTACK-001,EVT-043579,INCLUDES
ATTACK-001,EVT-043580,INCLUDES
ATTACK-001,EVT-043581,INCLUDES
ATTACK-001,EVT-043582,INCLUDES
ATTACK-001,EVT-043583,INCLUDES
ATTACK-001,EVT-043584,INCLUDES
ATTACK-001,EVT-043585,INCLUDES
ATTACK-001,EVT-043586,INCLUDES
ATTACK-001,EVT-043587,INCLUDES
ATTACK-001,EVT-043588,INCLUDES
ATTACK-001,EVT-043589,INCLUDES
ATTACK-001,EVT-043590,INCLUDES
ATTACK-001,EVT-043591,INCLUDES
ATTACK-001,EVT-043592,INCLUDES
ATTACK-001,EVT-043593,INCLUDES
ATTACK-001,EVT-043594,INCLUDES
ATTACK-001,EVT-043595,INCLUDES
ATTACK-001,EVT-043596,INCLUDES
ATTACK-001,EVT-043597,INCLUDES
ATTACK-001,EVT-043598,INCLUDES
ATTACK-001,EVT-043599,INCLUDES
ATTACK-001,EVT-043600,INCLUDES
ATTACK-001,EVT-043601,INCLUDES
ATTACK-001,EVT-043602,INCLUDES
ATTACK-001,EVT-043603,INCLUDES
ATTACK-001,EVT-043604,INCLUDES
ATTACK-001,EVT-043605,INCLUDES
ATTACK-001,EVT-043606,INCLUDES
ATTACK-001,EVT-043607,INCLUDES
ATTACK-001,EVT-043608,INCLUDES
ATTACK-001,EVT-043609,INCLUDES
ATTACK-001,EVT-043610,INCLUDES
ATTACK-001,EVT-043611,INCLUDES
ATTACK-001,EVT-043612,INCLUDES
ATTACK-001,EVT-043613,INCLUDES
ATTACK-001,EVT-043614,INCLUDES
ATTACK-001,EVT-043615,INCLUDES
ATTACK-001,EVT-043616,INCLUDES
ATTACK-001,EVT-043617,INCLUDES
ATTACK-001,EVT-043618,INCLUDES
ATTACK-001,EVT-043619,INCLUDES
ATTACK-001,EVT-043620,INCLUDES
ATTACK-001,EVT-043621,INCLUDES
ATTACK-001,EVT-043622,INCLUDES
ATTACK-001,EVT-043623,INCLUDES
ATTACK-001,EVT-043624,INCLUDES
ATTACK-001,EVT-043625,INCLUDES
ATTACK-001,EVT-043626,INCLUDES
ATTACK-001,EVT-043627,INCLUDES
ATTACK-001,EVT-043628,INCLUDES
ATTACK-001,EVT-043629,INCLUDES
ATTACK-001,EVT-043630,INCLUDES
ATTACK-001,EVT-043631,INCLUDES
ATTACK-001,EVT-043632,INCLUDES
ATTACK-001,EVT-043633,INCLUDES
ATTACK-001,EVT-043634,INCLUDES
ATTACK-001,EVT-043635,INCLUDES
ATTACK-001,EVT-043636,INCLUDES
ATTACK-001,EVT-043637,INCLUDES
ATTACK-001,EVT-043638,INCLUDES
ATTACK-001,EVT-043639,INCLUDES
ATTACK-001,EVT-043640,INCLUDES
ATTACK-001,EVT-043641,INCLUDES
ATTACK-001,EVT-043642,INCLUDES
ATTACK-001,EVT-043643,INCLUDES
ATTACK-001,EVT-043644,INCLUDES
ATTACK-001,EVT-043645,INCLUDES
ATTACK-001,EVT-043646,INCLUDES
ATTACK-001,EVT-043647,INCLUDES
ATTACK-001,EVT-043648,INCLUDES
ATTACK-001,EVT-043649,INCLUDES
ATTACK-001,EVT-043650,INCLUDES
ATTACK-001,EVT-043651,INCLUDES
ATTACK-001,EVT-043652,INCLUDES
ATTACK-001,EVT-043653,INCLUDES
ATTACK-001,EVT-043654,INCLUDES
ATTACK-001,EVT-043655,INCLUDES
ATTACK-001,EVT-043656,INCLUDES
ATTACK-001,EVT-043657,INCLUDES
ATTACK-001,EVT-043658,INCLUDES
ATTACK-001,EVT-043659,INCLUDES
ATTACK-001,EVT-043660,INCLUDES
ATTACK-001,EVT-043661,INCLUDES
ATTACK-001,EVT-043662,INCLUDES
ATTACK-001,EVT-043663,INCLUDES
ATTACK-001,EVT-043664,INCLUDES
ATTACK-001,EVT-043665,INCLUDES
ATTACK-001,EVT-043666,INCLUDES
ATTACK-001,EVT-043667,INCLUDES
ATTACK-001,EVT-043668,INCLUDES
ATTACK-001,EVT-043669,INCLUDES
ATTACK-001,EVT-043670,INCLUDES
ATTACK-001,EVT-043671,INCLUDES
ATTACK-001,EVT-043672,INCLUDES
ATTACK-001,EVT-043673,INCLUDES
ATTACK-001,EVT-043674,INCLUDES
ATTACK-001,EVT-043675,INCLUDES
ATTACK-001,EVT-043676,INCLUDES
ATTACK-001,EVT-043677,INCLUDES
ATTACK-001,EVT-043678,INCLUDES
ATTACK-001,EVT-043679,INCLUDES
ATTACK-001,EVT-043680,INCLUDES
ATTACK-001,EVT-043681,INCLUDES
ATTACK-001,EVT-043682,INCLUDES
ATTACK-001,EVT-043683,INCLUDES
ATTACK-001,EVT-043684,INCLUDES
ATTACK-001,EVT-043685,INCLUDES
ATTACK-001,EVT-043686,INCLUDES
ATTACK-001,EVT-043687,INCLUDES
ATTACK-001,EVT-043688,INCLUDES
ATTACK-001,EVT-043689,INCLUDES
ATTACK-001,EVT-043690,INCLUDES
ATTACK-001,EVT-043691,INCLUDES
ATTACK-001,EVT-043692,INCLUDES
ATTACK-001,EVT-043693,INCLUDES
ATTACK-001,EVT-043694,INCLUDES
ATTACK-001,EVT-043695,INCLUDES
ATTACK-001,EVT-043696,INCLUDES
ATTACK-001,EVT-043697,INCLUDES
ATTACK-001,EVT-043698,INCLUDES
ATTACK-001,EVT-043699,INCLUDES
ATTACK-001,EVT-043700,INCLUDES
ATTACK-001,EVT-043701,INCLUDES
ATTACK-001,EVT-043702,INCLUDES
ATTACK-001,EVT-043703,INCLUDES
ATTACK-001,EVT-043704,INCLUDES
ATTACK-001,EVT-043705,INCLUDES
ATTACK-001,EVT-043706,INCLUDES
ATTACK-001,EVT-043707,INCLUDES
ATTACK-001,EVT-043708,INCLUDES
ATTACK-001,EVT-043709,INCLUDES
ATTACK-001,EVT-043710,INCLUDES
ATTACK-001,EVT-043711,INCLUDES
ATTACK-001,EVT-043712,INCLUDES
ATTACK-001,EVT-043713,INCLUDES
ATTACK-001,EVT-043714,INCLUDES
ATTACK-001,EVT-043715,INCLUDES
ATTACK-001,EVT-043716,INCLUDES
ATTACK-001,EVT-043717,INCLUDES
ATTACK-001,EVT-043718,INCLUDES
ATTACK-001,EVT-043719,INCLUDES
ATTACK-001,EVT-043720,INCLUDES
ATTACK-001,EVT-043721,INCLUDES
ATTACK-001,EVT-043722,INCLUDES
ATTACK-001,EVT-043723,INCLUDES
ATTACK-001,EVT-043724,INCLUDES
ATTACK-001,EVT-043725,INCLUDES
ATTACK-001,EVT-043726,INCLUDES
ATTACK-001,EVT-043727,INCLUDES
ATTACK-001,EVT-043728,INCLUDES
ATTACK-001,EVT-043729,INCLUDES
ATTACK-001,EVT-043730,INCLUDES
ATTACK-001,EVT-043731,INCLUDES
ATTACK-001,EVT-043732,INCLUDES
ATTACK-001,EVT-043733,INCLUDES
ATTACK-001,EVT-043734,INCLUDES
ATTACK-001,EVT-043735,INCLUDES
ATTACK-001,EVT-043736,INCLUDES
ATTACK-001,EVT-043737,INCLUDES
ATTACK-001,EVT-043738,INCLUDES
ATTACK-001,EVT-043739,INCLUDES
ATTACK-001,EVT-043740,INCLUDES
ATTACK-001,EVT-043741,INCLUDES
ATTACK-001,EVT-043742,INCLUDES
ATTACK-001,EVT-043743,INCLUDES
ATTACK-001,EVT-043744,INCLUDES
ATTACK-001,EVT-043745,INCLUDES
ATTACK-001,EVT-043746,INCLUDES
ATTACK-001,EVT-043747,INCLUDES
ATTACK-001,EVT-043748,INCLUDES
ATTACK-001,EVT-043749,INCLUDES
ATTACK-001,EVT-043750,INCLUDES
ATTACK-001,EVT-043751,INCLUDES
ATTACK-001,EVT-043752,INCLUDES
ATTACK-001,EVT-043753,INCLUDES
ATTACK-001,EVT-043754,INCLUDES
ATTACK-001,EVT-043755,INCLUDES
ATTACK-001,EVT-043756,INCLUDES
ATTACK-001,EVT-043757,INCLUDES
ATTACK-001,EVT-043758,INCLUDES
ATTACK-001,EVT-043759,INCLUDES
ATTACK-001,EVT-043760,INCLUDES
ATTACK-001,EVT-043761,INCLUDES
ATTACK-001,EVT-043762,INCLUDES
ATTACK-001,EVT-043763,INCLUDES
ATTACK-001,EVT-043764,INCLUDES
ATTACK-001,EVT-043765,INCLUDES
ATTACK-001,EVT-043766,INCLUDES
ATTACK-001,EVT-043767,INCLUDES
ATTACK-001,EVT-043768,INCLUDES
ATTACK-001,EVT-043769,INCLUDES
ATTACK-001,EVT-043770,INCLUDES
ATTACK-001,EVT-043771,INCLUDES
ATTACK-001,EVT-043772,INCLUDES
ATTACK-001,EVT-043773,INCLUDES
ATTACK-001,EVT-043774,INCLUDES
ATTACK-001,EVT-043775,INCLUDES
ATTACK-001,EVT-043776,INCLUDES
ATTACK-001,EVT-043777,INCLUDES
ATTACK-001,EVT-043778,INCLUDES
ATTACK-001,EVT-043779,INCLUDES
ATTACK-001,EVT-043780,INCLUDES
ATTACK-001,EVT-043781,INCLUDES
ATTACK-001,EVT-043782,INCLUDES
ATTACK-001,EVT-043783,INCLUDES
ATTACK-001,EVT-043784,INCLUDES
ATTACK-001,EVT-043785,INCLUDES
ATTACK-001,EVT-043786,INCLUDES
ATTACK-001,EVT-043787,INCLUDES
ATTACK-001,EVT-043788,INCLUDES
ATTACK-001,EVT-043789,INCLUDES
ATTACK-001,EVT-043790,INCLUDES
ATTACK-001,EVT-043791,INCLUDES
ATTACK-001,EVT-043792,INCLUDES
ATTACK-001,EVT-043793,INCLUDES
ATTACK-001,EVT-043794,INCLUDES
ATTACK-001,EVT-043795,INCLUDES
ATTACK-001,EVT-043796,INCLUDES
ATTACK-001,EVT-043797,INCLUDES
ATTACK-001,EVT-043798,INCLUDES
ATTACK-001,EVT-043799,INCLUDES
ATTACK-001,EVT-043800,INCLUDES
ATTACK-001,EVT-043801,INCLUDES
ATTACK-001,EVT-043802,INCLUDES
ATTACK-001,EVT-043803,INCLUDES
ATTACK-001,EVT-043804,INCLUDES
ATTACK-001,EVT-043805,INCLUDES
ATTACK-001,EVT-043806,INCLUDES
ATTACK-001,EVT-043807,INCLUDES
ATTACK-001,EVT-043808,INCLUDES
ATTACK-001,EVT-043809,INCLUDES
ATTACK-001,EVT-043810,INCLUDES
ATTACK-001,EVT-043811,INCLUDES
ATTACK-001,EVT-043812,INCLUDES
ATTACK-001,EVT-043813,INCLUDES
ATTACK-001,EVT-043814,INCLUDES
ATTACK-001,EVT-043815,INCLUDES
ATTACK-001,EVT-043816,INCLUDES
ATTACK-001,EVT-043817,INCLUDES
ATTACK-001,EVT-043818,INCLUDES
ATTACK-001,EVT-043819,INCLUDES
ATTACK-001,EVT-043820,INCLUDES
ATTACK-001,EVT-043821,INCLUDES
ATTACK-001,EVT-043822,INCLUDES
ATTACK-001,EVT-043823,INCLUDES
ATTACK-001,EVT-043824,INCLUDES
ATTACK-001,EVT-043825,INCLUDES
ATTACK-001,EVT-043826,INCLUDES
ATTACK-001,EVT-043827,INCLUDES
ATTACK-001,EVT-043828,INCLUDES
ATTACK-001,EVT-043829,INCLUDES
ATTACK-001,EVT-043830,INCLUDES
ATTACK-001,EVT-043831,INCLUDES
ATTACK-001,EVT-043832,INCLUDES
ATTACK-001,EVT-043833,INCLUDES
ATTACK-001,EVT-043834,INCLUDES
ATTACK-001,EVT-043835,INCLUDES
ATTACK-001,EVT-043836,INCLUDES
ATTACK-001,EVT-043837,INCLUDES
ATTACK-001,EVT-043838,INCLUDES
ATTACK-001,EVT-043839,INCLUDES
ATTACK-001,EVT-043840,INCLUDES
ATTACK-001,EVT-043841,INCLUDES
ATTACK-001,EVT-043842,INCLUDES
ATTACK-001,EVT-043843,INCLUDES
ATTACK-001,EVT-043844,INCLUDES
ATTACK-001,EVT-043845,INCLUDES
ATTACK-001,EVT-043846,INCLUDES
ATTACK-001,EVT-043847,INCLUDES
ATTACK-001,EVT-043848,INCLUDES
ATTACK-001,EVT-043849,INCLUDES
ATTACK-001,EVT-043850,INCLUDES
ATTACK-001,EVT-043851,INCLUDES
ATTACK-001,EVT-043852,INCLUDES
ATTACK-001,EVT-043853,INCLUDES
ATTACK-001,EVT-043854,INCLUDES
ATTACK-001,EVT-043855,INCLUDES
ATTACK-001,EVT-043856,INCLUDES
ATTACK-001,EVT-043857,INCLUDES
ATTACK-001,EVT-043858,INCLUDES
ATTACK-001,EVT-043859,INCLUDES
ATTACK-001,EVT-043860,INCLUDES
ATTACK-001,EVT-043861,INCLUDES
ATTACK-001,EVT-043862,INCLUDES
ATTACK-001,EVT-043863,INCLUDES
ATTACK-001,EVT-043864,INCLUDES
ATTACK-001,EVT-043865,INCLUDES
ATTACK-001,EVT-043866,INCLUDES
ATTACK-001,EVT-043867,INCLUDES
ATTACK-001,EVT-043868,INCLUDES
ATTACK-001,EVT-043869,INCLUDES
ATTACK-001,EVT-043870,INCLUDES
ATTACK-001,EVT-043871,INCLUDES
ATTACK-001,EVT-043872,INCLUDES
ATTACK-001,EVT-043873,INCLUDES
ATTACK-001,EVT-043874,INCLUDES
ATTACK-001,EVT-043875,INCLUDES
ATTACK-001,EVT-043876,INCLUDES
ATTACK-001,EVT-043877,INCLUDES
ATTACK-001,EVT-043878,INCLUDES
ATTACK-001,EVT-043879,INCLUDES
ATTACK-001,EVT-043880,INCLUDES
ATTACK-001,EVT-043881,INCLUDES
ATTACK-001,EVT-043882,INCLUDES
ATTACK-001,EVT-043883,INCLUDES
ATTACK-001,EVT-043884,INCLUDES
ATTACK-001,EVT-043885,INCLUDES
ATTACK-001,EVT-043886,INCLUDES
ATTACK-001,EVT-043887,INCLUDES
ATTACK-001,EVT-043888,INCLUDES
ATTACK-001,EVT-043889,INCLUDES
ATTACK-001,EVT-043890,INCLUDES
ATTACK-001,EVT-043891,INCLUDES
ATTACK-001,EVT-043892,INCLUDES
ATTACK-001,EVT-043893,INCLUDES
ATTACK-001,EVT-043894,INCLUDES
ATTACK-001,EVT-043895,INCLUDES
ATTACK-001,EVT-043896,INCLUDES
ATTACK-001,EVT-043897,INCLUDES
ATTACK-001,EVT-043898,INCLUDES
ATTACK-001,EVT-043899,INCLUDES
ATTACK-001,EVT-043900,INCLUDES
ATTACK-001,EVT-043901,INCLUDES
ATTACK-001,EVT-043902,INCLUDES
ATTACK-001,EVT-043903,INCLUDES
ATTACK-001,EVT-043904,INCLUDES
ATTACK-001,EVT-043905,INCLUDES
ATTACK-001,EVT-043906,INCLUDES
ATTACK-001,EVT-043907,INCLUDES
ATTACK-001,EVT-043908,INCLUDES
ATTACK-001,EVT-043909,INCLUDES
ATTACK-001,EVT-043910,INCLUDES
ATTACK-001,EVT-043911,INCLUDES
ATTACK-001,EVT-043912,INCLUDES
ATTACK-001,EVT-043913,INCLUDES
ATTACK-001,EVT-043914,INCLUDES
ATTACK-001,EVT-043915,INCLUDES
ATTACK-001,EVT-043916,INCLUDES
ATTACK-001,EVT-043917,INCLUDES
ATTACK-001,EVT-043918,INCLUDES
ATTACK-001,EVT-043919,INCLUDES
ATTACK-001,EVT-043920,INCLUDES
ATTACK-001,EVT-043921,INCLUDES
ATTACK-001,EVT-043922,INCLUDES
ATTACK-001,EVT-043923,INCLUDES
ATTACK-001,EVT-043924,INCLUDES
ATTACK-001,EVT-043925,INCLUDES
ATTACK-001,EVT-043926,INCLUDES
ATTACK-001,EVT-043927,INCLUDES
ATTACK-001,EVT-043928,INCLUDES
ATTACK-001,EVT-043929,INCLUDES
ATTACK-001,EVT-043930,INCLUDES
ATTACK-001,EVT-043931,INCLUDES
ATTACK-001,EVT-043932,INCLUDES
ATTACK-001,EVT-043933,INCLUDES
ATTACK-001,EVT-043934,INCLUDES
ATTACK-001,EVT-043935,INCLUDES
ATTACK-001,EVT-043936,INCLUDES
ATTACK-001,EVT-043937,INCLUDES
ATTACK-001,EVT-043938,INCLUDES
ATTACK-001,EVT-043939,INCLUDES
ATTACK-001,EVT-043940,INCLUDES
ATTACK-001,EVT-043941,INCLUDES
ATTACK-001,EVT-043942,INCLUDES
ATTACK-001,EVT-043943,INCLUDES
ATTACK-001,EVT-043944,INCLUDES
ATTACK-001,EVT-043945,INCLUDES
ATTACK-001,EVT-043946,INCLUDES
ATTACK-001,EVT-043947,INCLUDES
ATTACK-001,EVT-043948,INCLUDES
ATTACK-001,EVT-043949,INCLUDES
ATTACK-001,EVT-043950,INCLUDES
ATTACK-001,EVT-043951,INCLUDES
ATTACK-001,EVT-043952,INCLUDES
ATTACK-001,EVT-043953,INCLUDES
ATTACK-001,EVT-043954,INCLUDES
ATTACK-001,EVT-043955,INCLUDES
ATTACK-001,EVT-043956,INCLUDES
ATTACK-001,EVT-043957,INCLUDES
ATTACK-001,EVT-043958,INCLUDES
ATTACK-001,EVT-043959,INCLUDES
ATTACK-001,EVT-043960,INCLUDES
ATTACK-001,EVT-043961,INCLUDES
ATTACK-001,EVT-043962,INCLUDES
ATTACK-001,EVT-043963,INCLUDES
ATTACK-001,EVT-043964,INCLUDES
ATTACK-001,EVT-043965,INCLUDES
ATTACK-001,EVT-043966,INCLUDES
ATTACK-001,EVT-043967,INCLUDES
ATTACK-001,EVT-043968,INCLUDES
ATTACK-001,EVT-043969,INCLUDES
ATTACK-001,EVT-043970,INCLUDES
ATTACK-001,EVT-043971,INCLUDES
ATTACK-001,EVT-043972,INCLUDES
ATTACK-001,EVT-043973,INCLUDES
ATTACK-001,EVT-043974,INCLUDES
ATTACK-001,EVT-043975,INCLUDES
ATTACK-001,EVT-043976,INCLUDES
ATTACK-001,EVT-043977,INCLUDES
ATTACK-001,EVT-043978,INCLUDES
ATTACK-001,EVT-043979,INCLUDES
ATTACK-001,EVT-043980,INCLUDES
ATTACK-001,EVT-043981,INCLUDES
ATTACK-001,EVT-043982,INCLUDES
ATTACK-001,EVT-043983,INCLUDES
ATTACK-001,EVT-043984,INCLUDES
ATTACK-001,EVT-043985,INCLUDES
ATTACK-001,EVT-043986,INCLUDES
ATTACK-001,EVT-043987,INCLUDES
ATTACK-001,EVT-043988,INCLUDES
ATTACK-001,EVT-043989,INCLUDES
ATTACK-001,EVT-043990,INCLUDES
ATTACK-001,EVT-043991,INCLUDES
ATTACK-001,EVT-043992,INCLUDES
ATTACK-001,EVT-043993,INCLUDES
ATTACK-001,EVT-043994,INCLUDES
ATTACK-001,EVT-043995,INCLUDES
ATTACK-001,EVT-043996,INCLUDES
ATTACK-001,EVT-043997,INCLUDES
ATTACK-001,EVT-043998,INCLUDES
ATTACK-001,EVT-043999,INCLUDES
ATTACK-001,EVT-044000,INCLUDES
ATTACK-001,EVT-044001,INCLUDES
ATTACK-001,EVT-044002,INCLUDES
ATTACK-001,EVT-044003,INCLUDES
ATTACK-001,EVT-044004,INCLUDES
ATTACK-001,EVT-044005,INCLUDES
ATTACK-001,EVT-044006,INCLUDES
ATTACK-001,EVT-044007,INCLUDES
ATTACK-001,EVT-044008,INCLUDES
ATTACK-001,EVT-044009,INCLUDES
ATTACK-001,EVT-044010,INCLUDES
ATTACK-001,EVT-044011,INCLUDES
ATTACK-001,EVT-044012,INCLUDES
ATTACK-001,EVT-044013,INCLUDES
ATTACK-001,EVT-044014,INCLUDES
ATTACK-001,EVT-044015,INCLUDES
ATTACK-001,EVT-044016,INCLUDES
ATTACK-001,EVT-044017,INCLUDES
ATTACK-001,EVT-044018,INCLUDES
ATTACK-001,EVT-044019,INCLUDES
ATTACK-001,EVT-044020,INCLUDES
ATTACK-001,EVT-044021,INCLUDES
ATTACK-001,EVT-044022,INCLUDES
ATTACK-001,EVT-044023,INCLUDES
ATTACK-001,EVT-044024,INCLUDES
ATTACK-001,EVT-044025,INCLUDES
ATTACK-001,EVT-044026,INCLUDES
ATTACK-001,EVT-044027,INCLUDES
ATTACK-001,EVT-044028,INCLUDES
ATTACK-001,EVT-044029,INCLUDES
ATTACK-001,EVT-044030,INCLUDES
ATTACK-001,EVT-044031,INCLUDES
ATTACK-001,EVT-044032,INCLUDES
ATTACK-001,EVT-044033,INCLUDES
ATTACK-001,EVT-044034,INCLUDES
ATTACK-001,EVT-044035,INCLUDES
ATTACK-001,EVT-044036,INCLUDES
ATTACK-001,EVT-044037,INCLUDES
ATTACK-001,EVT-044038,INCLUDES
ATTACK-001,EVT-044039,INCLUDES
ATTACK-001,EVT-044040,INCLUDES
ATTACK-001,EVT-044041,INCLUDES
ATTACK-001,EVT-044042,INCLUDES
ATTACK-001,EVT-044043,INCLUDES
ATTACK-001,EVT-044044,INCLUDES
ATTACK-001,EVT-044045,INCLUDES
ATTACK-001,EVT-044046,INCLUDES
ATTACK-001,EVT-044047,INCLUDES
ATTACK-001,EVT-044048,INCLUDES
ATTACK-001,EVT-044049,INCLUDES
ATTACK-001,EVT-044050,INCLUDES
ATTACK-001,EVT-044051,INCLUDES
ATTACK-001,EVT-044052,INCLUDES
ATTACK-001,EVT-044053,INCLUDES
ATTACK-001,EVT-044054,INCLUDES
ATTACK-001,EVT-044055,INCLUDES
ATTACK-001,EVT-044056,INCLUDES
ATTACK-001,EVT-044057,INCLUDES
ATTACK-001,EVT-044058,INCLUDES
ATTACK-001,EVT-044059,INCLUDES
ATTACK-001,EVT-044060,INCLUDES
ATTACK-001,EVT-044061,INCLUDES
ATTACK-001,EVT-044062,INCLUDES
ATTACK-001,EVT-044063,INCLUDES
ATTACK-001,EVT-044064,INCLUDES
ATTACK-001,EVT-044065,INCLUDES
ATTACK-001,EVT-044066,INCLUDES
ATTACK-001,EVT-044067,INCLUDES
ATTACK-001,EVT-044068,INCLUDES
ATTACK-001,EVT-044069,INCLUDES
ATTACK-001,EVT-044070,INCLUDES
ATTACK-001,EVT-044071,INCLUDES
ATTACK-001,EVT-044072,INCLUDES
ATTACK-001,EVT-044073,INCLUDES
ATTACK-001,EVT-044074,INCLUDES
ATTACK-001,EVT-044075,INCLUDES
ATTACK-001,EVT-044076,INCLUDES
ATTACK-001,EVT-044077,INCLUDES
ATTACK-001,EVT-044078,INCLUDES
ATTACK-001,EVT-044079,INCLUDES
ATTACK-001,EVT-044080,INCLUDES
ATTACK-001,EVT-044081,INCLUDES
ATTACK-001,EVT-044082,INCLUDES
ATTACK-001,EVT-044083,INCLUDES
ATTACK-001,EVT-044084,INCLUDES
ATTACK-001,EVT-044085,INCLUDES
ATTACK-001,EVT-044086,INCLUDES
ATTACK-001,EVT-044087,INCLUDES
ATTACK-001,EVT-044088,INCLUDES
ATTACK-001,EVT-044089,INCLUDES
ATTACK-001,EVT-044090,INCLUDES
ATTACK-001,EVT-044091,INCLUDES
ATTACK-001,EVT-044092,INCLUDES
ATTACK-001,EVT-044093,INCLUDES
ATTACK-001,EVT-044094,INCLUDES
ATTACK-001,EVT-044095,INCLUDES
ATTACK-001,EVT-044096,INCLUDES
ATTACK-001,EVT-044097,INCLUDES
ATTACK-001,EVT-044098,INCLUDES
ATTACK-001,EVT-044099,INCLUDES
ATTACK-001,EVT-044100,INCLUDES
ATTACK-001,EVT-044101,INCLUDES
ATTACK-001,EVT-044102,INCLUDES
ATTACK-001,EVT-044103,INCLUDES
ATTACK-001,EVT-044104,INCLUDES
ATTACK-001,EVT-044105,INCLUDES
ATTACK-001,EVT-044106,INCLUDES
ATTACK-001,EVT-044107,INCLUDES
ATTACK-001,EVT-044108,INCLUDES
ATTACK-001,EVT-044109,INCLUDES
ATTACK-001,EVT-044110,INCLUDES
ATTACK-001,EVT-044111,INCLUDES
ATTACK-001,EVT-044112,INCLUDES
ATTACK-001,EVT-044113,INCLUDES
ATTACK-001,EVT-044114,INCLUDES
ATTACK-001,EVT-044115,INCLUDES
ATTACK-001,EVT-044116,INCLUDES
ATTACK-001,EVT-044117,INCLUDES
ATTACK-001,EVT-044118,INCLUDES
ATTACK-001,EVT-044119,INCLUDES
ATTACK-001,EVT-044120,INCLUDES
ATTACK-001,EVT-044121,INCLUDES
ATTACK-001,EVT-044122,INCLUDES
ATTACK-001,EVT-044123,INCLUDES
ATTACK-001,EVT-044124,INCLUDES
ATTACK-001,EVT-044125,INCLUDES
ATTACK-001,EVT-044126,INCLUDES
ATTACK-001,EVT-044127,INCLUDES
ATTACK-001,EVT-044128,INCLUDES
ATTACK-001,EVT-044129,INCLUDES
ATTACK-001,EVT-044130,INCLUDES
ATTACK-001,EVT-044131,INCLUDES
ATTACK-001,EVT-044132,INCLUDES
ATTACK-001,EVT-044133,INCLUDES
ATTACK-001,EVT-044134,INCLUDES
ATTACK-001,EVT-044135,INCLUDES
ATTACK-001,EVT-044136,INCLUDES
ATTACK-001,EVT-044137,INCLUDES
ATTACK-001,EVT-044138,INCLUDES
ATTACK-001,EVT-044139,INCLUDES
ATTACK-001,EVT-044140,INCLUDES
ATTACK-001,EVT-044141,INCLUDES
ATTACK-001,EVT-044142,INCLUDES
ATTACK-001,EVT-044143,INCLUDES
ATTACK-001,EVT-044144,INCLUDES
ATTACK-001,EVT-044145,INCLUDES
ATTACK-001,EVT-044146,INCLUDES
ATTACK-001,EVT-044147,INCLUDES
ATTACK-001,EVT-044148,INCLUDES
ATTACK-001,EVT-044149,INCLUDES
ATTACK-001,EVT-044150,INCLUDES
ATTACK-001,EVT-044151,INCLUDES
ATTACK-001,EVT-044152,INCLUDES
ATTACK-001,EVT-044153,INCLUDES
ATTACK-001,EVT-044154,INCLUDES
ATTACK-001,EVT-044155,INCLUDES
ATTACK-001,EVT-044156,INCLUDES
ATTACK-001,EVT-044157,INCLUDES
ATTACK-001,EVT-044158,INCLUDES
ATTACK-001,EVT-044159,INCLUDES
ATTACK-001,EVT-044160,INCLUDES
ATTACK-001,EVT-044161,INCLUDES
ATTACK-001,EVT-044162,INCLUDES
ATTACK-001,EVT-044163,INCLUDES
ATTACK-001,EVT-044164,INCLUDES
ATTACK-001,EVT-044165,INCLUDES
ATTACK-001,EVT-044166,INCLUDES
ATTACK-001,EVT-044167,INCLUDES
ATTACK-001,EVT-044168,INCLUDES
ATTACK-001,EVT-044169,INCLUDES
ATTACK-001,EVT-044170,INCLUDES
ATTACK-001,EVT-044171,INCLUDES
ATTACK-001,EVT-044172,INCLUDES
ATTACK-001,EVT-044173,INCLUDES
ATTACK-001,EVT-044174,INCLUDES
ATTACK-001,EVT-044175,INCLUDES
ATTACK-001,EVT-044176,INCLUDES
ATTACK-001,EVT-044177,INCLUDES
ATTACK-001,EVT-044178,INCLUDES
ATTACK-001,EVT-044179,INCLUDES
ATTACK-001,EVT-044180,INCLUDES
ATTACK-001,EVT-044181,INCLUDES
ATTACK-001,EVT-044182,INCLUDES
ATTACK-001,EVT-044183,INCLUDES
ATTACK-001,EVT-044184,INCLUDES
ATTACK-001,EVT-044185,INCLUDES
ATTACK-001,EVT-044186,INCLUDES
ATTACK-001,EVT-044187,INCLUDES
ATTACK-001,EVT-044188,INCLUDES
ATTACK-001,EVT-044189,INCLUDES
ATTACK-001,EVT-044190,INCLUDES
ATTACK-001,EVT-044191,INCLUDES
ATTACK-001,EVT-044192,INCLUDES
ATTACK-001,EVT-044193,INCLUDES
ATTACK-001,EVT-044194,INCLUDES
ATTACK-001,EVT-044195,INCLUDES
ATTACK-001,EVT-044196,INCLUDES
ATTACK-001,EVT-044197,INCLUDES
ATTACK-001,EVT-044198,INCLUDES
ATTACK-001,EVT-044199,INCLUDES
ATTACK-001,EVT-044200,INCLUDES
ATTACK-001,EVT-044201,INCLUDES
ATTACK-001,EVT-044202,INCLUDES
ATTACK-001,EVT-044203,INCLUDES
ATTACK-001,EVT-044204,INCLUDES
ATTACK-001,EVT-044205,INCLUDES
ATTACK-001,EVT-044206,INCLUDES
ATTACK-001,EVT-044207,INCLUDES
ATTACK-001,EVT-044208,INCLUDES
ATTACK-001,EVT-044209,INCLUDES
ATTACK-001,EVT-044210,INCLUDES
ATTACK-001,EVT-044211,INCLUDES
ATTACK-001,EVT-044212,INCLUDES
ATTACK-001,EVT-044213,INCLUDES
ATTACK-001,EVT-044214,INCLUDES
ATTACK-001,EVT-044215,INCLUDES
ATTACK-001,EVT-044216,INCLUDES
ATTACK-001,EVT-044217,INCLUDES
ATTACK-001,EVT-044218,INCLUDES
ATTACK-001,EVT-044219,INCLUDES
ATTACK-001,EVT-044220,INCLUDES
ATTACK-001,EVT-044221,INCLUDES
ATTACK-001,EVT-044222,INCLUDES
ATTACK-001,EVT-044223,INCLUDES
ATTACK-001,EVT-044224,INCLUDES
ATTACK-001,EVT-044225,INCLUDES
ATTACK-001,EVT-044226,INCLUDES
ATTACK-001,EVT-044227,INCLUDES
ATTACK-001,EVT-044228,INCLUDES
ATTACK-001,EVT-044229,INCLUDES
ATTACK-001,EVT-044230,INCLUDES
ATTACK-001,EVT-044231,INCLUDES
ATTACK-001,EVT-044232,INCLUDES
ATTACK-001,EVT-044233,INCLUDES
ATTACK-001,EVT-044234,INCLUDES
ATTACK-001,EVT-044235,INCLUDES
ATTACK-001,EVT-044236,INCLUDES
ATTACK-001,EVT-044237,INCLUDES
ATTACK-001,EVT-044238,INCLUDES
ATTACK-001,EVT-044239,INCLUDES
ATTACK-001,EVT-044240,INCLUDES
ATTACK-001,EVT-044241,INCLUDES
ATTACK-001,EVT-044242,INCLUDES
ATTACK-001,EVT-044243,INCLUDES
ATTACK-001,EVT-044244,INCLUDES
ATTACK-001,EVT-044245,INCLUDES
ATTACK-001,EVT-044246,INCLUDES
ATTACK-001,EVT-044247,INCLUDES
ATTACK-001,EVT-044248,INCLUDES
ATTACK-001,EVT-044249,INCLUDES
ATTACK-001,EVT-044250,INCLUDES
ATTACK-001,EVT-044251,INCLUDES
ATTACK-001,EVT-044252,INCLUDES
ATTACK-001,EVT-044253,INCLUDES
ATTACK-001,EVT-044254,INCLUDES
ATTACK-001,EVT-044255,INCLUDES
ATTACK-001,EVT-044256,INCLUDES
ATTACK-001,EVT-044257,INCLUDES
ATTACK-001,EVT-044258,INCLUDES
ATTACK-001,EVT-044259,INCLUDES
ATTACK-001,EVT-044260,INCLUDES
ATTACK-001,EVT-044261,INCLUDES
ATTACK-001,EVT-044262,INCLUDES
ATTACK-001,EVT-044263,INCLUDES
ATTACK-001,EVT-044264,INCLUDES
ATTACK-001,EVT-044265,INCLUDES
ATTACK-001,EVT-044266,INCLUDES
ATTACK-001,EVT-044267,INCLUDES
ATTACK-001,EVT-044268,INCLUDES
ATTACK-001,EVT-044269,INCLUDES
ATTACK-001,EVT-044270,INCLUDES
ATTACK-001,EVT-044271,INCLUDES
ATTACK-001,EVT-044272,INCLUDES
ATTACK-001,EVT-044273,INCLUDES
ATTACK-001,EVT-044274,INCLUDES
ATTACK-001,EVT-044275,INCLUDES
ATTACK-001,EVT-044276,INCLUDES
ATTACK-001,EVT-044277,INCLUDES
ATTACK-001,EVT-044278,INCLUDES
ATTACK-001,EVT-044279,INCLUDES
ATTACK-001,EVT-044280,INCLUDES
ATTACK-001,EVT-044281,INCLUDES
ATTACK-001,EVT-044282,INCLUDES
ATTACK-001,EVT-044283,INCLUDES
ATTACK-001,EVT-044284,INCLUDES
ATTACK-001,EVT-044285,INCLUDES
ATTACK-001,EVT-044286,INCLUDES
ATTACK-001,EVT-044287,INCLUDES
ATTACK-001,EVT-044288,INCLUDES
ATTACK-001,EVT-044289,INCLUDES
ATTACK-001,EVT-044290,INCLUDES
ATTACK-001,EVT-044291,INCLUDES
ATTACK-001,EVT-044292,INCLUDES
ATTACK-001,EVT-044293,INCLUDES
ATTACK-001,EVT-044294,INCLUDES
ATTACK-001,EVT-044295,INCLUDES
ATTACK-001,EVT-044296,INCLUDES
ATTACK-001,EVT-044297,INCLUDES
ATTACK-001,EVT-044298,INCLUDES
ATTACK-001,EVT-044299,INCLUDES
ATTACK-001,EVT-044300,INCLUDES
ATTACK-001,EVT-044301,INCLUDES
ATTACK-001,EVT-044302,INCLUDES
ATTACK-001,EVT-044303,INCLUDES
ATTACK-001,EVT-044304,INCLUDES
ATTACK-001,EVT-044305,INCLUDES
ATTACK-001,EVT-044306,INCLUDES
ATTACK-001,EVT-044307,INCLUDES
ATTACK-001,EVT-044308,INCLUDES
ATTACK-001,EVT-044309,INCLUDES
ATTACK-001,EVT-044310,INCLUDES
ATTACK-001,EVT-044311,INCLUDES
ATTACK-001,EVT-044312,INCLUDES
ATTACK-001,EVT-044313,INCLUDES
ATTACK-001,EVT-044314,INCLUDES
ATTACK-001,EVT-044315,INCLUDES
ATTACK-001,EVT-044316,INCLUDES
ATTACK-001,EVT-044317,INCLUDES
ATTACK-001,EVT-044318,INCLUDES
ATTACK-001,EVT-044319,INCLUDES
ATTACK-001,EVT-044320,INCLUDES
ATTACK-001,EVT-044321,INCLUDES
ATTACK-001,EVT-044322,INCLUDES
ATTACK-001,EVT-044323,INCLUDES
ATTACK-001,EVT-044324,INCLUDES
ATTACK-001,EVT-044325,INCLUDES
ATTACK-001,EVT-044326,INCLUDES
ATTACK-001,EVT-044327,INCLUDES
ATTACK-001,EVT-044328,INCLUDES
ATTACK-001,EVT-044329,INCLUDES
ATTACK-001,EVT-044330,INCLUDES
ATTACK-001,EVT-044331,INCLUDES
ATTACK-001,EVT-044332,INCLUDES
ATTACK-001,EVT-044333,INCLUDES
ATTACK-001,EVT-044334,INCLUDES
ATTACK-001,EVT-044335,INCLUDES
ATTACK-001,EVT-044336,INCLUDES
ATTACK-001,EVT-044337,INCLUDES
ATTACK-001,EVT-044338,INCLUDES
ATTACK-001,EVT-044339,INCLUDES
ATTACK-001,EVT-044340,INCLUDES
ATTACK-001,EVT-044341,INCLUDES
ATTACK-001,EVT-044342,INCLUDES
ATTACK-001,EVT-044343,INCLUDES
ATTACK-001,EVT-044344,INCLUDES
ATTACK-001,EVT-044345,INCLUDES
ATTACK-001,EVT-044346,INCLUDES
ATTACK-001,EVT-044347,INCLUDES
ATTACK-001,EVT-044348,INCLUDES
ATTACK-001,EVT-044349,INCLUDES
ATTACK-001,EVT-044350,INCLUDES
ATTACK-001,EVT-044351,INCLUDES
ATTACK-001,EVT-044352,INCLUDES
ATTACK-001,EVT-044353,INCLUDES
ATTACK-001,EVT-044354,INCLUDES
ATTACK-001,EVT-044355,INCLUDES
ATTACK-001,EVT-044356,INCLUDES
ATTACK-001,EVT-044357,INCLUDES
ATTACK-001,EVT-044358,INCLUDES
ATTACK-001,EVT-044359,INCLUDES
ATTACK-001,EVT-044360,INCLUDES
ATTACK-001,EVT-044361,INCLUDES
ATTACK-001,EVT-044362,INCLUDES
ATTACK-001,EVT-044363,INCLUDES
ATTACK-001,EVT-044364,INCLUDES
ATTACK-001,EVT-044365,INCLUDES
ATTACK-001,EVT-044366,INCLUDES
ATTACK-001,EVT-044367,INCLUDES
ATTACK-001,EVT-044368,INCLUDES
ATTACK-001,EVT-044369,INCLUDES
ATTACK-001,EVT-044370,INCLUDES
ATTACK-001,EVT-044371,INCLUDES
ATTACK-001,EVT-044372,INCLUDES
ATTACK-001,EVT-044373,INCLUDES
ATTACK-001,EVT-044374,INCLUDES
ATTACK-001,EVT-044375,INCLUDES
ATTACK-001,EVT-044376,INCLUDES
ATTACK-001,EVT-044377,INCLUDES
ATTACK-001,EVT-044378,INCLUDES
ATTACK-001,EVT-044379,INCLUDES
ATTACK-001,EVT-044380,INCLUDES
ATTACK-001,EVT-044381,INCLUDES
ATTACK-001,EVT-044382,INCLUDES
ATTACK-001,EVT-044383,INCLUDES
ATTACK-001,EVT-044384,INCLUDES
ATTACK-001,EVT-044385,INCLUDES
ATTACK-001,EVT-044386,INCLUDES
ATTACK-001,EVT-044387,INCLUDES
ATTACK-001,EVT-044388,INCLUDES
ATTACK-001,EVT-044389,INCLUDES
ATTACK-001,EVT-044390,INCLUDES
ATTACK-001,EVT-044391,INCLUDES
ATTACK-001,EVT-044392,INCLUDES
ATTACK-001,EVT-044393,INCLUDES
ATTACK-001,EVT-044394,INCLUDES
ATTACK-001,EVT-044395,INCLUDES
ATTACK-001,EVT-044396,INCLUDES
ATTACK-001,EVT-044397,INCLUDES
ATTACK-001,EVT-044398,INCLUDES
ATTACK-001,EVT-044399,INCLUDES
ATTACK-001,EVT-044400,INCLUDES
ATTACK-001,EVT-044401,INCLUDES
ATTACK-001,EVT-044402,INCLUDES
ATTACK-001,EVT-044403,INCLUDES
ATTACK-001,EVT-044404,INCLUDES
ATTACK-001,EVT-044405,INCLUDES
ATTACK-001,EVT-044406,INCLUDES
ATTACK-001,EVT-044407,INCLUDES
ATTACK-001,EVT-044408,INCLUDES
ATTACK-001,EVT-044409,INCLUDES
ATTACK-001,EVT-044410,INCLUDES
ATTACK-001,EVT-044411,INCLUDES
ATTACK-001,EVT-044412,INCLUDES
ATTACK-001,EVT-044413,INCLUDES
ATTACK-001,EVT-044414,INCLUDES
ATTACK-001,EVT-044415,INCLUDES
ATTACK-001,EVT-044416,INCLUDES
ATTACK-001,EVT-044417,INCLUDES
ATTACK-001,EVT-044418,INCLUDES
ATTACK-001,EVT-044419,INCLUDES
ATTACK-001,EVT-044420,INCLUDES
ATTACK-001,EVT-044421,INCLUDES
ATTACK-001,EVT-044422,INCLUDES
ATTACK-001,EVT-044423,INCLUDES
ATTACK-001,EVT-044424,INCLUDES
ATTACK-001,EVT-044425,INCLUDES
ATTACK-001,EVT-044426,INCLUDES
ATTACK-001,EVT-044427,INCLUDES
ATTACK-001,EVT-044428,INCLUDES
ATTACK-001,EVT-044429,INCLUDES
ATTACK-001,EVT-044430,INCLUDES
ATTACK-001,EVT-044431,INCLUDES
ATTACK-001,EVT-044432,INCLUDES
ATTACK-001,EVT-044433,INCLUDES
ATTACK-001,EVT-044434,INCLUDES
ATTACK-001,EVT-044435,INCLUDES
ATTACK-001,EVT-044436,INCLUDES
ATTACK-001,EVT-044437,INCLUDES
ATTACK-001,EVT-044438,INCLUDES
ATTACK-001,EVT-044439,INCLUDES
ATTACK-001,EVT-044440,INCLUDES
ATTACK-001,EVT-044441,INCLUDES
ATTACK-001,EVT-044442,INCLUDES
ATTACK-001,EVT-044443,INCLUDES
ATTACK-001,EVT-044444,INCLUDES
ATTACK-001,EVT-044445,INCLUDES
ATTACK-001,EVT-044446,INCLUDES
ATTACK-001,EVT-044447,INCLUDES
ATTACK-001,EVT-044448,INCLUDES
ATTACK-001,EVT-044449,INCLUDES
ATTACK-001,EVT-044450,INCLUDES
ATTACK-001,EVT-044451,INCLUDES
ATTACK-001,EVT-044452,INCLUDES
ATTACK-001,EVT-044453,INCLUDES
ATTACK-001,EVT-044454,INCLUDES
ATTACK-001,EVT-044455,INCLUDES
ATTACK-001,EVT-044456,INCLUDES
ATTACK-001,EVT-044457,INCLUDES
ATTACK-001,EVT-044458,INCLUDES
ATTACK-001,EVT-044459,INCLUDES
ATTACK-001,EVT-044460,INCLUDES
ATTACK-001,EVT-044461,INCLUDES
ATTACK-001,EVT-044462,INCLUDES
ATTACK-001,EVT-044463,INCLUDES
ATTACK-001,EVT-044464,INCLUDES
ATTACK-001,EVT-044465,INCLUDES
ATTACK-001,EVT-044466,INCLUDES
ATTACK-001,EVT-044467,INCLUDES
ATTACK-001,EVT-044468,INCLUDES
ATTACK-001,EVT-044469,INCLUDES
ATTACK-001,EVT-044470,INCLUDES
ATTACK-001,EVT-044471,INCLUDES
ATTACK-001,EVT-044472,INCLUDES
ATTACK-001,EVT-044473,INCLUDES
ATTACK-001,EVT-044474,INCLUDES
ATTACK-001,EVT-044475,INCLUDES
ATTACK-001,EVT-044476,INCLUDES
ATTACK-001,EVT-044477,INCLUDES
ATTACK-001,EVT-044478,INCLUDES
ATTACK-001,EVT-044479,INCLUDES
ATTACK-001,EVT-044480,INCLUDES
ATTACK-001,EVT-044481,INCLUDES
ATTACK-001,EVT-044482,INCLUDES
ATTACK-001,EVT-044483,INCLUDES
ATTACK-001,EVT-044484,INCLUDES
ATTACK-001,EVT-044485,INCLUDES
ATTACK-001,EVT-044486,INCLUDES
ATTACK-001,EVT-044487,INCLUDES
ATTACK-001,EVT-044488,INCLUDES
ATTACK-001,EVT-044489,INCLUDES
ATTACK-001,EVT-044490,INCLUDES
ATTACK-001,EVT-044491,INCLUDES
ATTACK-001,EVT-044492,INCLUDES
ATTACK-001,EVT-044493,INCLUDES
ATTACK-001,EVT-044494,INCLUDES
ATTACK-001,EVT-044495,INCLUDES
ATTACK-001,EVT-044496,INCLUDES
ATTACK-001,EVT-044497,INCLUDES
ATTACK-001,EVT-044498,INCLUDES
ATTACK-001,EVT-044499,INCLUDES
ATTACK-001,EVT-044500,INCLUDES
ATTACK-001,EVT-044501,INCLUDES
ATTACK-001,EVT-044502,INCLUDES
ATTACK-001,EVT-044503,INCLUDES
ATTACK-001,EVT-044504,INCLUDES
ATTACK-001,EVT-044505,INCLUDES
ATTACK-001,EVT-044506,INCLUDES
ATTACK-001,EVT-044507,INCLUDES
ATTACK-001,EVT-044508,INCLUDES
ATTACK-001,EVT-044509,INCLUDES
ATTACK-001,EVT-044510,INCLUDES
ATTACK-001,EVT-044511,INCLUDES
ATTACK-001,EVT-044512,INCLUDES
ATTACK-001,EVT-044513,INCLUDES
ATTACK-001,EVT-044514,INCLUDES
ATTACK-001,EVT-044515,INCLUDES
ATTACK-001,EVT-044516,INCLUDES
ATTACK-001,EVT-044517,INCLUDES
ATTACK-001,EVT-044518,INCLUDES
ATTACK-001,EVT-044519,INCLUDES
ATTACK-001,EVT-044520,INCLUDES
ATTACK-001,EVT-044521,INCLUDES
ATTACK-001,EVT-044522,INCLUDES
ATTACK-001,EVT-044523,INCLUDES
ATTACK-001,EVT-044524,INCLUDES
ATTACK-001,EVT-044525,INCLUDES
ATTACK-001,EVT-044526,INCLUDES
ATTACK-001,EVT-044527,INCLUDES
ATTACK-001,EVT-044528,INCLUDES
ATTACK-001,EVT-044529,INCLUDES
ATTACK-001,EVT-044530,INCLUDES
ATTACK-001,EVT-044531,INCLUDES
ATTACK-001,EVT-044532,INCLUDES
ATTACK-001,EVT-044533,INCLUDES
ATTACK-001,EVT-044534,INCLUDES
ATTACK-001,EVT-044535,INCLUDES
ATTACK-001,EVT-044536,INCLUDES
ATTACK-001,EVT-044537,INCLUDES
ATTACK-001,EVT-044538,INCLUDES
ATTACK-001,EVT-044539,INCLUDES
ATTACK-001,EVT-044540,INCLUDES
ATTACK-001,EVT-044541,INCLUDES
ATTACK-001,EVT-044542,INCLUDES
ATTACK-001,EVT-044543,INCLUDES
ATTACK-001,EVT-044544,INCLUDES
ATTACK-001,EVT-044545,INCLUDES
ATTACK-001,EVT-044546,INCLUDES
ATTACK-001,EVT-044547,INCLUDES
ATTACK-001,EVT-044548,INCLUDES
ATTACK-001,EVT-044549,INCLUDES
ATTACK-001,EVT-044550,INCLUDES
ATTACK-001,EVT-044551,INCLUDES
ATTACK-001,EVT-044552,INCLUDES
ATTACK-001,EVT-044553,INCLUDES
ATTACK-001,EVT-044554,INCLUDES
ATTACK-001,EVT-044555,INCLUDES
ATTACK-001,EVT-044556,INCLUDES
ATTACK-001,EVT-044557,INCLUDES
ATTACK-001,EVT-044558,INCLUDES
ATTACK-001,EVT-044559,INCLUDES
ATTACK-001,EVT-044560,INCLUDES
ATTACK-001,EVT-044561,INCLUDES
ATTACK-001,EVT-044562,INCLUDES
ATTACK-001,EVT-044563,INCLUDES
ATTACK-001,EVT-044564,INCLUDES
ATTACK-001,EVT-044565,INCLUDES
ATTACK-001,EVT-044566,INCLUDES
ATTACK-001,EVT-044567,INCLUDES
ATTACK-001,EVT-044568,INCLUDES
ATTACK-001,EVT-044569,INCLUDES
ATTACK-001,EVT-044570,INCLUDES
ATTACK-001,EVT-044571,INCLUDES
ATTACK-001,EVT-044572,INCLUDES
ATTACK-001,EVT-044573,INCLUDES
ATTACK-001,EVT-044574,INCLUDES
ATTACK-001,EVT-044575,INCLUDES
ATTACK-001,EVT-044576,INCLUDES
ATTACK-001,EVT-044577,INCLUDES
ATTACK-001,EVT-044578,INCLUDES
ATTACK-001,EVT-044579,INCLUDES
ATTACK-001,EVT-044580,INCLUDES
ATTACK-001,EVT-044581,INCLUDES
ATTACK-001,EVT-044582,INCLUDES
ATTACK-001,EVT-044583,INCLUDES
ATTACK-001,EVT-044584,INCLUDES
ATTACK-001,EVT-044585,INCLUDES
ATTACK-001,EVT-044586,INCLUDES
ATTACK-001,EVT-044587,INCLUDES
ATTACK-001,EVT-044588,INCLUDES
ATTACK-001,EVT-044589,INCLUDES
ATTACK-001,EVT-044590,INCLUDES
ATTACK-001,EVT-044591,INCLUDES
ATTACK-001,EVT-044592,INCLUDES
ATTACK-001,EVT-044593,INCLUDES
ATTACK-001,EVT-044594,INCLUDES
ATTACK-001,EVT-044595,INCLUDES
ATTACK-001,EVT-044596,INCLUDES
ATTACK-001,EVT-044597,INCLUDES
ATTACK-001,EVT-044598,INCLUDES
ATTACK-001,EVT-044599,INCLUDES
ATTACK-001,EVT-044600,INCLUDES
ATTACK-001,EVT-044601,INCLUDES
ATTACK-001,EVT-044602,INCLUDES
ATTACK-001,EVT-044603,INCLUDES
ATTACK-001,EVT-044604,INCLUDES
ATTACK-001,EVT-044605,INCLUDES
ATTACK-001,EVT-044606,INCLUDES
ATTACK-001,EVT-044607,INCLUDES
ATTACK-001,EVT-044608,INCLUDES
ATTACK-001,EVT-044609,INCLUDES
ATTACK-001,EVT-044610,INCLUDES
ATTACK-001,EVT-044611,INCLUDES
ATTACK-001,EVT-044612,INCLUDES
ATTACK-001,EVT-044613,INCLUDES
ATTACK-001,EVT-044614,INCLUDES
ATTACK-001,EVT-044615,INCLUDES
ATTACK-001,EVT-044616,INCLUDES
ATTACK-001,EVT-044617,INCLUDES
ATTACK-001,EVT-044618,INCLUDES
ATTACK-001,EVT-044619,INCLUDES
ATTACK-001,EVT-044620,INCLUDES
ATTACK-001,EVT-044621,INCLUDES
ATTACK-001,EVT-044622,INCLUDES
ATTACK-001,EVT-044623,INCLUDES
ATTACK-001,EVT-044624,INCLUDES
ATTACK-001,EVT-044625,INCLUDES
ATTACK-001,EVT-044626,INCLUDES
ATTACK-001,EVT-044627,INCLUDES
ATTACK-001,EVT-044628,INCLUDES
ATTACK-001,EVT-044629,INCLUDES
ATTACK-001,EVT-044630,INCLUDES
ATTACK-001,EVT-044631,INCLUDES
ATTACK-001,EVT-044632,INCLUDES
ATTACK-001,EVT-044633,INCLUDES
ATTACK-001,EVT-044634,INCLUDES
ATTACK-001,EVT-044635,INCLUDES
ATTACK-001,EVT-044636,INCLUDES
ATTACK-001,EVT-044637,INCLUDES
ATTACK-001,EVT-044638,INCLUDES
ATTACK-001,EVT-044639,INCLUDES
ATTACK-001,EVT-044640,INCLUDES
ATTACK-001,EVT-044641,INCLUDES
ATTACK-001,EVT-044642,INCLUDES
ATTACK-001,EVT-044643,INCLUDES
ATTACK-001,EVT-044644,INCLUDES
ATTACK-001,EVT-044645,INCLUDES
ATTACK-001,EVT-044646,INCLUDES
ATTACK-001,EVT-044647,INCLUDES
ATTACK-001,EVT-044648,INCLUDES
ATTACK-001,EVT-044649,INCLUDES
ATTACK-001,EVT-044650,INCLUDES
ATTACK-001,EVT-044651,INCLUDES
ATTACK-001,EVT-044652,INCLUDES
ATTACK-001,EVT-044653,INCLUDES
ATTACK-001,EVT-044654,INCLUDES
ATTACK-001,EVT-044655,INCLUDES
ATTACK-001,EVT-044656,INCLUDES
ATTACK-001,EVT-044657,INCLUDES
ATTACK-001,EVT-044658,INCLUDES
ATTACK-001,EVT-044659,INCLUDES
ATTACK-001,EVT-044660,INCLUDES
ATTACK-001,EVT-044661,INCLUDES
ATTACK-001,EVT-044662,INCLUDES
ATTACK-001,EVT-044663,INCLUDES
ATTACK-001,EVT-044664,INCLUDES
ATTACK-001,EVT-044665,INCLUDES
ATTACK-001,EVT-044666,INCLUDES
ATTACK-001,EVT-044667,INCLUDES
ATTACK-001,EVT-044668,INCLUDES
ATTACK-001,EVT-044669,INCLUDES
ATTACK-001,EVT-044670,INCLUDES
ATTACK-001,EVT-044671,INCLUDES
ATTACK-001,EVT-044672,INCLUDES
ATTACK-001,EVT-044673,INCLUDES
ATTACK-001,EVT-044674,INCLUDES
ATTACK-001,EVT-044675,INCLUDES
ATTACK-001,EVT-044676,INCLUDES
ATTACK-001,EVT-044677,INCLUDES
ATTACK-001,EVT-044678,INCLUDES
ATTACK-001,EVT-044679,INCLUDES
ATTACK-001,EVT-044680,INCLUDES
ATTACK-001,EVT-044681,INCLUDES
ATTACK-001,EVT-044682,INCLUDES
ATTACK-001,EVT-044683,INCLUDES
ATTACK-001,EVT-044684,INCLUDES
ATTACK-001,EVT-044685,INCLUDES
ATTACK-001,EVT-044686,INCLUDES
ATTACK-001,EVT-044687,INCLUDES
ATTACK-001,EVT-044688,INCLUDES
ATTACK-001,EVT-044689,INCLUDES
ATTACK-001,EVT-044690,INCLUDES
ATTACK-001,EVT-044691,INCLUDES
ATTACK-001,EVT-044692,INCLUDES
ATTACK-001,EVT-044693,INCLUDES
ATTACK-001,EVT-044694,INCLUDES
ATTACK-001,EVT-044695,INCLUDES
ATTACK-001,EVT-044696,INCLUDES
ATTACK-001,EVT-044697,INCLUDES
ATTACK-001,EVT-044698,INCLUDES
ATTACK-001,EVT-044699,INCLUDES
ATTACK-001,EVT-044700,INCLUDES
ATTACK-001,EVT-044701,INCLUDES
ATTACK-001,EVT-044702,INCLUDES
ATTACK-001,EVT-044703,INCLUDES
ATTACK-001,EVT-044704,INCLUDES
ATTACK-001,EVT-044705,INCLUDES
ATTACK-001,EVT-044706,INCLUDES
ATTACK-001,EVT-044707,INCLUDES
ATTACK-001,EVT-044708,INCLUDES
ATTACK-001,EVT-044709,INCLUDES
ATTACK-001,EVT-044710,INCLUDES
ATTACK-001,EVT-044711,INCLUDES
ATTACK-001,EVT-044712,INCLUDES
ATTACK-001,EVT-044713,INCLUDES
ATTACK-001,EVT-044714,INCLUDES
ATTACK-001,EVT-044715,INCLUDES
ATTACK-001,EVT-044716,INCLUDES
ATTACK-001,EVT-044717,INCLUDES
ATTACK-001,EVT-044718,INCLUDES
ATTACK-001,EVT-044719,INCLUDES
ATTACK-001,EVT-044720,INCLUDES
ATTACK-001,EVT-044721,INCLUDES
ATTACK-001,EVT-044722,INCLUDES
ATTACK-001,EVT-044723,INCLUDES
ATTACK-001,EVT-044724,INCLUDES
ATTACK-001,EVT-044725,INCLUDES
ATTACK-001,EVT-044726,INCLUDES
ATTACK-001,EVT-044727,INCLUDES
ATTACK-001,EVT-044728,INCLUDES
ATTACK-001,EVT-044729,INCLUDES
ATTACK-001,EVT-044730,INCLUDES
ATTACK-001,EVT-044731,INCLUDES
ATTACK-001,EVT-044732,INCLUDES
ATTACK-001,EVT-044733,INCLUDES
ATTACK-001,EVT-044734,INCLUDES
ATTACK-001,EVT-044735,INCLUDES
ATTACK-001,EVT-044736,INCLUDES
ATTACK-001,EVT-044737,INCLUDES
ATTACK-001,EVT-044738,INCLUDES
ATTACK-001,EVT-044739,INCLUDES
ATTACK-001,EVT-044740,INCLUDES
ATTACK-001,EVT-044741,INCLUDES
ATTACK-001,EVT-044742,INCLUDES
ATTACK-001,EVT-044743,INCLUDES
ATTACK-001,EVT-044744,INCLUDES
ATTACK-001,EVT-044745,INCLUDES
ATTACK-001,EVT-044746,INCLUDES
ATTACK-001,EVT-044747,INCLUDES
ATTACK-001,EVT-044748,INCLUDES
ATTACK-001,EVT-044749,INCLUDES
ATTACK-001,EVT-044750,INCLUDES
ATTACK-001,EVT-044751,INCLUDES
ATTACK-001,EVT-044752,INCLUDES
ATTACK-001,EVT-044753,INCLUDES
ATTACK-001,EVT-044754,INCLUDES
ATTACK-001,EVT-044755,INCLUDES
ATTACK-001,EVT-044756,INCLUDES
ATTACK-001,EVT-044757,INCLUDES
ATTACK-001,EVT-044758,INCLUDES
ATTACK-001,EVT-044759,INCLUDES
ATTACK-001,EVT-044760,INCLUDES
ATTACK-001,EVT-044761,INCLUDES
ATTACK-001,EVT-044762,INCLUDES
ATTACK-001,EVT-044763,INCLUDES
ATTACK-001,EVT-044764,INCLUDES
ATTACK-001,EVT-044765,INCLUDES
ATTACK-001,EVT-044766,INCLUDES
ATTACK-001,EVT-044767,INCLUDES
ATTACK-001,EVT-044768,INCLUDES
ATTACK-001,EVT-044769,INCLUDES
ATTACK-001,EVT-044770,INCLUDES
ATTACK-001,EVT-044771,INCLUDES
ATTACK-001,EVT-044772,INCLUDES
ATTACK-001,EVT-044773,INCLUDES
ATTACK-001,EVT-044774,INCLUDES
ATTACK-001,EVT-044775,INCLUDES
ATTACK-001,EVT-044776,INCLUDES
ATTACK-001,EVT-044777,INCLUDES
ATTACK-001,EVT-044778,INCLUDES
ATTACK-001,EVT-044779,INCLUDES
ATTACK-001,EVT-044780,INCLUDES
ATTACK-001,EVT-044781,INCLUDES
ATTACK-001,EVT-044782,INCLUDES
ATTACK-001,EVT-044783,INCLUDES
ATTACK-001,EVT-044784,INCLUDES
ATTACK-001,EVT-044785,INCLUDES
ATTACK-001,EVT-044786,INCLUDES
ATTACK-001,EVT-044787,INCLUDES
ATTACK-001,EVT-044788,INCLUDES
ATTACK-001,EVT-044789,INCLUDES
ATTACK-001,EVT-044790,INCLUDES
ATTACK-001,EVT-044791,INCLUDES
ATTACK-001,EVT-044792,INCLUDES
ATTACK-001,EVT-044793,INCLUDES
ATTACK-001,EVT-044794,INCLUDES
ATTACK-001,EVT-044795,INCLUDES
ATTACK-001,EVT-044796,INCLUDES
ATTACK-001,EVT-044797,INCLUDES
ATTACK-001,EVT-044798,INCLUDES
ATTACK-001,EVT-044799,INCLUDES
ATTACK-001,EVT-044800,INCLUDES
ATTACK-001,EVT-044801,INCLUDES
ATTACK-001,EVT-044802,INCLUDES
ATTACK-001,EVT-044803,INCLUDES
ATTACK-001,EVT-044804,INCLUDES
ATTACK-001,EVT-044805,INCLUDES
ATTACK-001,EVT-044806,INCLUDES
ATTACK-001,EVT-044807,INCLUDES
ATTACK-001,EVT-044808,INCLUDES
ATTACK-001,EVT-044809,INCLUDES
ATTACK-001,EVT-044810,INCLUDES
ATTACK-001,EVT-044811,INCLUDES
ATTACK-001,EVT-044812,INCLUDES
ATTACK-001,EVT-044813,INCLUDES
ATTACK-001,EVT-044814,INCLUDES
ATTACK-001,EVT-044815,INCLUDES
ATTACK-001,EVT-044816,INCLUDES
ATTACK-001,EVT-044817,INCLUDES
ATTACK-001,EVT-044818,INCLUDES
ATTACK-001,EVT-044819,INCLUDES
ATTACK-001,EVT-044820,INCLUDES
ATTACK-001,EVT-044821,INCLUDES
ATTACK-001,EVT-044822,INCLUDES
ATTACK-001,EVT-044823,INCLUDES
ATTACK-001,EVT-044824,INCLUDES
ATTACK-001,EVT-044825,INCLUDES
ATTACK-001,EVT-044826,INCLUDES
ATTACK-001,EVT-044827,INCLUDES
ATTACK-001,EVT-044828,INCLUDES
ATTACK-001,EVT-044829,INCLUDES
ATTACK-001,EVT-044830,INCLUDES
ATTACK-001,EVT-044831,INCLUDES
ATTACK-001,EVT-044832,INCLUDES
ATTACK-001,EVT-044833,INCLUDES
ATTACK-001,EVT-044834,INCLUDES
ATTACK-001,EVT-044835,INCLUDES
ATTACK-001,EVT-044836,INCLUDES
ATTACK-001,EVT-044837,INCLUDES
ATTACK-001,EVT-044838,INCLUDES
ATTACK-001,EVT-044839,INCLUDES
ATTACK-001,EVT-044840,INCLUDES
ATTACK-001,EVT-044841,INCLUDES
ATTACK-001,EVT-044842,INCLUDES
ATTACK-001,EVT-044843,INCLUDES
ATTACK-001,EVT-044844,INCLUDES
ATTACK-001,EVT-044845,INCLUDES
ATTACK-001,EVT-044846,INCLUDES
ATTACK-001,EVT-044847,INCLUDES
ATTACK-001,EVT-044848,INCLUDES
ATTACK-001,EVT-044849,INCLUDES
ATTACK-001,EVT-044850,INCLUDES
ATTACK-001,EVT-044851,INCLUDES
ATTACK-001,EVT-044852,INCLUDES
ATTACK-001,EVT-044853,INCLUDES
ATTACK-001,EVT-044854,INCLUDES
ATTACK-001,EVT-044855,INCLUDES
ATTACK-001,EVT-044856,INCLUDES
ATTACK-001,EVT-044857,INCLUDES
ATTACK-001,EVT-044858,INCLUDES
ATTACK-001,EVT-044859,INCLUDES
ATTACK-001,EVT-044860,INCLUDES
ATTACK-001,EVT-044861,INCLUDES
ATTACK-001,EVT-044862,INCLUDES
ATTACK-001,EVT-044863,INCLUDES
ATTACK-001,EVT-044864,INCLUDES
ATTACK-001,EVT-044865,INCLUDES
ATTACK-001,EVT-044866,INCLUDES
ATTACK-001,EVT-044867,INCLUDES
ATTACK-001,EVT-044868,INCLUDES
ATTACK-001,EVT-044869,INCLUDES
ATTACK-001,EVT-044870,INCLUDES
ATTACK-001,EVT-044871,INCLUDES
ATTACK-001,EVT-044872,INCLUDES
ATTACK-001,EVT-044873,INCLUDES
ATTACK-001,EVT-044874,INCLUDES
ATTACK-001,EVT-044875,INCLUDES
ATTACK-001,EVT-044876,INCLUDES
ATTACK-001,EVT-044877,INCLUDES
ATTACK-001,EVT-044878,INCLUDES
ATTACK-001,EVT-044879,INCLUDES
ATTACK-001,EVT-044880,INCLUDES
ATTACK-001,EVT-044881,INCLUDES
ATTACK-001,EVT-044882,INCLUDES
ATTACK-001,EVT-044883,INCLUDES
ATTACK-001,EVT-044884,INCLUDES
ATTACK-001,EVT-044885,INCLUDES
ATTACK-001,EVT-044886,INCLUDES
ATTACK-001,EVT-044887,INCLUDES
ATTACK-001,EVT-044888,INCLUDES
ATTACK-001,EVT-044889,INCLUDES
ATTACK-001,EVT-044890,INCLUDES
ATTACK-001,EVT-044891,INCLUDES
ATTACK-001,EVT-044892,INCLUDES
ATTACK-001,EVT-044893,INCLUDES
ATTACK-001,EVT-044894,INCLUDES
ATTACK-001,EVT-044895,INCLUDES
ATTACK-001,EVT-044896,INCLUDES
ATTACK-001,EVT-044897,INCLUDES
ATTACK-001,EVT-044898,INCLUDES
ATTACK-001,EVT-044899,INCLUDES
ATTACK-001,EVT-044900,INCLUDES
ATTACK-001,EVT-044901,INCLUDES
ATTACK-001,EVT-044902,INCLUDES
ATTACK-001,EVT-044903,INCLUDES
ATTACK-001,EVT-044904,INCLUDES
ATTACK-001,EVT-044905,INCLUDES
ATTACK-001,EVT-044906,INCLUDES
ATTACK-001,EVT-044907,INCLUDES
ATTACK-001,EVT-044908,INCLUDES
ATTACK-001,EVT-044909,INCLUDES
ATTACK-001,EVT-044910,INCLUDES
ATTACK-001,EVT-044911,INCLUDES
ATTACK-001,EVT-044912,INCLUDES
ATTACK-001,EVT-044913,INCLUDES
ATTACK-001,EVT-044914,INCLUDES
ATTACK-001,EVT-044915,INCLUDES
ATTACK-001,EVT-044916,INCLUDES
ATTACK-001,EVT-044917,INCLUDES
ATTACK-001,EVT-044918,INCLUDES
ATTACK-001,EVT-044919,INCLUDES
ATTACK-001,EVT-044920,INCLUDES
ATTACK-001,EVT-044921,INCLUDES
ATTACK-001,EVT-044922,INCLUDES
ATTACK-001,EVT-044923,INCLUDES
ATTACK-001,EVT-044924,INCLUDES
ATTACK-001,EVT-044925,INCLUDES
ATTACK-001,EVT-044926,INCLUDES
ATTACK-001,EVT-044927,INCLUDES
ATTACK-001,EVT-044928,INCLUDES
ATTACK-001,EVT-044929,INCLUDES
ATTACK-001,EVT-044930,INCLUDES
ATTACK-001,EVT-044931,INCLUDES
ATTACK-001,EVT-044932,INCLUDES
ATTACK-001,EVT-044933,INCLUDES
ATTACK-001,EVT-044934,INCLUDES
ATTACK-001,EVT-044935,INCLUDES
ATTACK-001,EVT-044936,INCLUDES
ATTACK-001,EVT-044937,INCLUDES
ATTACK-001,EVT-044938,INCLUDES
ATTACK-001,EVT-044939,INCLUDES
ATTACK-001,EVT-044940,INCLUDES
ATTACK-001,EVT-044941,INCLUDES
ATTACK-001,EVT-044942,INCLUDES
ATTACK-001,EVT-044943,INCLUDES
ATTACK-001,EVT-044944,INCLUDES
ATTACK-001,EVT-044945,INCLUDES
ATTACK-001,EVT-044946,INCLUDES
ATTACK-001,EVT-044947,INCLUDES
ATTACK-001,EVT-044948,INCLUDES
ATTACK-001,EVT-044949,INCLUDES
ATTACK-001,EVT-044950,INCLUDES
ATTACK-001,EVT-044951,INCLUDES
ATTACK-001,EVT-044952,INCLUDES
ATTACK-001,EVT-044953,INCLUDES
ATTACK-001,EVT-044954,INCLUDES
ATTACK-001,EVT-044955,INCLUDES
ATTACK-001,EVT-044956,INCLUDES
ATTACK-001,EVT-044957,INCLUDES
ATTACK-001,EVT-044958,INCLUDES
ATTACK-001,EVT-044959,INCLUDES
ATTACK-001,EVT-044960,INCLUDES
ATTACK-001,EVT-044961,INCLUDES
ATTACK-001,EVT-044962,INCLUDES
ATTACK-001,EVT-044963,INCLUDES
ATTACK-001,EVT-044964,INCLUDES
ATTACK-001,EVT-044965,INCLUDES
ATTACK-001,EVT-044966,INCLUDES
ATTACK-001,EVT-044967,INCLUDES
ATTACK-001,EVT-044968,INCLUDES
ATTACK-001,EVT-044969,INCLUDES
ATTACK-001,EVT-044970,INCLUDES
ATTACK-001,EVT-044971,INCLUDES
ATTACK-001,EVT-044972,INCLUDES
ATTACK-001,EVT-044973,INCLUDES
ATTACK-001,EVT-044974,INCLUDES
ATTACK-001,EVT-044975,INCLUDES
ATTACK-001,EVT-044976,INCLUDES
ATTACK-001,EVT-044977,INCLUDES
ATTACK-001,EVT-044978,INCLUDES
ATTACK-001,EVT-044979,INCLUDES
ATTACK-001,EVT-044980,INCLUDES
ATTACK-001,EVT-044981,INCLUDES
ATTACK-001,EVT-044982,INCLUDES
ATTACK-001,EVT-044983,INCLUDES
ATTACK-001,EVT-044984,INCLUDES
ATTACK-001,EVT-044985,INCLUDES
ATTACK-001,EVT-044986,INCLUDES
ATTACK-001,EVT-044987,INCLUDES
ATTACK-001,EVT-044988,INCLUDES
ATTACK-001,EVT-044989,INCLUDES
ATTACK-001,EVT-044990,INCLUDES
ATTACK-001,EVT-044991,INCLUDES
ATTACK-001,EVT-044992,INCLUDES
ATTACK-001,EVT-044993,INCLUDES
ATTACK-001,EVT-044994,INCLUDES
ATTACK-001,EVT-044995,INCLUDES
ATTACK-001,EVT-044996,INCLUDES
ATTACK-001,EVT-044997,INCLUDES
ATTACK-001,EVT-044998,INCLUDES
ATTACK-001,EVT-044999,INCLUDES
ATTACK-001,EVT-045000,INCLUDES
ATTACK-001,EVT-045001,INCLUDES
ATTACK-001,EVT-045002,INCLUDES
ATTACK-001,EVT-045003,INCLUDES
ATTACK-001,EVT-045004,INCLUDES
ATTACK-001,EVT-045005,INCLUDES
ATTACK-001,EVT-045006,INCLUDES
ATTACK-001,EVT-045007,INCLUDES
ATTACK-001,EVT-045008,INCLUDES
ATTACK-001,EVT-045009,INCLUDES
ATTACK-001,EVT-045010,INCLUDES
ATTACK-001,EVT-045011,INCLUDES
ATTACK-001,EVT-045012,INCLUDES
ATTACK-001,EVT-045013,INCLUDES
ATTACK-001,EVT-045014,INCLUDES
ATTACK-001,EVT-045015,INCLUDES
ATTACK-001,EVT-045016,INCLUDES
ATTACK-001,EVT-045017,INCLUDES
ATTACK-001,EVT-045018,INCLUDES
ATTACK-001,EVT-045019,INCLUDES
ATTACK-001,EVT-045020,INCLUDES
ATTACK-001,EVT-045021,INCLUDES
ATTACK-001,EVT-045022,INCLUDES
ATTACK-001,EVT-045023,INCLUDES
ATTACK-001,EVT-045024,INCLUDES
ATTACK-001,EVT-045025,INCLUDES
ATTACK-001,EVT-045026,INCLUDES
ATTACK-001,EVT-045027,INCLUDES
ATTACK-001,EVT-045028,INCLUDES
ATTACK-001,EVT-045029,INCLUDES
ATTACK-001,EVT-045030,INCLUDES
ATTACK-001,EVT-045031,INCLUDES
ATTACK-001,EVT-045032,INCLUDES
ATTACK-001,EVT-045033,INCLUDES
ATTACK-001,EVT-045034,INCLUDES
ATTACK-001,EVT-045035,INCLUDES
ATTACK-001,EVT-045036,INCLUDES
ATTACK-001,EVT-045037,INCLUDES
ATTACK-001,EVT-045038,INCLUDES
ATTACK-001,EVT-045039,INCLUDES
ATTACK-001,EVT-045040,INCLUDES
ATTACK-001,EVT-045041,INCLUDES
ATTACK-001,EVT-045042,INCLUDES
ATTACK-001,EVT-045043,INCLUDES
ATTACK-001,EVT-045044,INCLUDES
ATTACK-001,EVT-045045,INCLUDES
ATTACK-001,EVT-045046,INCLUDES
ATTACK-001,EVT-045047,INCLUDES
ATTACK-001,EVT-045048,INCLUDES
ATTACK-001,EVT-045049,INCLUDES
ATTACK-001,EVT-045050,INCLUDES
ATTACK-001,EVT-045051,INCLUDES
ATTACK-001,EVT-045052,INCLUDES
ATTACK-001,EVT-045053,INCLUDES
ATTACK-001,EVT-045054,INCLUDES
ATTACK-001,EVT-045055,INCLUDES
ATTACK-001,EVT-045056,INCLUDES
ATTACK-001,EVT-045057,INCLUDES
ATTACK-001,EVT-045058,INCLUDES
ATTACK-001,EVT-045059,INCLUDES
ATTACK-001,EVT-045060,INCLUDES
ATTACK-001,EVT-045061,INCLUDES
ATTACK-001,EVT-045062,INCLUDES
ATTACK-001,EVT-045063,INCLUDES
ATTACK-001,EVT-045064,INCLUDES
ATTACK-001,EVT-045065,INCLUDES
ATTACK-001,EVT-045066,INCLUDES
ATTACK-001,EVT-045067,INCLUDES
ATTACK-001,EVT-045068,INCLUDES
ATTACK-001,EVT-045069,INCLUDES
ATTACK-001,EVT-045070,INCLUDES
ATTACK-001,EVT-045071,INCLUDES
ATTACK-001,EVT-045072,INCLUDES
ATTACK-001,EVT-045073,INCLUDES
ATTACK-001,EVT-045074,INCLUDES
ATTACK-001,EVT-045075,INCLUDES
ATTACK-001,EVT-045076,INCLUDES
ATTACK-001,EVT-045077,INCLUDES
ATTACK-001,EVT-045078,INCLUDES
ATTACK-001,EVT-045079,INCLUDES
ATTACK-001,EVT-045080,INCLUDES
ATTACK-001,EVT-045081,INCLUDES
ATTACK-001,EVT-045082,INCLUDES
ATTACK-001,EVT-045083,INCLUDES
ATTACK-001,EVT-045084,INCLUDES
ATTACK-001,EVT-045085,INCLUDES
ATTACK-001,EVT-045086,INCLUDES
ATTACK-001,EVT-045087,INCLUDES
ATTACK-001,EVT-045088,INCLUDES
ATTACK-001,EVT-045089,INCLUDES
ATTACK-001,EVT-045090,INCLUDES
ATTACK-001,EVT-045091,INCLUDES
ATTACK-001,EVT-045092,INCLUDES
ATTACK-001,EVT-045093,INCLUDES
ATTACK-001,EVT-045094,INCLUDES
ATTACK-001,EVT-045095,INCLUDES
ATTACK-001,EVT-045096,INCLUDES
ATTACK-001,EVT-045097,INCLUDES
ATTACK-001,EVT-045098,INCLUDES
ATTACK-001,EVT-045099,INCLUDES
ATTACK-001,EVT-045100,INCLUDES
ATTACK-001,EVT-045101,INCLUDES
ATTACK-001,EVT-045102,INCLUDES
ATTACK-001,EVT-045103,INCLUDES
ATTACK-001,EVT-045104,INCLUDES
ATTACK-001,EVT-045105,INCLUDES
ATTACK-001,EVT-045106,INCLUDES
ATTACK-001,EVT-045107,INCLUDES
ATTACK-001,EVT-045108,INCLUDES
ATTACK-001,EVT-045109,INCLUDES
ATTACK-001,EVT-045110,INCLUDES
ATTACK-001,EVT-045111,INCLUDES
ATTACK-001,EVT-045112,INCLUDES
ATTACK-001,EVT-045113,INCLUDES
ATTACK-001,EVT-045114,INCLUDES
ATTACK-001,EVT-045115,INCLUDES
ATTACK-001,EVT-045116,INCLUDES
ATTACK-001,EVT-045117,INCLUDES
ATTACK-001,EVT-045118,INCLUDES
ATTACK-001,EVT-045119,INCLUDES
ATTACK-001,EVT-045120,INCLUDES
ATTACK-001,EVT-045121,INCLUDES
ATTACK-001,EVT-045122,INCLUDES
ATTACK-001,EVT-045123,INCLUDES
ATTACK-001,EVT-045124,INCLUDES
ATTACK-001,EVT-045125,INCLUDES
ATTACK-001,EVT-045126,INCLUDES
ATTACK-001,EVT-045127,INCLUDES
ATTACK-001,EVT-045128,INCLUDES
ATTACK-001,EVT-045129,INCLUDES
ATTACK-001,EVT-045130,INCLUDES
ATTACK-001,EVT-045131,INCLUDES
ATTACK-001,EVT-045132,INCLUDES
ATTACK-001,EVT-045133,INCLUDES
ATTACK-001,EVT-045134,INCLUDES
ATTACK-001,EVT-045135,INCLUDES
ATTACK-001,EVT-045136,INCLUDES
ATTACK-001,EVT-045137,INCLUDES
ATTACK-001,EVT-045138,INCLUDES
ATTACK-001,EVT-045139,INCLUDES
ATTACK-001,EVT-045140,INCLUDES
ATTACK-001,EVT-045141,INCLUDES
ATTACK-001,EVT-045142,INCLUDES
ATTACK-001,EVT-045143,INCLUDES
ATTACK-001,EVT-045144,INCLUDES
ATTACK-001,EVT-045145,INCLUDES
ATTACK-001,EVT-045146,INCLUDES
ATTACK-001,EVT-045147,INCLUDES
ATTACK-001,EVT-045148,INCLUDES
ATTACK-001,EVT-045149,INCLUDES
ATTACK-001,EVT-045150,INCLUDES
ATTACK-001,EVT-045151,INCLUDES
ATTACK-001,EVT-045152,INCLUDES
ATTACK-001,EVT-045153,INCLUDES
ATTACK-001,EVT-045154,INCLUDES
ATTACK-001,EVT-045155,INCLUDES
ATTACK-001,EVT-045156,INCLUDES
ATTACK-001,EVT-045157,INCLUDES
ATTACK-001,EVT-045158,INCLUDES
ATTACK-001,EVT-045159,INCLUDES
ATTACK-001,EVT-045160,INCLUDES
ATTACK-001,EVT-045161,INCLUDES
ATTACK-001,EVT-045162,INCLUDES
ATTACK-001,EVT-045163,INCLUDES
ATTACK-001,EVT-045164,INCLUDES
ATTACK-001,EVT-045165,INCLUDES
ATTACK-001,EVT-045166,INCLUDES
ATTACK-001,EVT-045167,INCLUDES
ATTACK-001,EVT-045168,INCLUDES
ATTACK-001,EVT-045169,INCLUDES
ATTACK-001,EVT-045170,INCLUDES
ATTACK-001,EVT-045171,INCLUDES
ATTACK-001,EVT-045172,INCLUDES
ATTACK-001,EVT-045173,INCLUDES
ATTACK-001,EVT-045174,INCLUDES
ATTACK-001,EVT-045175,INCLUDES
ATTACK-001,EVT-045176,INCLUDES
ATTACK-001,EVT-045177,INCLUDES
ATTACK-001,EVT-045178,INCLUDES
ATTACK-001,EVT-045179,INCLUDES
ATTACK-001,EVT-045180,INCLUDES
ATTACK-001,EVT-045181,INCLUDES
ATTACK-001,EVT-045182,INCLUDES
ATTACK-001,EVT-045183,INCLUDES
ATTACK-001,EVT-045184,INCLUDES
ATTACK-001,EVT-045185,INCLUDES
ATTACK-001,EVT-045186,INCLUDES
ATTACK-001,EVT-045187,INCLUDES
ATTACK-001,EVT-045188,INCLUDES
ATTACK-001,EVT-045189,INCLUDES
ATTACK-001,EVT-045190,INCLUDES
ATTACK-001,EVT-045191,INCLUDES
ATTACK-001,EVT-045192,INCLUDES
ATTACK-001,EVT-045193,INCLUDES
ATTACK-001,EVT-045194,INCLUDES
ATTACK-001,EVT-045195,INCLUDES
ATTACK-001,EVT-045196,INCLUDES
ATTACK-001,EVT-045197,INCLUDES
ATTACK-001,EVT-045198,INCLUDES
ATTACK-001,EVT-045199,INCLUDES
ATTACK-001,EVT-045200,INCLUDES
ATTACK-001,EVT-045201,INCLUDES
ATTACK-001,EVT-045202,INCLUDES
ATTACK-001,EVT-045203,INCLUDES
ATTACK-001,EVT-045204,INCLUDES
ATTACK-001,EVT-045205,INCLUDES
ATTACK-001,EVT-045206,INCLUDES
ATTACK-001,EVT-045207,INCLUDES
ATTACK-001,EVT-045208,INCLUDES
ATTACK-001,EVT-045209,INCLUDES
ATTACK-001,EVT-045210,INCLUDES
ATTACK-001,EVT-045211,INCLUDES
ATTACK-001,EVT-045212,INCLUDES
ATTACK-001,EVT-045213,INCLUDES
ATTACK-001,EVT-045214,INCLUDES
ATTACK-001,EVT-045215,INCLUDES
ATTACK-001,EVT-045216,INCLUDES
ATTACK-001,EVT-045217,INCLUDES
ATTACK-001,EVT-045218,INCLUDES
ATTACK-001,EVT-045219,INCLUDES
ATTACK-001,EVT-045220,INCLUDES
ATTACK-001,EVT-045221,INCLUDES
ATTACK-001,EVT-045222,INCLUDES
ATTACK-001,EVT-045223,INCLUDES
ATTACK-001,EVT-045224,INCLUDES
ATTACK-001,EVT-045225,INCLUDES
ATTACK-001,EVT-045226,INCLUDES
ATTACK-001,EVT-045227,INCLUDES
ATTACK-001,EVT-045228,INCLUDES
ATTACK-001,EVT-045229,INCLUDES
ATTACK-001,EVT-045230,INCLUDES
ATTACK-001,EVT-045231,INCLUDES
ATTACK-001,EVT-045232,INCLUDES
ATTACK-001,EVT-045233,INCLUDES
ATTACK-001,EVT-045234,INCLUDES
ATTACK-001,EVT-045235,INCLUDES
ATTACK-001,EVT-045236,INCLUDES
ATTACK-001,EVT-045237,INCLUDES
ATTACK-001,EVT-045238,INCLUDES
ATTACK-001,EVT-045239,INCLUDES
ATTACK-001,EVT-045240,INCLUDES
ATTACK-001,EVT-045241,INCLUDES
ATTACK-001,EVT-045242,INCLUDES
ATTACK-001,EVT-045243,INCLUDES
ATTACK-001,EVT-045244,INCLUDES
ATTACK-001,EVT-045245,INCLUDES
ATTACK-001,EVT-045246,INCLUDES
ATTACK-001,EVT-045247,INCLUDES
ATTACK-001,EVT-045248,INCLUDES
ATTACK-001,EVT-045249,INCLUDES
ATTACK-001,EVT-045250,INCLUDES
ATTACK-001,EVT-045251,INCLUDES
ATTACK-001,EVT-045252,INCLUDES
ATTACK-001,EVT-045253,INCLUDES
ATTACK-001,EVT-045254,INCLUDES
ATTACK-001,EVT-045255,INCLUDES
ATTACK-001,EVT-045256,INCLUDES
ATTACK-001,EVT-045257,INCLUDES
ATTACK-001,EVT-045258,INCLUDES
ATTACK-001,EVT-045259,INCLUDES
ATTACK-001,EVT-045260,INCLUDES
ATTACK-001,EVT-045261,INCLUDES
ATTACK-001,EVT-045262,INCLUDES
ATTACK-001,EVT-045263,INCLUDES
ATTACK-001,EVT-045264,INCLUDES
ATTACK-001,EVT-045265,INCLUDES
ATTACK-001,EVT-045266,INCLUDES
ATTACK-001,EVT-045267,INCLUDES
ATTACK-001,EVT-045268,INCLUDES
ATTACK-001,EVT-045269,INCLUDES
ATTACK-001,EVT-045270,INCLUDES
ATTACK-001,EVT-045271,INCLUDES
ATTACK-001,EVT-045272,INCLUDES
ATTACK-001,EVT-045273,INCLUDES
ATTACK-001,EVT-045274,INCLUDES
ATTACK-001,EVT-045275,INCLUDES
ATTACK-001,EVT-045276,INCLUDES
ATTACK-001,EVT-045277,INCLUDES
ATTACK-001,EVT-045278,INCLUDES
ATTACK-001,EVT-045279,INCLUDES
ATTACK-001,EVT-045280,INCLUDES
ATTACK-001,EVT-045281,INCLUDES
ATTACK-001,EVT-045282,INCLUDES
ATTACK-001,EVT-045283,INCLUDES
ATTACK-001,EVT-045284,INCLUDES
ATTACK-001,EVT-045285,INCLUDES
ATTACK-001,EVT-045286,INCLUDES
ATTACK-001,EVT-045287,INCLUDES
ATTACK-001,EVT-045288,INCLUDES
ATTACK-001,EVT-045289,INCLUDES
ATTACK-001,EVT-045290,INCLUDES
ATTACK-001,EVT-045291,INCLUDES
ATTACK-001,EVT-045292,INCLUDES
ATTACK-001,EVT-045293,INCLUDES
ATTACK-001,EVT-045294,INCLUDES
ATTACK-001,EVT-045295,INCLUDES
ATTACK-001,EVT-045296,INCLUDES
ATTACK-001,EVT-045297,INCLUDES
ATTACK-001,EVT-045298,INCLUDES
ATTACK-001,EVT-045299,INCLUDES
ATTACK-001,EVT-045300,INCLUDES
ATTACK-001,EVT-045301,INCLUDES
ATTACK-001,EVT-045302,INCLUDES
ATTACK-001,EVT-045303,INCLUDES
ATTACK-001,EVT-045304,INCLUDES
ATTACK-001,EVT-045305,INCLUDES
ATTACK-001,EVT-045306,INCLUDES
ATTACK-001,EVT-045307,INCLUDES
ATTACK-001,EVT-045308,INCLUDES
ATTACK-001,EVT-045309,INCLUDES
ATTACK-001,EVT-045310,INCLUDES
ATTACK-001,EVT-045311,INCLUDES
ATTACK-001,EVT-045312,INCLUDES
ATTACK-001,EVT-045313,INCLUDES
ATTACK-001,EVT-045314,INCLUDES
ATTACK-001,EVT-045315,INCLUDES
ATTACK-001,EVT-045316,INCLUDES
ATTACK-001,EVT-045317,INCLUDES
ATTACK-001,EVT-045318,INCLUDES
ATTACK-001,EVT-045319,INCLUDES
ATTACK-001,EVT-045320,INCLUDES
ATTACK-001,EVT-045321,INCLUDES
ATTACK-001,EVT-045322,INCLUDES
ATTACK-001,EVT-045323,INCLUDES
ATTACK-001,EVT-045324,INCLUDES
ATTACK-001,EVT-045325,INCLUDES
ATTACK-001,EVT-045326,INCLUDES
ATTACK-001,EVT-045327,INCLUDES
ATTACK-001,EVT-045328,INCLUDES
ATTACK-001,EVT-045329,INCLUDES
ATTACK-001,EVT-045330,INCLUDES
ATTACK-001,EVT-045331,INCLUDES
ATTACK-001,EVT-045332,INCLUDES
ATTACK-001,EVT-045333,INCLUDES
ATTACK-001,EVT-045334,INCLUDES
ATTACK-001,EVT-045335,INCLUDES
ATTACK-001,EVT-045336,INCLUDES
ATTACK-001,EVT-045337,INCLUDES
ATTACK-001,EVT-045338,INCLUDES
ATTACK-001,EVT-045339,INCLUDES
ATTACK-001,EVT-045340,INCLUDES
ATTACK-001,EVT-045341,INCLUDES
ATTACK-001,EVT-045342,INCLUDES
ATTACK-001,EVT-045343,INCLUDES
ATTACK-001,EVT-045344,INCLUDES
ATTACK-001,EVT-045345,INCLUDES
ATTACK-001,EVT-045346,INCLUDES
ATTACK-001,EVT-045347,INCLUDES
ATTACK-001,EVT-045348,INCLUDES
ATTACK-001,EVT-045349,INCLUDES
ATTACK-001,EVT-045350,INCLUDES
ATTACK-001,EVT-045351,INCLUDES
ATTACK-001,EVT-045352,INCLUDES
ATTACK-001,EVT-045353,INCLUDES
ATTACK-001,EVT-045354,INCLUDES
ATTACK-001,EVT-045355,INCLUDES
ATTACK-001,EVT-045356,INCLUDES
ATTACK-001,EVT-045357,INCLUDES
ATTACK-001,EVT-045358,INCLUDES
ATTACK-001,EVT-045359,INCLUDES
ATTACK-001,EVT-045360,INCLUDES
ATTACK-001,EVT-045361,INCLUDES
ATTACK-001,EVT-045362,INCLUDES
ATTACK-001,EVT-045363,INCLUDES
ATTACK-001,EVT-045364,INCLUDES
ATTACK-001,EVT-045365,INCLUDES
ATTACK-001,EVT-045366,INCLUDES
ATTACK-001,EVT-045367,INCLUDES
ATTACK-001,EVT-045368,INCLUDES
ATTACK-001,EVT-045369,INCLUDES
ATTACK-001,EVT-045370,INCLUDES
ATTACK-001,EVT-045371,INCLUDES
ATTACK-001,EVT-045372,INCLUDES
ATTACK-001,EVT-045373,INCLUDES
ATTACK-001,EVT-045374,INCLUDES
ATTACK-001,EVT-045375,INCLUDES
ATTACK-001,EVT-045376,INCLUDES
ATTACK-001,EVT-045377,INCLUDES
ATTACK-001,EVT-045378,INCLUDES
ATTACK-001,EVT-045379,INCLUDES
ATTACK-001,EVT-045380,INCLUDES
ATTACK-001,EVT-045381,INCLUDES
ATTACK-001,EVT-045382,INCLUDES
ATTACK-001,EVT-045383,INCLUDES
ATTACK-001,EVT-045384,INCLUDES
ATTACK-001,EVT-045385,INCLUDES
ATTACK-001,EVT-045386,INCLUDES
ATTACK-001,EVT-045387,INCLUDES
ATTACK-001,EVT-045388,INCLUDES
ATTACK-001,EVT-045389,INCLUDES
ATTACK-001,EVT-045390,INCLUDES
ATTACK-001,EVT-045391,INCLUDES
ATTACK-001,EVT-045392,INCLUDES
ATTACK-001,EVT-045393,INCLUDES
ATTACK-001,EVT-045394,INCLUDES
ATTACK-001,EVT-045395,INCLUDES
ATTACK-001,EVT-045396,INCLUDES
ATTACK-001,EVT-045397,INCLUDES
ATTACK-001,EVT-045398,INCLUDES
ATTACK-001,EVT-045399,INCLUDES
ATTACK-001,EVT-045400,INCLUDES
ATTACK-001,EVT-045401,INCLUDES
ATTACK-001,EVT-045402,INCLUDES
ATTACK-001,EVT-045403,INCLUDES
ATTACK-001,EVT-045404,INCLUDES
ATTACK-001,EVT-045405,INCLUDES
ATTACK-001,EVT-045406,INCLUDES
ATTACK-001,EVT-045407,INCLUDES
ATTACK-001,EVT-045408,INCLUDES
ATTACK-001,EVT-045409,INCLUDES
ATTACK-001,EVT-045410,INCLUDES
ATTACK-001,EVT-045411,INCLUDES
ATTACK-001,EVT-045412,INCLUDES
ATTACK-001,EVT-045413,INCLUDES
ATTACK-001,EVT-045414,INCLUDES
ATTACK-001,EVT-045415,INCLUDES
ATTACK-001,EVT-045416,INCLUDES
ATTACK-001,EVT-045417,INCLUDES
ATTACK-001,EVT-045418,INCLUDES
ATTACK-001,EVT-045419,INCLUDES
ATTACK-001,EVT-045420,INCLUDES
ATTACK-001,EVT-045421,INCLUDES
ATTACK-001,EVT-045422,INCLUDES
ATTACK-001,EVT-045423,INCLUDES
ATTACK-001,EVT-045424,INCLUDES
ATTACK-001,EVT-045425,INCLUDES
ATTACK-001,EVT-045426,INCLUDES
ATTACK-001,EVT-045427,INCLUDES
ATTACK-001,EVT-045428,INCLUDES
ATTACK-001,EVT-045429,INCLUDES
ATTACK-001,EVT-045430,INCLUDES
ATTACK-001,EVT-045431,INCLUDES
ATTACK-001,EVT-045432,INCLUDES
ATTACK-001,EVT-045433,INCLUDES
ATTACK-001,EVT-045434,INCLUDES
ATTACK-001,EVT-045435,INCLUDES
ATTACK-001,EVT-045436,INCLUDES
ATTACK-001,EVT-045437,INCLUDES
ATTACK-001,EVT-045438,INCLUDES
ATTACK-001,EVT-045439,INCLUDES
ATTACK-001,EVT-045440,INCLUDES
ATTACK-001,EVT-045441,INCLUDES
ATTACK-001,EVT-045442,INCLUDES
ATTACK-001,EVT-045443,INCLUDES
ATTACK-001,EVT-045444,INCLUDES
ATTACK-001,EVT-045445,INCLUDES
ATTACK-001,EVT-045446,INCLUDES
ATTACK-001,EVT-045447,INCLUDES
ATTACK-001,EVT-045448,INCLUDES
ATTACK-001,EVT-045449,INCLUDES
ATTACK-001,EVT-045450,INCLUDES
ATTACK-001,EVT-045451,INCLUDES
ATTACK-001,EVT-045452,INCLUDES
ATTACK-001,EVT-045453,INCLUDES
ATTACK-001,EVT-045454,INCLUDES
ATTACK-001,EVT-045455,INCLUDES
ATTACK-001,EVT-045456,INCLUDES
ATTACK-001,EVT-045457,INCLUDES
ATTACK-001,EVT-045458,INCLUDES
ATTACK-001,EVT-045459,INCLUDES
ATTACK-001,EVT-045460,INCLUDES
ATTACK-001,EVT-045461,INCLUDES
ATTACK-001,EVT-045462,INCLUDES
ATTACK-001,EVT-045463,INCLUDES
ATTACK-001,EVT-045464,INCLUDES
ATTACK-001,EVT-045465,INCLUDES
ATTACK-001,EVT-045466,INCLUDES
ATTACK-001,EVT-045467,INCLUDES
ATTACK-001,EVT-045468,INCLUDES
ATTACK-001,EVT-045469,INCLUDES
ATTACK-001,EVT-045470,INCLUDES
ATTACK-001,EVT-045471,INCLUDES
ATTACK-001,EVT-045472,INCLUDES
ATTACK-001,EVT-045473,INCLUDES
ATTACK-001,EVT-045474,INCLUDES
ATTACK-001,EVT-045475,INCLUDES
ATTACK-001,EVT-045476,INCLUDES
ATTACK-001,EVT-045477,INCLUDES
ATTACK-001,EVT-045478,INCLUDES
ATTACK-001,EVT-045479,INCLUDES
ATTACK-001,EVT-045480,INCLUDES
ATTACK-001,EVT-045481,INCLUDES
ATTACK-001,EVT-045482,INCLUDES
ATTACK-001,EVT-045483,INCLUDES
ATTACK-001,EVT-045484,INCLUDES
ATTACK-001,EVT-045485,INCLUDES
ATTACK-001,EVT-045486,INCLUDES
ATTACK-001,EVT-045487,INCLUDES
ATTACK-001,EVT-045488,INCLUDES
ATTACK-001,EVT-045489,INCLUDES
ATTACK-001,EVT-045490,INCLUDES
ATTACK-001,EVT-045491,INCLUDES
ATTACK-001,EVT-045492,INCLUDES
ATTACK-001,EVT-045493,INCLUDES
ATTACK-001,EVT-045494,INCLUDES
ATTACK-001,EVT-045495,INCLUDES
ATTACK-001,EVT-045496,INCLUDES
ATTACK-001,EVT-045497,INCLUDES
ATTACK-001,EVT-045498,INCLUDES
ATTACK-001,EVT-045499,INCLUDES
ATTACK-001,EVT-045500,INCLUDES
ATTACK-001,EVT-045501,INCLUDES
ATTACK-001,EVT-045502,INCLUDES
ATTACK-001,EVT-045503,INCLUDES
ATTACK-001,EVT-045504,INCLUDES
ATTACK-001,EVT-045505,INCLUDES
ATTACK-001,EVT-045506,INCLUDES
ATTACK-001,EVT-045507,INCLUDES
ATTACK-001,EVT-045508,INCLUDES
ATTACK-001,EVT-045509,INCLUDES
ATTACK-001,EVT-045510,INCLUDES
ATTACK-001,EVT-045511,INCLUDES
ATTACK-001,EVT-045512,INCLUDES
ATTACK-001,EVT-045513,INCLUDES
ATTACK-001,EVT-045514,INCLUDES
ATTACK-001,EVT-045515,INCLUDES
ATTACK-001,EVT-045516,INCLUDES
ATTACK-001,EVT-045517,INCLUDES
ATTACK-001,EVT-045518,INCLUDES
ATTACK-001,EVT-045519,INCLUDES
ATTACK-001,EVT-045520,INCLUDES
ATTACK-001,EVT-045521,INCLUDES
ATTACK-001,EVT-045522,INCLUDES
ATTACK-001,EVT-045523,INCLUDES
ATTACK-001,EVT-045524,INCLUDES
ATTACK-001,EVT-045525,INCLUDES
ATTACK-001,EVT-045526,INCLUDES
ATTACK-001,EVT-045527,INCLUDES
ATTACK-001,EVT-045528,INCLUDES
ATTACK-001,EVT-045529,INCLUDES
ATTACK-001,EVT-045530,INCLUDES
ATTACK-001,EVT-045531,INCLUDES
ATTACK-001,EVT-045532,INCLUDES
ATTACK-001,EVT-045533,INCLUDES
ATTACK-001,EVT-045534,INCLUDES
ATTACK-001,EVT-045535,INCLUDES
ATTACK-001,EVT-045536,INCLUDES
ATTACK-001,EVT-045537,INCLUDES
ATTACK-001,EVT-045538,INCLUDES
ATTACK-001,EVT-045539,INCLUDES
ATTACK-001,EVT-045540,INCLUDES
ATTACK-001,EVT-045541,INCLUDES
ATTACK-001,EVT-045542,INCLUDES
ATTACK-001,EVT-045543,INCLUDES
ATTACK-001,EVT-045544,INCLUDES
ATTACK-001,EVT-045545,INCLUDES
ATTACK-001,EVT-045546,INCLUDES
ATTACK-001,EVT-045547,INCLUDES
ATTACK-001,EVT-045548,INCLUDES
ATTACK-001,EVT-045549,INCLUDES
ATTACK-001,EVT-045550,INCLUDES
ATTACK-001,EVT-045551,INCLUDES
ATTACK-001,EVT-045552,INCLUDES
ATTACK-001,EVT-045553,INCLUDES
ATTACK-001,EVT-045554,INCLUDES
ATTACK-001,EVT-045555,INCLUDES
ATTACK-001,EVT-045556,INCLUDES
ATTACK-001,EVT-045557,INCLUDES
ATTACK-001,EVT-045558,INCLUDES
ATTACK-001,EVT-045559,INCLUDES
ATTACK-001,EVT-045560,INCLUDES
ATTACK-001,EVT-045561,INCLUDES
ATTACK-001,EVT-045562,INCLUDES
ATTACK-001,EVT-045563,INCLUDES
ATTACK-001,EVT-045564,INCLUDES
ATTACK-001,EVT-045565,INCLUDES
ATTACK-001,EVT-045566,INCLUDES
ATTACK-001,EVT-045567,INCLUDES
ATTACK-001,EVT-045568,INCLUDES
ATTACK-001,EVT-045569,INCLUDES
ATTACK-001,EVT-045570,INCLUDES
ATTACK-001,EVT-045571,INCLUDES
ATTACK-001,EVT-045572,INCLUDES
ATTACK-001,EVT-045573,INCLUDES
ATTACK-001,EVT-045574,INCLUDES
ATTACK-001,EVT-045575,INCLUDES
ATTACK-001,EVT-045576,INCLUDES
ATTACK-001,EVT-045577,INCLUDES
ATTACK-001,EVT-045578,INCLUDES
ATTACK-001,EVT-045579,INCLUDES
ATTACK-001,EVT-045580,INCLUDES
ATTACK-001,EVT-045581,INCLUDES
ATTACK-001,EVT-045582,INCLUDES
ATTACK-001,EVT-045583,INCLUDES
ATTACK-001,EVT-045584,INCLUDES
ATTACK-001,EVT-045585,INCLUDES
ATTACK-001,EVT-045586,INCLUDES
ATTACK-001,EVT-045587,INCLUDES
ATTACK-001,EVT-045588,INCLUDES
ATTACK-001,EVT-045589,INCLUDES
ATTACK-001,EVT-045590,INCLUDES
ATTACK-001,EVT-045591,INCLUDES
ATTACK-001,EVT-045592,INCLUDES
ATTACK-001,EVT-045593,INCLUDES
ATTACK-001,EVT-045594,INCLUDES
ATTACK-001,EVT-045595,INCLUDES
ATTACK-001,EVT-045596,INCLUDES
ATTACK-001,EVT-045597,INCLUDES
ATTACK-001,EVT-045598,INCLUDES
ATTACK-001,EVT-045599,INCLUDES
ATTACK-001,EVT-045600,INCLUDES
ATTACK-001,EVT-045601,INCLUDES
ATTACK-001,EVT-045602,INCLUDES
ATTACK-001,EVT-045603,INCLUDES
ATTACK-001,EVT-045604,INCLUDES
ATTACK-001,EVT-045605,INCLUDES
ATTACK-001,EVT-045606,INCLUDES
ATTACK-001,EVT-045607,INCLUDES
ATTACK-001,EVT-045608,INCLUDES
ATTACK-001,EVT-045609,INCLUDES
ATTACK-001,EVT-045610,INCLUDES
ATTACK-001,EVT-045611,INCLUDES
ATTACK-001,EVT-045612,INCLUDES
ATTACK-001,EVT-045613,INCLUDES
ATTACK-001,EVT-045614,INCLUDES
ATTACK-001,EVT-045615,INCLUDES
ATTACK-001,EVT-045616,INCLUDES
ATTACK-001,EVT-045617,INCLUDES
ATTACK-001,EVT-045618,INCLUDES
ATTACK-001,EVT-045619,INCLUDES
ATTACK-001,EVT-045620,INCLUDES
ATTACK-001,EVT-045621,INCLUDES
ATTACK-001,EVT-045622,INCLUDES
ATTACK-001,EVT-045623,INCLUDES
ATTACK-001,EVT-045624,INCLUDES
ATTACK-001,EVT-045625,INCLUDES
ATTACK-001,EVT-045626,INCLUDES
ATTACK-001,EVT-045627,INCLUDES
ATTACK-001,EVT-045628,INCLUDES
ATTACK-001,EVT-045629,INCLUDES
ATTACK-001,EVT-045630,INCLUDES
ATTACK-001,EVT-045631,INCLUDES
ATTACK-001,EVT-045632,INCLUDES
ATTACK-001,EVT-045633,INCLUDES
ATTACK-001,EVT-045634,INCLUDES
ATTACK-001,EVT-045635,INCLUDES
ATTACK-001,EVT-045636,INCLUDES
ATTACK-001,EVT-045637,INCLUDES
ATTACK-001,EVT-045638,INCLUDES
ATTACK-001,EVT-045639,INCLUDES
ATTACK-001,EVT-045640,INCLUDES
ATTACK-001,EVT-045641,INCLUDES
ATTACK-001,EVT-045642,INCLUDES
ATTACK-001,EVT-045643,INCLUDES
ATTACK-001,EVT-045644,INCLUDES
ATTACK-001,EVT-045645,INCLUDES
ATTACK-001,EVT-045646,INCLUDES
ATTACK-001,EVT-045647,INCLUDES
ATTACK-001,EVT-045648,INCLUDES
ATTACK-001,EVT-045649,INCLUDES
ATTACK-001,EVT-045650,INCLUDES
ATTACK-001,EVT-045651,INCLUDES
ATTACK-001,EVT-045652,INCLUDES
ATTACK-001,EVT-045653,INCLUDES
ATTACK-001,EVT-045654,INCLUDES
ATTACK-001,EVT-045655,INCLUDES
ATTACK-001,EVT-045656,INCLUDES
ATTACK-001,EVT-045657,INCLUDES
ATTACK-001,EVT-045658,INCLUDES
ATTACK-001,EVT-045659,INCLUDES
ATTACK-001,EVT-045660,INCLUDES
ATTACK-001,EVT-045661,INCLUDES
ATTACK-001,EVT-045662,INCLUDES
ATTACK-001,EVT-045663,INCLUDES
ATTACK-001,EVT-045664,INCLUDES
ATTACK-001,EVT-045665,INCLUDES
ATTACK-001,EVT-045666,INCLUDES
ATTACK-001,EVT-045667,INCLUDES
ATTACK-001,EVT-045668,INCLUDES
ATTACK-001,EVT-045669,INCLUDES
ATTACK-001,EVT-045670,INCLUDES
ATTACK-001,EVT-045671,INCLUDES
ATTACK-001,EVT-045672,INCLUDES
ATTACK-001,EVT-045673,INCLUDES
ATTACK-001,EVT-045674,INCLUDES
ATTACK-001,EVT-045675,INCLUDES
ATTACK-001,EVT-045676,INCLUDES
ATTACK-001,EVT-045677,INCLUDES
ATTACK-001,EVT-045678,INCLUDES
ATTACK-001,EVT-045679,INCLUDES
ATTACK-001,EVT-045680,INCLUDES
ATTACK-001,EVT-045681,INCLUDES
ATTACK-001,EVT-045682,INCLUDES
ATTACK-001,EVT-045683,INCLUDES
ATTACK-001,EVT-045684,INCLUDES
ATTACK-001,EVT-045685,INCLUDES
ATTACK-001,EVT-045686,INCLUDES
ATTACK-001,EVT-045687,INCLUDES
ATTACK-001,EVT-045688,INCLUDES
ATTACK-001,EVT-045689,INCLUDES
ATTACK-001,EVT-045690,INCLUDES
ATTACK-001,EVT-045691,INCLUDES
ATTACK-001,EVT-045692,INCLUDES
ATTACK-001,EVT-045693,INCLUDES
ATTACK-001,EVT-045694,INCLUDES
ATTACK-001,EVT-045695,INCLUDES
ATTACK-001,EVT-045696,INCLUDES
ATTACK-001,EVT-045697,INCLUDES
ATTACK-001,EVT-045698,INCLUDES
ATTACK-001,EVT-045699,INCLUDES
ATTACK-001,EVT-045700,INCLUDES
ATTACK-001,EVT-045701,INCLUDES
ATTACK-001,EVT-045702,INCLUDES
ATTACK-001,EVT-045703,INCLUDES
ATTACK-001,EVT-045704,INCLUDES
ATTACK-001,EVT-045705,INCLUDES
ATTACK-001,EVT-045706,INCLUDES
ATTACK-001,EVT-045707,INCLUDES
ATTACK-001,EVT-045708,INCLUDES
ATTACK-001,EVT-045709,INCLUDES
ATTACK-001,EVT-045710,INCLUDES
ATTACK-001,EVT-045711,INCLUDES
ATTACK-001,EVT-045712,INCLUDES
ATTACK-001,EVT-045713,INCLUDES
ATTACK-001,EVT-045714,INCLUDES
ATTACK-001,EVT-045715,INCLUDES
ATTACK-001,EVT-045716,INCLUDES
ATTACK-001,EVT-045717,INCLUDES
ATTACK-001,EVT-045718,INCLUDES
ATTACK-001,EVT-045719,INCLUDES
ATTACK-001,EVT-045720,INCLUDES
ATTACK-001,EVT-045721,INCLUDES
ATTACK-001,EVT-045722,INCLUDES
ATTACK-001,EVT-045723,INCLUDES
ATTACK-001,EVT-045724,INCLUDES
ATTACK-001,EVT-045725,INCLUDES
ATTACK-001,EVT-045726,INCLUDES
ATTACK-001,EVT-045727,INCLUDES
ATTACK-001,EVT-045728,INCLUDES
ATTACK-001,EVT-045729,INCLUDES
ATTACK-001,EVT-045730,INCLUDES
ATTACK-001,EVT-045731,INCLUDES
ATTACK-001,EVT-045732,INCLUDES
ATTACK-001,EVT-045733,INCLUDES
ATTACK-001,EVT-045734,INCLUDES
ATTACK-001,EVT-045735,INCLUDES
ATTACK-001,EVT-045736,INCLUDES
ATTACK-001,EVT-045737,INCLUDES
ATTACK-001,EVT-045738,INCLUDES
ATTACK-001,EVT-045739,INCLUDES
ATTACK-001,EVT-045740,INCLUDES
ATTACK-001,EVT-045741,INCLUDES
ATTACK-001,EVT-045742,INCLUDES
ATTACK-001,EVT-045743,INCLUDES
ATTACK-001,EVT-045744,INCLUDES
ATTACK-001,EVT-045745,INCLUDES
ATTACK-001,EVT-045746,INCLUDES
ATTACK-001,EVT-045747,INCLUDES
ATTACK-001,EVT-045748,INCLUDES
ATTACK-001,EVT-045749,INCLUDES
ATTACK-001,EVT-045750,INCLUDES
ATTACK-001,EVT-045751,INCLUDES
ATTACK-001,EVT-045752,INCLUDES
ATTACK-001,EVT-045753,INCLUDES
ATTACK-001,EVT-045754,INCLUDES
ATTACK-001,EVT-045755,INCLUDES
ATTACK-001,EVT-045756,INCLUDES
ATTACK-001,EVT-045757,INCLUDES
ATTACK-001,EVT-045758,INCLUDES
ATTACK-001,EVT-045759,INCLUDES
ATTACK-001,EVT-045760,INCLUDES
ATTACK-001,EVT-045761,INCLUDES
ATTACK-001,EVT-045762,INCLUDES
ATTACK-001,EVT-045763,INCLUDES
ATTACK-001,EVT-045764,INCLUDES
ATTACK-001,EVT-045765,INCLUDES
ATTACK-001,EVT-045766,INCLUDES
ATTACK-001,EVT-045767,INCLUDES
ATTACK-001,EVT-045768,INCLUDES
ATTACK-001,EVT-045769,INCLUDES
ATTACK-001,EVT-045770,INCLUDES
ATTACK-001,EVT-045771,INCLUDES
ATTACK-001,EVT-045772,INCLUDES
ATTACK-001,EVT-045773,INCLUDES
ATTACK-001,EVT-045774,INCLUDES
ATTACK-001,EVT-045775,INCLUDES
ATTACK-001,EVT-045776,INCLUDES
ATTACK-001,EVT-045777,INCLUDES
ATTACK-001,EVT-045778,INCLUDES
ATTACK-001,EVT-045779,INCLUDES
ATTACK-001,EVT-045780,INCLUDES
ATTACK-001,EVT-045781,INCLUDES
ATTACK-001,EVT-045782,INCLUDES
ATTACK-001,EVT-045783,INCLUDES
ATTACK-001,EVT-045784,INCLUDES
ATTACK-001,EVT-045785,INCLUDES
ATTACK-001,EVT-045786,INCLUDES
ATTACK-001,EVT-045787,INCLUDES
ATTACK-001,EVT-045788,INCLUDES
ATTACK-001,EVT-045789,INCLUDES
ATTACK-001,EVT-045790,INCLUDES
ATTACK-001,EVT-045791,INCLUDES
ATTACK-001,EVT-045792,INCLUDES
ATTACK-001,EVT-045793,INCLUDES
ATTACK-001,EVT-045794,INCLUDES
ATTACK-001,EVT-045795,INCLUDES
ATTACK-001,EVT-045796,INCLUDES
ATTACK-001,EVT-045797,INCLUDES
ATTACK-001,EVT-045798,INCLUDES
ATTACK-001,EVT-045799,INCLUDES
ATTACK-001,EVT-045800,INCLUDES
ATTACK-001,EVT-045801,INCLUDES
ATTACK-001,EVT-045802,INCLUDES
ATTACK-001,EVT-045803,INCLUDES
ATTACK-001,EVT-045804,INCLUDES
ATTACK-001,EVT-045805,INCLUDES
ATTACK-001,EVT-045806,INCLUDES
ATTACK-001,EVT-045807,INCLUDES
ATTACK-001,EVT-045808,INCLUDES
ATTACK-001,EVT-045809,INCLUDES
ATTACK-001,EVT-045810,INCLUDES
ATTACK-001,EVT-045811,INCLUDES
ATTACK-001,EVT-045812,INCLUDES
ATTACK-001,EVT-045813,INCLUDES
ATTACK-001,EVT-045814,INCLUDES
ATTACK-001,EVT-045815,INCLUDES
ATTACK-001,EVT-045816,INCLUDES
ATTACK-001,EVT-045817,INCLUDES
ATTACK-001,EVT-045818,INCLUDES
ATTACK-001,EVT-045819,INCLUDES
ATTACK-001,EVT-045820,INCLUDES
ATTACK-001,EVT-045821,INCLUDES
ATTACK-001,EVT-045822,INCLUDES
ATTACK-001,EVT-045823,INCLUDES
ATTACK-001,EVT-045824,INCLUDES
ATTACK-001,EVT-045825,INCLUDES
ATTACK-001,EVT-045826,INCLUDES
ATTACK-001,EVT-045827,INCLUDES
ATTACK-001,EVT-045828,INCLUDES
ATTACK-001,EVT-045829,INCLUDES
ATTACK-001,EVT-045830,INCLUDES
ATTACK-001,EVT-045831,INCLUDES
ATTACK-001,EVT-045832,INCLUDES
ATTACK-001,EVT-045833,INCLUDES
ATTACK-001,EVT-045834,INCLUDES
ATTACK-001,EVT-045835,INCLUDES
ATTACK-001,EVT-045836,INCLUDES
ATTACK-001,EVT-045837,INCLUDES
ATTACK-001,EVT-045838,INCLUDES
ATTACK-001,EVT-045839,INCLUDES
ATTACK-001,EVT-045840,INCLUDES
ATTACK-001,EVT-045841,INCLUDES
ATTACK-001,EVT-045842,INCLUDES
ATTACK-001,EVT-045843,INCLUDES
ATTACK-001,EVT-045844,INCLUDES
ATTACK-001,EVT-045845,INCLUDES
ATTACK-001,EVT-045846,INCLUDES
ATTACK-001,EVT-045847,INCLUDES
ATTACK-001,EVT-045848,INCLUDES
ATTACK-001,EVT-045849,INCLUDES
ATTACK-001,EVT-045850,INCLUDES
ATTACK-001,EVT-045851,INCLUDES
ATTACK-001,EVT-045852,INCLUDES
ATTACK-001,EVT-045853,INCLUDES
ATTACK-001,EVT-045854,INCLUDES
ATTACK-001,EVT-045855,INCLUDES
ATTACK-001,EVT-045856,INCLUDES
ATTACK-001,EVT-045857,INCLUDES
ATTACK-001,EVT-045858,INCLUDES
ATTACK-001,EVT-045859,INCLUDES
ATTACK-001,EVT-045860,INCLUDES
ATTACK-001,EVT-045861,INCLUDES
ATTACK-001,EVT-045862,INCLUDES
ATTACK-001,EVT-045863,INCLUDES
ATTACK-001,EVT-045864,INCLUDES
ATTACK-001,EVT-045865,INCLUDES
ATTACK-001,EVT-045866,INCLUDES
ATTACK-001,EVT-045867,INCLUDES
ATTACK-001,EVT-045868,INCLUDES
ATTACK-001,EVT-045869,INCLUDES
ATTACK-001,EVT-045870,INCLUDES
ATTACK-001,EVT-045871,INCLUDES
ATTACK-001,EVT-045872,INCLUDES
ATTACK-001,EVT-045873,INCLUDES
ATTACK-001,EVT-045874,INCLUDES
ATTACK-001,EVT-045875,INCLUDES
ATTACK-001,EVT-045876,INCLUDES
ATTACK-001,EVT-045877,INCLUDES
ATTACK-001,EVT-045878,INCLUDES
ATTACK-001,EVT-045879,INCLUDES
ATTACK-001,EVT-045880,INCLUDES
ATTACK-001,EVT-045881,INCLUDES
ATTACK-001,EVT-045882,INCLUDES
ATTACK-001,EVT-045883,INCLUDES
ATTACK-001,EVT-045884,INCLUDES
ATTACK-001,EVT-045885,INCLUDES
ATTACK-001,EVT-045886,INCLUDES
ATTACK-001,EVT-045887,INCLUDES
ATTACK-001,EVT-045888,INCLUDES
ATTACK-001,EVT-045889,INCLUDES
ATTACK-001,EVT-045890,INCLUDES
ATTACK-001,EVT-045891,INCLUDES
ATTACK-001,EVT-045892,INCLUDES
ATTACK-001,EVT-045893,INCLUDES
ATTACK-001,EVT-045894,INCLUDES
ATTACK-001,EVT-045895,INCLUDES
ATTACK-001,EVT-045896,INCLUDES
ATTACK-001,EVT-045897,INCLUDES
ATTACK-001,EVT-045898,INCLUDES
ATTACK-001,EVT-045899,INCLUDES
ATTACK-001,EVT-045900,INCLUDES
ATTACK-001,EVT-045901,INCLUDES
ATTACK-001,EVT-045902,INCLUDES
ATTACK-001,EVT-045903,INCLUDES
ATTACK-001,EVT-045904,INCLUDES
ATTACK-001,EVT-045905,INCLUDES
ATTACK-001,EVT-045906,INCLUDES
ATTACK-001,EVT-045907,INCLUDES
ATTACK-001,EVT-045908,INCLUDES
ATTACK-001,EVT-045909,INCLUDES
ATTACK-001,EVT-045910,INCLUDES
ATTACK-001,EVT-045911,INCLUDES
ATTACK-001,EVT-045912,INCLUDES
ATTACK-001,EVT-045913,INCLUDES
ATTACK-001,EVT-045914,INCLUDES
ATTACK-001,EVT-045915,INCLUDES
ATTACK-001,EVT-045916,INCLUDES
ATTACK-001,EVT-045917,INCLUDES
ATTACK-001,EVT-045918,INCLUDES
ATTACK-001,EVT-045919,INCLUDES
ATTACK-001,EVT-045920,INCLUDES
ATTACK-001,EVT-045921,INCLUDES
ATTACK-001,EVT-045922,INCLUDES
ATTACK-001,EVT-045923,INCLUDES
ATTACK-001,EVT-045924,INCLUDES
ATTACK-001,EVT-045925,INCLUDES
ATTACK-001,EVT-045926,INCLUDES
ATTACK-001,EVT-045927,INCLUDES
ATTACK-001,EVT-045928,INCLUDES
ATTACK-001,EVT-045929,INCLUDES
ATTACK-001,EVT-045930,INCLUDES
ATTACK-001,EVT-045931,INCLUDES
ATTACK-001,EVT-045932,INCLUDES
ATTACK-001,EVT-045933,INCLUDES
ATTACK-001,EVT-045934,INCLUDES
ATTACK-001,EVT-045935,INCLUDES
ATTACK-001,EVT-045936,INCLUDES
ATTACK-001,EVT-045937,INCLUDES
ATTACK-001,EVT-045938,INCLUDES
ATTACK-001,EVT-045939,INCLUDES
ATTACK-001,EVT-045940,INCLUDES
ATTACK-001,EVT-045941,INCLUDES
ATTACK-001,EVT-045942,INCLUDES
ATTACK-001,EVT-045943,INCLUDES
ATTACK-001,EVT-045944,INCLUDES
ATTACK-001,EVT-045945,INCLUDES
ATTACK-001,EVT-045946,INCLUDES
ATTACK-001,EVT-045947,INCLUDES
ATTACK-001,EVT-045948,INCLUDES
ATTACK-001,EVT-045949,INCLUDES
ATTACK-001,EVT-045950,INCLUDES
ATTACK-001,EVT-045951,INCLUDES
ATTACK-001,EVT-045952,INCLUDES
ATTACK-001,EVT-045953,INCLUDES
ATTACK-001,EVT-045954,INCLUDES
ATTACK-001,EVT-045955,INCLUDES
ATTACK-001,EVT-045956,INCLUDES
ATTACK-001,EVT-045957,INCLUDES
ATTACK-001,EVT-045958,INCLUDES
ATTACK-001,EVT-045959,INCLUDES
ATTACK-001,EVT-045960,INCLUDES
ATTACK-001,EVT-045961,INCLUDES
ATTACK-001,EVT-045962,INCLUDES
ATTACK-001,EVT-045963,INCLUDES
ATTACK-001,EVT-045964,INCLUDES
ATTACK-001,EVT-045965,INCLUDES
ATTACK-001,EVT-045966,INCLUDES
ATTACK-001,EVT-045967,INCLUDES
ATTACK-001,EVT-045968,INCLUDES
ATTACK-001,EVT-045969,INCLUDES
ATTACK-001,EVT-045970,INCLUDES
ATTACK-001,EVT-045971,INCLUDES
ATTACK-001,EVT-045972,INCLUDES
ATTACK-001,EVT-045973,INCLUDES
ATTACK-001,EVT-045974,INCLUDES
ATTACK-001,EVT-045975,INCLUDES
ATTACK-001,EVT-045976,INCLUDES
ATTACK-001,EVT-045977,INCLUDES
ATTACK-001,EVT-045978,INCLUDES
ATTACK-001,EVT-045979,INCLUDES
ATTACK-001,EVT-045980,INCLUDES
ATTACK-001,EVT-045981,INCLUDES
ATTACK-001,EVT-045982,INCLUDES
ATTACK-001,EVT-045983,INCLUDES
ATTACK-001,EVT-045984,INCLUDES
ATTACK-001,EVT-045985,INCLUDES
ATTACK-001,EVT-045986,INCLUDES
ATTACK-001,EVT-045987,INCLUDES
ATTACK-001,EVT-045988,INCLUDES
ATTACK-001,EVT-045989,INCLUDES
ATTACK-001,EVT-045990,INCLUDES
ATTACK-001,EVT-045991,INCLUDES
ATTACK-001,EVT-045992,INCLUDES
ATTACK-001,EVT-045993,INCLUDES
ATTACK-001,EVT-045994,INCLUDES
ATTACK-001,EVT-045995,INCLUDES
ATTACK-001,EVT-045996,INCLUDES
ATTACK-001,EVT-045997,INCLUDES
ATTACK-001,EVT-045998,INCLUDES
ATTACK-001,EVT-045999,INCLUDES
ATTACK-001,EVT-046000,INCLUDES
ATTACK-001,EVT-046001,INCLUDES
ATTACK-001,EVT-046002,INCLUDES
ATTACK-001,EVT-046003,INCLUDES
ATTACK-001,EVT-046004,INCLUDES
ATTACK-001,EVT-046005,INCLUDES
ATTACK-001,EVT-046006,INCLUDES
ATTACK-001,EVT-046007,INCLUDES
ATTACK-001,EVT-046008,INCLUDES
ATTACK-001,EVT-046009,INCLUDES
ATTACK-001,EVT-046010,INCLUDES
ATTACK-001,EVT-046011,INCLUDES
ATTACK-001,EVT-046012,INCLUDES
ATTACK-001,EVT-046013,INCLUDES
ATTACK-001,EVT-046014,INCLUDES
ATTACK-001,EVT-046015,INCLUDES
ATTACK-001,EVT-046016,INCLUDES
ATTACK-001,EVT-046017,INCLUDES
ATTACK-001,EVT-046018,INCLUDES
ATTACK-001,EVT-046019,INCLUDES
ATTACK-001,EVT-046020,INCLUDES
ATTACK-001,EVT-046021,INCLUDES
ATTACK-001,EVT-046022,INCLUDES
ATTACK-001,EVT-046023,INCLUDES
ATTACK-001,EVT-046024,INCLUDES
ATTACK-001,EVT-046025,INCLUDES
ATTACK-001,EVT-046026,INCLUDES
ATTACK-001,EVT-046027,INCLUDES
ATTACK-001,EVT-046028,INCLUDES
ATTACK-001,EVT-046029,INCLUDES
ATTACK-001,EVT-046030,INCLUDES
ATTACK-001,EVT-046031,INCLUDES
ATTACK-001,EVT-046032,INCLUDES
ATTACK-001,EVT-046033,INCLUDES
ATTACK-001,EVT-046034,INCLUDES
ATTACK-001,EVT-046035,INCLUDES
ATTACK-001,EVT-046036,INCLUDES
ATTACK-001,EVT-046037,INCLUDES
ATTACK-001,EVT-046038,INCLUDES
ATTACK-001,EVT-046039,INCLUDES
ATTACK-001,EVT-046040,INCLUDES
ATTACK-001,EVT-046041,INCLUDES
ATTACK-001,EVT-046042,INCLUDES
ATTACK-001,EVT-046043,INCLUDES
ATTACK-001,EVT-046044,INCLUDES
ATTACK-001,EVT-046045,INCLUDES
ATTACK-001,EVT-046046,INCLUDES
ATTACK-001,EVT-046047,INCLUDES
ATTACK-001,EVT-046048,INCLUDES
ATTACK-001,EVT-046049,INCLUDES
ATTACK-001,EVT-046050,INCLUDES
ATTACK-001,EVT-046051,INCLUDES
ATTACK-001,EVT-046052,INCLUDES
ATTACK-001,EVT-046053,INCLUDES
ATTACK-001,EVT-046054,INCLUDES
ATTACK-001,EVT-046055,INCLUDES
ATTACK-001,EVT-046056,INCLUDES
ATTACK-001,EVT-046057,INCLUDES
ATTACK-001,EVT-046058,INCLUDES
ATTACK-001,EVT-046059,INCLUDES
ATTACK-001,EVT-046060,INCLUDES
ATTACK-001,EVT-046061,INCLUDES
ATTACK-001,EVT-046062,INCLUDES
ATTACK-001,EVT-046063,INCLUDES
ATTACK-001,EVT-046064,INCLUDES
ATTACK-001,EVT-046065,INCLUDES
ATTACK-001,EVT-046066,INCLUDES
ATTACK-001,EVT-046067,INCLUDES
ATTACK-001,EVT-046068,INCLUDES
ATTACK-001,EVT-046069,INCLUDES
ATTACK-001,EVT-046070,INCLUDES
ATTACK-001,EVT-046071,INCLUDES
ATTACK-001,EVT-046072,INCLUDES
ATTACK-001,EVT-046073,INCLUDES
ATTACK-001,EVT-046074,INCLUDES
ATTACK-001,EVT-046075,INCLUDES
ATTACK-001,EVT-046076,INCLUDES
ATTACK-001,EVT-046077,INCLUDES
ATTACK-001,EVT-046078,INCLUDES
ATTACK-001,EVT-046079,INCLUDES
ATTACK-001,EVT-046080,INCLUDES
ATTACK-001,EVT-046081,INCLUDES
ATTACK-001,EVT-046082,INCLUDES
ATTACK-001,EVT-046083,INCLUDES
ATTACK-001,EVT-046084,INCLUDES
ATTACK-001,EVT-046085,INCLUDES
ATTACK-001,EVT-046086,INCLUDES
ATTACK-001,EVT-046087,INCLUDES
ATTACK-001,EVT-046088,INCLUDES
ATTACK-001,EVT-046089,INCLUDES
ATTACK-001,EVT-046090,INCLUDES
ATTACK-001,EVT-046091,INCLUDES
ATTACK-001,EVT-046092,INCLUDES
ATTACK-001,EVT-046093,INCLUDES
ATTACK-001,EVT-046094,INCLUDES
ATTACK-001,EVT-046095,INCLUDES
ATTACK-001,EVT-046096,INCLUDES
ATTACK-001,EVT-046097,INCLUDES
ATTACK-001,EVT-046098,INCLUDES
ATTACK-001,EVT-046099,INCLUDES
ATTACK-001,EVT-046100,INCLUDES
ATTACK-001,EVT-046101,INCLUDES
ATTACK-001,EVT-046102,INCLUDES
ATTACK-001,EVT-046103,INCLUDES
ATTACK-001,EVT-046104,INCLUDES
ATTACK-001,EVT-046105,INCLUDES
ATTACK-001,EVT-046106,INCLUDES
ATTACK-001,EVT-046107,INCLUDES
ATTACK-001,EVT-046108,INCLUDES
ATTACK-001,EVT-046109,INCLUDES
ATTACK-001,EVT-046110,INCLUDES
ATTACK-001,EVT-046111,INCLUDES
ATTACK-001,EVT-046112,INCLUDES
ATTACK-001,EVT-046113,INCLUDES
ATTACK-001,EVT-046114,INCLUDES
ATTACK-001,EVT-046115,INCLUDES
ATTACK-001,EVT-046116,INCLUDES
ATTACK-001,EVT-046117,INCLUDES
ATTACK-001,EVT-046118,INCLUDES
ATTACK-001,EVT-046119,INCLUDES
ATTACK-001,EVT-046120,INCLUDES
ATTACK-001,EVT-046121,INCLUDES
ATTACK-001,EVT-046122,INCLUDES
ATTACK-001,EVT-046123,INCLUDES
ATTACK-001,EVT-046124,INCLUDES
ATTACK-001,EVT-046125,INCLUDES
ATTACK-001,EVT-046126,INCLUDES
ATTACK-001,EVT-046127,INCLUDES
ATTACK-001,EVT-046128,INCLUDES
ATTACK-001,EVT-046129,INCLUDES
ATTACK-001,EVT-046130,INCLUDES
ATTACK-001,EVT-046131,INCLUDES
ATTACK-001,EVT-046132,INCLUDES
ATTACK-001,EVT-046133,INCLUDES
ATTACK-001,EVT-046134,INCLUDES
ATTACK-001,EVT-046135,INCLUDES
ATTACK-001,EVT-046136,INCLUDES
ATTACK-001,EVT-046137,INCLUDES
ATTACK-001,EVT-046138,INCLUDES
ATTACK-001,EVT-046139,INCLUDES
ATTACK-001,EVT-046140,INCLUDES
ATTACK-001,EVT-046141,INCLUDES
ATTACK-001,EVT-046142,INCLUDES
ATTACK-001,EVT-046143,INCLUDES
ATTACK-001,EVT-046144,INCLUDES
ATTACK-001,EVT-046145,INCLUDES
ATTACK-001,EVT-046146,INCLUDES
ATTACK-001,EVT-046147,INCLUDES
ATTACK-001,EVT-046148,INCLUDES
ATTACK-001,EVT-046149,INCLUDES
ATTACK-001,EVT-046150,INCLUDES
ATTACK-001,EVT-046151,INCLUDES
ATTACK-001,EVT-046152,INCLUDES
ATTACK-001,EVT-046153,INCLUDES
ATTACK-001,EVT-046154,INCLUDES
ATTACK-001,EVT-046155,INCLUDES
ATTACK-001,EVT-046156,INCLUDES
ATTACK-001,EVT-046157,INCLUDES
ATTACK-001,EVT-046158,INCLUDES
ATTACK-001,EVT-046159,INCLUDES
ATTACK-001,EVT-046160,INCLUDES
ATTACK-001,EVT-046161,INCLUDES
ATTACK-001,EVT-046162,INCLUDES
ATTACK-001,EVT-046163,INCLUDES
ATTACK-001,EVT-046164,INCLUDES
ATTACK-001,EVT-046165,INCLUDES
ATTACK-001,EVT-046166,INCLUDES
ATTACK-001,EVT-046167,INCLUDES
ATTACK-001,EVT-046168,INCLUDES
ATTACK-001,EVT-046169,INCLUDES
ATTACK-001,EVT-046170,INCLUDES
ATTACK-001,EVT-046171,INCLUDES
ATTACK-001,EVT-046172,INCLUDES
ATTACK-001,EVT-046173,INCLUDES
ATTACK-001,EVT-046174,INCLUDES
ATTACK-001,EVT-046175,INCLUDES
ATTACK-001,EVT-046176,INCLUDES
ATTACK-001,EVT-046177,INCLUDES
ATTACK-001,EVT-046178,INCLUDES
ATTACK-001,EVT-046179,INCLUDES
ATTACK-001,EVT-046180,INCLUDES
ATTACK-001,EVT-046181,INCLUDES
ATTACK-001,EVT-046182,INCLUDES
ATTACK-001,EVT-046183,INCLUDES
ATTACK-001,EVT-046184,INCLUDES
ATTACK-001,EVT-046185,INCLUDES
ATTACK-001,EVT-046186,INCLUDES
ATTACK-001,EVT-046187,INCLUDES
ATTACK-001,EVT-046188,INCLUDES
ATTACK-001,EVT-046189,INCLUDES
ATTACK-001,EVT-046190,INCLUDES
ATTACK-001,EVT-046191,INCLUDES
ATTACK-001,EVT-046192,INCLUDES
ATTACK-001,EVT-046193,INCLUDES
ATTACK-001,EVT-046194,INCLUDES
ATTACK-001,EVT-046195,INCLUDES
ATTACK-001,EVT-046196,INCLUDES
ATTACK-001,EVT-046197,INCLUDES
ATTACK-001,EVT-046198,INCLUDES
ATTACK-001,EVT-046199,INCLUDES
ATTACK-001,EVT-046200,INCLUDES
ATTACK-001,EVT-046201,INCLUDES
ATTACK-001,EVT-046202,INCLUDES
ATTACK-001,EVT-046203,INCLUDES
ATTACK-001,EVT-046204,INCLUDES
ATTACK-001,EVT-046205,INCLUDES
ATTACK-001,EVT-046206,INCLUDES
ATTACK-001,EVT-046207,INCLUDES
ATTACK-001,EVT-046208,INCLUDES
ATTACK-001,EVT-046209,INCLUDES
ATTACK-001,EVT-046210,INCLUDES
ATTACK-001,EVT-046211,INCLUDES
ATTACK-001,EVT-046212,INCLUDES
ATTACK-001,EVT-046213,INCLUDES
ATTACK-001,EVT-046214,INCLUDES
ATTACK-001,EVT-046215,INCLUDES
ATTACK-001,EVT-046216,INCLUDES
ATTACK-001,EVT-046217,INCLUDES
ATTACK-001,EVT-046218,INCLUDES
ATTACK-001,EVT-046219,INCLUDES
ATTACK-001,EVT-046220,INCLUDES
ATTACK-001,EVT-046221,INCLUDES
ATTACK-001,EVT-046222,INCLUDES
ATTACK-001,EVT-046223,INCLUDES
ATTACK-001,EVT-046224,INCLUDES
ATTACK-001,EVT-046225,INCLUDES
ATTACK-001,EVT-046226,INCLUDES
ATTACK-001,EVT-046227,INCLUDES
ATTACK-001,EVT-046228,INCLUDES
ATTACK-001,EVT-046229,INCLUDES
ATTACK-001,EVT-046230,INCLUDES
ATTACK-001,EVT-046231,INCLUDES
ATTACK-001,EVT-046232,INCLUDES
ATTACK-001,EVT-046233,INCLUDES
ATTACK-001,EVT-046234,INCLUDES
ATTACK-001,EVT-046235,INCLUDES
ATTACK-001,EVT-046236,INCLUDES
ATTACK-001,EVT-046237,INCLUDES
ATTACK-001,EVT-046238,INCLUDES
ATTACK-001,EVT-046239,INCLUDES
ATTACK-001,EVT-046240,INCLUDES
ATTACK-001,EVT-046241,INCLUDES
ATTACK-001,EVT-046242,INCLUDES
ATTACK-001,EVT-046243,INCLUDES
ATTACK-001,EVT-046244,INCLUDES
ATTACK-001,EVT-046245,INCLUDES
ATTACK-001,EVT-046246,INCLUDES
ATTACK-001,EVT-046247,INCLUDES
ATTACK-001,EVT-046248,INCLUDES
ATTACK-001,EVT-046249,INCLUDES
ATTACK-001,EVT-046250,INCLUDES
ATTACK-001,EVT-046251,INCLUDES
ATTACK-001,EVT-046252,INCLUDES
ATTACK-001,EVT-046253,INCLUDES
ATTACK-001,EVT-046254,INCLUDES
ATTACK-001,EVT-046255,INCLUDES
ATTACK-001,EVT-046256,INCLUDES
ATTACK-001,EVT-046257,INCLUDES
ATTACK-001,EVT-046258,INCLUDES
ATTACK-001,EVT-046259,INCLUDES
ATTACK-001,EVT-046260,INCLUDES
ATTACK-001,EVT-046261,INCLUDES
ATTACK-001,EVT-046262,INCLUDES
ATTACK-001,EVT-046263,INCLUDES
ATTACK-001,EVT-046264,INCLUDES
ATTACK-001,EVT-046265,INCLUDES
ATTACK-001,EVT-046266,INCLUDES
ATTACK-001,EVT-046267,INCLUDES
ATTACK-001,EVT-046268,INCLUDES
ATTACK-001,EVT-046269,INCLUDES
ATTACK-001,EVT-046270,INCLUDES
ATTACK-001,EVT-046271,INCLUDES
ATTACK-001,EVT-046272,INCLUDES
ATTACK-001,EVT-046273,INCLUDES
ATTACK-001,EVT-046274,INCLUDES
ATTACK-001,EVT-046275,INCLUDES
ATTACK-001,EVT-046276,INCLUDES
ATTACK-001,EVT-046277,INCLUDES
ATTACK-001,EVT-046278,INCLUDES
ATTACK-001,EVT-046279,INCLUDES
ATTACK-001,EVT-046280,INCLUDES
ATTACK-001,EVT-046281,INCLUDES
ATTACK-001,EVT-046282,INCLUDES
ATTACK-001,EVT-046283,INCLUDES
ATTACK-001,EVT-046284,INCLUDES
ATTACK-001,EVT-046285,INCLUDES
ATTACK-001,EVT-046286,INCLUDES
ATTACK-001,EVT-046287,INCLUDES
ATTACK-001,EVT-046288,INCLUDES
ATTACK-001,EVT-046289,INCLUDES
ATTACK-001,EVT-046290,INCLUDES
ATTACK-001,EVT-046291,INCLUDES
ATTACK-001,EVT-046292,INCLUDES
ATTACK-001,EVT-046293,INCLUDES
ATTACK-001,EVT-046294,INCLUDES
ATTACK-001,EVT-046295,INCLUDES
ATTACK-001,EVT-046296,INCLUDES
ATTACK-001,EVT-046297,INCLUDES
ATTACK-001,EVT-046298,INCLUDES
ATTACK-001,EVT-046299,INCLUDES
ATTACK-001,EVT-046300,INCLUDES
ATTACK-001,EVT-046301,INCLUDES
ATTACK-001,EVT-046302,INCLUDES
ATTACK-001,EVT-046303,INCLUDES
ATTACK-001,EVT-046304,INCLUDES
ATTACK-001,EVT-046305,INCLUDES
ATTACK-001,EVT-046306,INCLUDES
ATTACK-001,EVT-046307,INCLUDES
ATTACK-001,EVT-046308,INCLUDES
ATTACK-001,EVT-046309,INCLUDES
ATTACK-001,EVT-046310,INCLUDES
ATTACK-001,EVT-046311,INCLUDES
ATTACK-001,EVT-046312,INCLUDES
ATTACK-001,EVT-046313,INCLUDES
ATTACK-001,EVT-046314,INCLUDES
ATTACK-001,EVT-046315,INCLUDES
ATTACK-001,EVT-046316,INCLUDES
ATTACK-001,EVT-046317,INCLUDES
ATTACK-001,EVT-046318,INCLUDES
ATTACK-001,EVT-046319,INCLUDES
ATTACK-001,EVT-046320,INCLUDES
ATTACK-001,EVT-046321,INCLUDES
ATTACK-001,EVT-046322,INCLUDES
ATTACK-001,EVT-046323,INCLUDES
ATTACK-001,EVT-046324,INCLUDES
ATTACK-001,EVT-046325,INCLUDES
ATTACK-001,EVT-046326,INCLUDES
ATTACK-001,EVT-046327,INCLUDES
ATTACK-001,EVT-046328,INCLUDES
ATTACK-001,EVT-046329,INCLUDES
ATTACK-001,EVT-046330,INCLUDES
ATTACK-001,EVT-046331,INCLUDES
ATTACK-001,EVT-046332,INCLUDES
ATTACK-001,EVT-046333,INCLUDES
ATTACK-001,EVT-046334,INCLUDES
ATTACK-001,EVT-046335,INCLUDES
ATTACK-001,EVT-046336,INCLUDES
ATTACK-001,EVT-046337,INCLUDES
ATTACK-001,EVT-046338,INCLUDES
ATTACK-001,EVT-046339,INCLUDES
ATTACK-001,EVT-046340,INCLUDES
ATTACK-001,EVT-046341,INCLUDES
ATTACK-001,EVT-046342,INCLUDES
ATTACK-001,EVT-046343,INCLUDES
ATTACK-001,EVT-046344,INCLUDES
ATTACK-001,EVT-046345,INCLUDES
ATTACK-001,EVT-046346,INCLUDES
ATTACK-001,EVT-046347,INCLUDES
ATTACK-001,EVT-046348,INCLUDES
ATTACK-001,EVT-046349,INCLUDES
ATTACK-001,EVT-046350,INCLUDES
ATTACK-001,EVT-046351,INCLUDES
ATTACK-001,EVT-046352,INCLUDES
ATTACK-001,EVT-046353,INCLUDES
ATTACK-001,EVT-046354,INCLUDES
ATTACK-001,EVT-046355,INCLUDES
ATTACK-001,EVT-046356,INCLUDES
ATTACK-001,EVT-046357,INCLUDES
ATTACK-001,EVT-046358,INCLUDES
ATTACK-001,EVT-046359,INCLUDES
ATTACK-001,EVT-046360,INCLUDES
ATTACK-001,EVT-046361,INCLUDES
ATTACK-001,EVT-046362,INCLUDES
ATTACK-001,EVT-046363,INCLUDES
ATTACK-001,EVT-046364,INCLUDES
ATTACK-001,EVT-046365,INCLUDES
ATTACK-001,EVT-046366,INCLUDES
ATTACK-001,EVT-046367,INCLUDES
ATTACK-001,EVT-046368,INCLUDES
ATTACK-001,EVT-046369,INCLUDES
ATTACK-001,EVT-046370,INCLUDES
ATTACK-001,EVT-046371,INCLUDES
ATTACK-001,EVT-046372,INCLUDES
ATTACK-001,EVT-046373,INCLUDES
ATTACK-001,EVT-046374,INCLUDES
ATTACK-001,EVT-046375,INCLUDES
ATTACK-001,EVT-046376,INCLUDES
ATTACK-001,EVT-046377,INCLUDES
ATTACK-001,EVT-046378,INCLUDES
ATTACK-001,EVT-046379,INCLUDES
ATTACK-001,EVT-046380,INCLUDES
ATTACK-001,EVT-046381,INCLUDES
ATTACK-001,EVT-046382,INCLUDES
ATTACK-001,EVT-046383,INCLUDES
ATTACK-001,EVT-046384,INCLUDES
ATTACK-001,EVT-046385,INCLUDES
ATTACK-001,EVT-046386,INCLUDES
ATTACK-001,EVT-046387,INCLUDES
ATTACK-001,EVT-046388,INCLUDES
ATTACK-001,EVT-046389,INCLUDES
ATTACK-001,EVT-046390,INCLUDES
ATTACK-001,EVT-046391,INCLUDES
ATTACK-001,EVT-046392,INCLUDES
ATTACK-001,EVT-046393,INCLUDES
ATTACK-001,EVT-046394,INCLUDES
ATTACK-001,EVT-046395,INCLUDES
ATTACK-001,EVT-046396,INCLUDES
ATTACK-001,EVT-046397,INCLUDES
ATTACK-001,EVT-046398,INCLUDES
ATTACK-001,EVT-046399,INCLUDES
ATTACK-001,EVT-046400,INCLUDES
ATTACK-001,EVT-046401,INCLUDES
ATTACK-001,EVT-046402,INCLUDES
ATTACK-001,EVT-046403,INCLUDES
ATTACK-001,EVT-046404,INCLUDES
ATTACK-001,EVT-046405,INCLUDES
ATTACK-001,EVT-046406,INCLUDES
ATTACK-001,EVT-046407,INCLUDES
ATTACK-001,EVT-046408,INCLUDES
ATTACK-001,EVT-046409,INCLUDES
ATTACK-001,EVT-046410,INCLUDES
ATTACK-001,EVT-046411,INCLUDES
ATTACK-001,EVT-046412,INCLUDES
ATTACK-001,EVT-046413,INCLUDES
ATTACK-001,EVT-046414,INCLUDES
ATTACK-001,EVT-046415,INCLUDES
ATTACK-001,EVT-046416,INCLUDES
ATTACK-001,EVT-046417,INCLUDES
ATTACK-001,EVT-046418,INCLUDES
ATTACK-001,EVT-046419,INCLUDES
ATTACK-001,EVT-046420,INCLUDES
ATTACK-001,EVT-046421,INCLUDES
ATTACK-001,EVT-046422,INCLUDES
ATTACK-001,EVT-046423,INCLUDES
ATTACK-001,EVT-046424,INCLUDES
ATTACK-001,EVT-046425,INCLUDES
ATTACK-001,EVT-046426,INCLUDES
ATTACK-001,EVT-046427,INCLUDES
ATTACK-001,EVT-046428,INCLUDES
ATTACK-001,EVT-046429,INCLUDES
ATTACK-001,EVT-046430,INCLUDES
ATTACK-001,EVT-046431,INCLUDES
ATTACK-001,EVT-046432,INCLUDES
ATTACK-001,EVT-046433,INCLUDES
ATTACK-001,EVT-046434,INCLUDES
ATTACK-001,EVT-046435,INCLUDES
ATTACK-001,EVT-046436,INCLUDES
ATTACK-001,EVT-046437,INCLUDES
ATTACK-001,EVT-046438,INCLUDES
ATTACK-001,EVT-046439,INCLUDES
ATTACK-001,EVT-046440,INCLUDES
ATTACK-001,EVT-046441,INCLUDES
ATTACK-001,EVT-046442,INCLUDES
ATTACK-001,EVT-046443,INCLUDES
ATTACK-001,EVT-046444,INCLUDES
ATTACK-001,EVT-046445,INCLUDES
ATTACK-001,EVT-046446,INCLUDES
ATTACK-001,EVT-046447,INCLUDES
ATTACK-001,EVT-046448,INCLUDES
ATTACK-001,EVT-046449,INCLUDES
ATTACK-001,EVT-046450,INCLUDES
ATTACK-001,EVT-046451,INCLUDES
ATTACK-001,EVT-046452,INCLUDES
ATTACK-001,EVT-046453,INCLUDES
ATTACK-001,EVT-046454,INCLUDES
ATTACK-001,EVT-046455,INCLUDES
ATTACK-001,EVT-046456,INCLUDES
ATTACK-001,EVT-046457,INCLUDES
ATTACK-001,EVT-046458,INCLUDES
ATTACK-001,EVT-046459,INCLUDES
ATTACK-001,EVT-046460,INCLUDES
ATTACK-001,EVT-046461,INCLUDES
ATTACK-001,EVT-046462,INCLUDES
ATTACK-001,EVT-046463,INCLUDES
ATTACK-001,EVT-046464,INCLUDES
ATTACK-001,EVT-046465,INCLUDES
ATTACK-001,EVT-046466,INCLUDES
ATTACK-001,EVT-046467,INCLUDES
ATTACK-001,EVT-046468,INCLUDES
ATTACK-001,EVT-046469,INCLUDES
ATTACK-001,EVT-046470,INCLUDES
ATTACK-001,EVT-046471,INCLUDES
ATTACK-001,EVT-046472,INCLUDES
ATTACK-001,EVT-046473,INCLUDES
ATTACK-001,EVT-046474,INCLUDES
ATTACK-001,EVT-046475,INCLUDES
ATTACK-001,EVT-046476,INCLUDES
ATTACK-001,EVT-046477,INCLUDES
ATTACK-001,EVT-046478,INCLUDES
ATTACK-001,EVT-046479,INCLUDES
ATTACK-001,EVT-046480,INCLUDES
ATTACK-001,EVT-046481,INCLUDES
ATTACK-001,EVT-046482,INCLUDES
ATTACK-001,EVT-046483,INCLUDES
ATTACK-001,EVT-046484,INCLUDES
ATTACK-001,EVT-046485,INCLUDES
ATTACK-001,EVT-046486,INCLUDES
ATTACK-001,EVT-046487,INCLUDES
ATTACK-001,EVT-046488,INCLUDES
ATTACK-001,EVT-046489,INCLUDES
ATTACK-001,EVT-046490,INCLUDES
ATTACK-001,EVT-046491,INCLUDES
ATTACK-001,EVT-046492,INCLUDES
ATTACK-001,EVT-046493,INCLUDES
ATTACK-001,EVT-046494,INCLUDES
ATTACK-001,EVT-046495,INCLUDES
ATTACK-001,EVT-046496,INCLUDES
ATTACK-001,EVT-046497,INCLUDES
ATTACK-001,EVT-046498,INCLUDES
ATTACK-001,EVT-046499,INCLUDES
ATTACK-001,EVT-046500,INCLUDES
ATTACK-001,EVT-046501,INCLUDES
ATTACK-001,EVT-046502,INCLUDES
ATTACK-001,EVT-046503,INCLUDES
ATTACK-001,EVT-046504,INCLUDES
ATTACK-001,EVT-046505,INCLUDES
ATTACK-001,EVT-046506,INCLUDES
ATTACK-001,EVT-046507,INCLUDES
ATTACK-001,EVT-046508,INCLUDES
ATTACK-001,EVT-046509,INCLUDES
ATTACK-001,EVT-046510,INCLUDES
ATTACK-001,EVT-046511,INCLUDES
ATTACK-001,EVT-046512,INCLUDES
ATTACK-001,EVT-046513,INCLUDES
ATTACK-001,EVT-046514,INCLUDES
ATTACK-001,EVT-046515,INCLUDES
ATTACK-001,EVT-046516,INCLUDES
ATTACK-001,EVT-046517,INCLUDES
ATTACK-001,EVT-046518,INCLUDES
ATTACK-001,EVT-046519,INCLUDES
ATTACK-001,EVT-046520,INCLUDES
ATTACK-001,EVT-046521,INCLUDES
ATTACK-001,EVT-046522,INCLUDES
ATTACK-001,EVT-046523,INCLUDES
ATTACK-001,EVT-046524,INCLUDES
ATTACK-001,EVT-046525,INCLUDES
ATTACK-001,EVT-046526,INCLUDES
ATTACK-001,EVT-046527,INCLUDES
ATTACK-001,EVT-046528,INCLUDES
ATTACK-001,EVT-046529,INCLUDES
ATTACK-001,EVT-046530,INCLUDES
ATTACK-001,EVT-046531,INCLUDES
ATTACK-001,EVT-046532,INCLUDES
ATTACK-001,EVT-046533,INCLUDES
ATTACK-001,EVT-046534,INCLUDES
ATTACK-001,EVT-046535,INCLUDES
ATTACK-001,EVT-046536,INCLUDES
ATTACK-001,EVT-046537,INCLUDES
ATTACK-001,EVT-046538,INCLUDES
ATTACK-001,EVT-046539,INCLUDES
ATTACK-001,EVT-046540,INCLUDES
ATTACK-001,EVT-046541,INCLUDES
ATTACK-001,EVT-046542,INCLUDES
ATTACK-001,EVT-046543,INCLUDES
ATTACK-001,EVT-046544,INCLUDES
ATTACK-001,EVT-046545,INCLUDES
ATTACK-001,EVT-046546,INCLUDES
ATTACK-001,EVT-046547,INCLUDES
ATTACK-001,EVT-046548,INCLUDES
ATTACK-001,EVT-046549,INCLUDES
ATTACK-001,EVT-046550,INCLUDES
ATTACK-001,EVT-046551,INCLUDES
ATTACK-001,EVT-046552,INCLUDES
ATTACK-001,EVT-046553,INCLUDES
ATTACK-001,EVT-046554,INCLUDES
ATTACK-001,EVT-046555,INCLUDES
ATTACK-001,EVT-046556,INCLUDES
ATTACK-001,EVT-046557,INCLUDES
ATTACK-001,EVT-046558,INCLUDES
ATTACK-001,EVT-046559,INCLUDES
ATTACK-001,EVT-046560,INCLUDES
ATTACK-001,EVT-046561,INCLUDES
ATTACK-001,EVT-046562,INCLUDES
ATTACK-001,EVT-046563,INCLUDES
ATTACK-001,EVT-046564,INCLUDES
ATTACK-001,EVT-046565,INCLUDES
ATTACK-001,EVT-046566,INCLUDES
ATTACK-001,EVT-046567,INCLUDES
ATTACK-001,EVT-046568,INCLUDES
ATTACK-001,EVT-046569,INCLUDES
ATTACK-001,EVT-046570,INCLUDES
ATTACK-001,EVT-046571,INCLUDES
ATTACK-001,EVT-046572,INCLUDES
ATTACK-001,EVT-046573,INCLUDES
ATTACK-001,EVT-046574,INCLUDES
ATTACK-001,EVT-046575,INCLUDES
ATTACK-001,EVT-046576,INCLUDES
ATTACK-001,EVT-046577,INCLUDES
ATTACK-001,EVT-046578,INCLUDES
ATTACK-001,EVT-046579,INCLUDES
ATTACK-001,EVT-046580,INCLUDES
ATTACK-001,EVT-046581,INCLUDES
ATTACK-001,EVT-046582,INCLUDES
ATTACK-001,EVT-046583,INCLUDES
ATTACK-001,EVT-046584,INCLUDES
ATTACK-001,EVT-046585,INCLUDES
ATTACK-001,EVT-046586,INCLUDES
ATTACK-001,EVT-046587,INCLUDES
ATTACK-001,EVT-046588,INCLUDES
ATTACK-001,EVT-046589,INCLUDES
ATTACK-001,EVT-046590,INCLUDES
ATTACK-001,EVT-046591,INCLUDES
ATTACK-001,EVT-046592,INCLUDES
ATTACK-001,EVT-046593,INCLUDES
ATTACK-001,EVT-046594,INCLUDES
ATTACK-001,EVT-046595,INCLUDES
ATTACK-001,EVT-046596,INCLUDES
ATTACK-001,EVT-046597,INCLUDES
ATTACK-001,EVT-046598,INCLUDES
ATTACK-001,EVT-046599,INCLUDES
ATTACK-001,EVT-046600,INCLUDES
ATTACK-001,EVT-046601,INCLUDES
ATTACK-001,EVT-046602,INCLUDES
ATTACK-001,EVT-046603,INCLUDES
ATTACK-001,EVT-046604,INCLUDES
ATTACK-001,EVT-046605,INCLUDES
ATTACK-001,EVT-046606,INCLUDES
ATTACK-001,EVT-046607,INCLUDES
ATTACK-001,EVT-046608,INCLUDES
ATTACK-001,EVT-046609,INCLUDES
ATTACK-001,EVT-046610,INCLUDES
ATTACK-001,EVT-046611,INCLUDES
ATTACK-001,EVT-046612,INCLUDES
ATTACK-001,EVT-046613,INCLUDES
ATTACK-001,EVT-046614,INCLUDES
ATTACK-001,EVT-046615,INCLUDES
ATTACK-001,EVT-046616,INCLUDES
ATTACK-001,EVT-046617,INCLUDES
ATTACK-001,EVT-046618,INCLUDES
ATTACK-001,EVT-046619,INCLUDES
ATTACK-001,EVT-046620,INCLUDES
ATTACK-001,EVT-046621,INCLUDES
ATTACK-001,EVT-046622,INCLUDES
ATTACK-001,EVT-046623,INCLUDES
ATTACK-001,EVT-046624,INCLUDES
ATTACK-001,EVT-046625,INCLUDES
ATTACK-001,EVT-046626,INCLUDES
ATTACK-001,EVT-046627,INCLUDES
ATTACK-001,EVT-046628,INCLUDES
ATTACK-001,EVT-046629,INCLUDES
ATTACK-001,EVT-046630,INCLUDES
ATTACK-001,EVT-046631,INCLUDES
ATTACK-001,EVT-046632,INCLUDES
ATTACK-001,EVT-046633,INCLUDES
ATTACK-001,EVT-046634,INCLUDES
ATTACK-001,EVT-046635,INCLUDES
ATTACK-001,EVT-046636,INCLUDES
ATTACK-001,EVT-046637,INCLUDES
ATTACK-001,EVT-046638,INCLUDES
ATTACK-001,EVT-046639,INCLUDES
ATTACK-001,EVT-046640,INCLUDES
ATTACK-001,EVT-046641,INCLUDES
ATTACK-001,EVT-046642,INCLUDES
ATTACK-001,EVT-046643,INCLUDES
ATTACK-001,EVT-046644,INCLUDES
ATTACK-001,EVT-046645,INCLUDES
ATTACK-001,EVT-046646,INCLUDES
ATTACK-001,EVT-046647,INCLUDES
ATTACK-001,EVT-046648,INCLUDES
ATTACK-001,EVT-046649,INCLUDES
ATTACK-001,EVT-046650,INCLUDES
ATTACK-001,EVT-046651,INCLUDES
ATTACK-001,EVT-046652,INCLUDES
ATTACK-001,EVT-046653,INCLUDES
ATTACK-001,EVT-046654,INCLUDES
ATTACK-001,EVT-046655,INCLUDES
ATTACK-001,EVT-046656,INCLUDES
ATTACK-001,EVT-046657,INCLUDES
ATTACK-001,EVT-046658,INCLUDES
ATTACK-001,EVT-046659,INCLUDES
ATTACK-001,EVT-046660,INCLUDES
ATTACK-001,EVT-046661,INCLUDES
ATTACK-001,EVT-046662,INCLUDES
ATTACK-001,EVT-046663,INCLUDES
ATTACK-001,EVT-046664,INCLUDES
ATTACK-001,EVT-046665,INCLUDES
ATTACK-001,EVT-046666,INCLUDES
ATTACK-001,EVT-046667,INCLUDES
ATTACK-001,EVT-046668,INCLUDES
ATTACK-001,EVT-046669,INCLUDES
ATTACK-001,EVT-046670,INCLUDES
ATTACK-001,EVT-046671,INCLUDES
ATTACK-001,EVT-046672,INCLUDES
ATTACK-001,EVT-046673,INCLUDES
ATTACK-001,EVT-046674,INCLUDES
ATTACK-001,EVT-046675,INCLUDES
ATTACK-001,EVT-046676,INCLUDES
ATTACK-001,EVT-046677,INCLUDES
ATTACK-001,EVT-046678,INCLUDES
ATTACK-001,EVT-046679,INCLUDES
ATTACK-001,EVT-046680,INCLUDES
ATTACK-001,EVT-046681,INCLUDES
ATTACK-001,EVT-046682,INCLUDES
ATTACK-001,EVT-046683,INCLUDES
ATTACK-001,EVT-046684,INCLUDES
ATTACK-001,EVT-046685,INCLUDES
ATTACK-001,EVT-046686,INCLUDES
ATTACK-001,EVT-046687,INCLUDES
ATTACK-001,EVT-046688,INCLUDES
ATTACK-001,EVT-046689,INCLUDES
ATTACK-001,EVT-046690,INCLUDES
ATTACK-001,EVT-046691,INCLUDES
ATTACK-001,EVT-046692,INCLUDES
ATTACK-001,EVT-046693,INCLUDES
ATTACK-001,EVT-046694,INCLUDES
ATTACK-001,EVT-046695,INCLUDES
ATTACK-001,EVT-046696,INCLUDES
ATTACK-001,EVT-046697,INCLUDES
ATTACK-001,EVT-046698,INCLUDES
ATTACK-001,EVT-046699,INCLUDES
ATTACK-001,EVT-046700,INCLUDES
ATTACK-001,EVT-046701,INCLUDES
ATTACK-001,EVT-046702,INCLUDES
ATTACK-001,EVT-046703,INCLUDES
ATTACK-001,EVT-046704,INCLUDES
ATTACK-001,EVT-046705,INCLUDES
ATTACK-001,EVT-046706,INCLUDES
ATTACK-001,EVT-046707,INCLUDES
ATTACK-001,EVT-046708,INCLUDES
ATTACK-001,EVT-046709,INCLUDES
ATTACK-001,EVT-046710,INCLUDES
ATTACK-001,EVT-046711,INCLUDES
ATTACK-001,EVT-046712,INCLUDES
ATTACK-001,EVT-046713,INCLUDES
ATTACK-001,EVT-046714,INCLUDES
ATTACK-001,EVT-046715,INCLUDES
ATTACK-001,EVT-046716,INCLUDES
ATTACK-001,EVT-046717,INCLUDES
ATTACK-001,EVT-046718,INCLUDES
ATTACK-001,EVT-046719,INCLUDES
ATTACK-001,EVT-046720,INCLUDES
ATTACK-001,EVT-046721,INCLUDES
ATTACK-001,EVT-046722,INCLUDES
ATTACK-001,EVT-046723,INCLUDES
ATTACK-001,EVT-046724,INCLUDES
ATTACK-001,EVT-046725,INCLUDES
ATTACK-001,EVT-046726,INCLUDES
ATTACK-001,EVT-046727,INCLUDES
ATTACK-001,EVT-046728,INCLUDES
ATTACK-001,EVT-046729,INCLUDES
ATTACK-001,EVT-046730,INCLUDES
ATTACK-001,EVT-046731,INCLUDES
ATTACK-001,EVT-046732,INCLUDES
ATTACK-001,EVT-046733,INCLUDES
ATTACK-001,EVT-046734,INCLUDES
ATTACK-001,EVT-046735,INCLUDES
ATTACK-001,EVT-046736,INCLUDES
ATTACK-001,EVT-046737,INCLUDES
ATTACK-001,EVT-046738,INCLUDES
ATTACK-001,EVT-046739,INCLUDES
ATTACK-001,EVT-046740,INCLUDES
ATTACK-001,EVT-046741,INCLUDES
ATTACK-001,EVT-046742,INCLUDES
ATTACK-001,EVT-046743,INCLUDES
ATTACK-001,EVT-046744,INCLUDES
ATTACK-001,EVT-046745,INCLUDES
ATTACK-001,EVT-046746,INCLUDES
ATTACK-001,EVT-046747,INCLUDES
ATTACK-001,EVT-046748,INCLUDES
ATTACK-001,EVT-046749,INCLUDES
ATTACK-001,EVT-046750,INCLUDES
ATTACK-001,EVT-046751,INCLUDES
ATTACK-001,EVT-046752,INCLUDES
ATTACK-001,EVT-046753,INCLUDES
ATTACK-001,EVT-046754,INCLUDES
ATTACK-001,EVT-046755,INCLUDES
ATTACK-001,EVT-046756,INCLUDES
ATTACK-001,EVT-046757,INCLUDES
ATTACK-001,EVT-046758,INCLUDES
ATTACK-001,EVT-046759,INCLUDES
ATTACK-001,EVT-046760,INCLUDES
ATTACK-001,EVT-046761,INCLUDES
ATTACK-001,EVT-046762,INCLUDES
ATTACK-001,EVT-046763,INCLUDES
ATTACK-001,EVT-046764,INCLUDES
ATTACK-001,EVT-046765,INCLUDES
ATTACK-001,EVT-046766,INCLUDES
ATTACK-001,EVT-046767,INCLUDES
ATTACK-001,EVT-046768,INCLUDES
ATTACK-001,EVT-046769,INCLUDES
ATTACK-001,EVT-046770,INCLUDES
ATTACK-001,EVT-046771,INCLUDES
ATTACK-001,EVT-046772,INCLUDES
ATTACK-001,EVT-046773,INCLUDES
ATTACK-001,EVT-046774,INCLUDES
ATTACK-001,EVT-046775,INCLUDES
ATTACK-001,EVT-046776,INCLUDES
ATTACK-001,EVT-046777,INCLUDES
ATTACK-001,EVT-046778,INCLUDES
ATTACK-001,EVT-046779,INCLUDES
ATTACK-001,EVT-046780,INCLUDES
ATTACK-001,EVT-046781,INCLUDES
ATTACK-001,EVT-046782,INCLUDES
ATTACK-001,EVT-046783,INCLUDES
ATTACK-001,EVT-046784,INCLUDES
ATTACK-001,EVT-046785,INCLUDES
ATTACK-001,EVT-046786,INCLUDES
ATTACK-001,EVT-046787,INCLUDES
ATTACK-001,EVT-046788,INCLUDES
ATTACK-001,EVT-046789,INCLUDES
ATTACK-001,EVT-046790,INCLUDES
ATTACK-001,EVT-046791,INCLUDES
ATTACK-001,EVT-046792,INCLUDES
ATTACK-001,EVT-046793,INCLUDES
ATTACK-001,EVT-046794,INCLUDES
ATTACK-001,EVT-046795,INCLUDES
ATTACK-001,EVT-046796,INCLUDES
ATTACK-001,EVT-046797,INCLUDES
ATTACK-001,EVT-046798,INCLUDES
ATTACK-001,EVT-046799,INCLUDES
ATTACK-001,EVT-046800,INCLUDES
ATTACK-001,EVT-046801,INCLUDES
ATTACK-001,EVT-046802,INCLUDES
ATTACK-001,EVT-046803,INCLUDES
ATTACK-001,EVT-046804,INCLUDES
ATTACK-001,EVT-046805,INCLUDES
ATTACK-001,EVT-046806,INCLUDES
ATTACK-001,EVT-046807,INCLUDES
ATTACK-001,EVT-046808,INCLUDES
ATTACK-001,EVT-046809,INCLUDES
ATTACK-001,EVT-046810,INCLUDES
ATTACK-001,EVT-046811,INCLUDES
ATTACK-001,EVT-046812,INCLUDES
ATTACK-001,EVT-046813,INCLUDES
ATTACK-001,EVT-046814,INCLUDES
ATTACK-001,EVT-046815,INCLUDES
ATTACK-001,EVT-046816,INCLUDES
ATTACK-001,EVT-046817,INCLUDES
ATTACK-001,EVT-046818,INCLUDES
ATTACK-001,EVT-046819,INCLUDES
ATTACK-001,EVT-046820,INCLUDES
ATTACK-001,EVT-046821,INCLUDES
ATTACK-001,EVT-046822,INCLUDES
ATTACK-001,EVT-046823,INCLUDES
ATTACK-001,EVT-046824,INCLUDES
ATTACK-001,EVT-046825,INCLUDES
ATTACK-001,EVT-046826,INCLUDES
ATTACK-001,EVT-046827,INCLUDES
ATTACK-001,EVT-046828,INCLUDES
ATTACK-001,EVT-046829,INCLUDES
ATTACK-001,EVT-046830,INCLUDES
ATTACK-001,EVT-046831,INCLUDES
ATTACK-001,EVT-046832,INCLUDES
ATTACK-001,EVT-046833,INCLUDES
ATTACK-001,EVT-046834,INCLUDES
ATTACK-001,EVT-046835,INCLUDES
ATTACK-001,EVT-046836,INCLUDES
ATTACK-001,EVT-046837,INCLUDES
ATTACK-001,EVT-046838,INCLUDES
ATTACK-001,EVT-046839,INCLUDES
ATTACK-001,EVT-046840,INCLUDES
ATTACK-001,EVT-046841,INCLUDES
ATTACK-001,EVT-046842,INCLUDES
ATTACK-001,EVT-046843,INCLUDES
ATTACK-001,EVT-046844,INCLUDES
ATTACK-001,EVT-046845,INCLUDES
ATTACK-001,EVT-046846,INCLUDES
ATTACK-001,EVT-046847,INCLUDES
ATTACK-001,EVT-046848,INCLUDES
ATTACK-001,EVT-046849,INCLUDES
ATTACK-001,EVT-046850,INCLUDES
ATTACK-001,EVT-046851,INCLUDES
ATTACK-001,EVT-046852,INCLUDES
ATTACK-001,EVT-046853,INCLUDES
ATTACK-001,EVT-046854,INCLUDES
ATTACK-001,EVT-046855,INCLUDES
ATTACK-001,EVT-046856,INCLUDES
ATTACK-001,EVT-046857,INCLUDES
ATTACK-001,EVT-046858,INCLUDES
ATTACK-001,EVT-046859,INCLUDES
ATTACK-001,EVT-046860,INCLUDES
ATTACK-001,EVT-046861,INCLUDES
ATTACK-001,EVT-046862,INCLUDES
ATTACK-001,EVT-046863,INCLUDES
ATTACK-001,EVT-046864,INCLUDES
ATTACK-001,EVT-046865,INCLUDES
ATTACK-001,EVT-046866,INCLUDES
ATTACK-001,EVT-046867,INCLUDES
ATTACK-001,EVT-046868,INCLUDES
ATTACK-001,EVT-046869,INCLUDES
ATTACK-001,EVT-046870,INCLUDES
ATTACK-001,EVT-046871,INCLUDES
ATTACK-001,EVT-046872,INCLUDES
ATTACK-001,EVT-046873,INCLUDES
ATTACK-001,EVT-046874,INCLUDES
ATTACK-001,EVT-046875,INCLUDES
ATTACK-001,EVT-046876,INCLUDES
ATTACK-001,EVT-046877,INCLUDES
ATTACK-001,EVT-046878,INCLUDES
ATTACK-001,EVT-046879,INCLUDES
ATTACK-001,EVT-046880,INCLUDES
ATTACK-001,EVT-046881,INCLUDES
ATTACK-001,EVT-046882,INCLUDES
ATTACK-001,EVT-046883,INCLUDES
ATTACK-001,EVT-046884,INCLUDES
ATTACK-001,EVT-046885,INCLUDES
ATTACK-001,EVT-046886,INCLUDES
ATTACK-001,EVT-046887,INCLUDES
ATTACK-001,EVT-046888,INCLUDES
ATTACK-001,EVT-046889,INCLUDES
ATTACK-001,EVT-046890,INCLUDES
ATTACK-001,EVT-046891,INCLUDES
ATTACK-001,EVT-046892,INCLUDES
ATTACK-001,EVT-046893,INCLUDES
ATTACK-001,EVT-046894,INCLUDES
ATTACK-001,EVT-046895,INCLUDES
ATTACK-001,EVT-046896,INCLUDES
ATTACK-001,EVT-046897,INCLUDES
ATTACK-001,EVT-046898,INCLUDES
ATTACK-001,EVT-046899,INCLUDES
ATTACK-001,EVT-046900,INCLUDES
ATTACK-001,EVT-046901,INCLUDES
ATTACK-001,EVT-046902,INCLUDES
ATTACK-001,EVT-046903,INCLUDES
ATTACK-001,EVT-046904,INCLUDES
ATTACK-001,EVT-046905,INCLUDES
ATTACK-001,EVT-046906,INCLUDES
ATTACK-001,EVT-046907,INCLUDES
ATTACK-001,EVT-046908,INCLUDES
ATTACK-001,EVT-046909,INCLUDES
ATTACK-001,EVT-046910,INCLUDES
ATTACK-001,EVT-046911,INCLUDES
ATTACK-001,EVT-046912,INCLUDES
ATTACK-001,EVT-046913,INCLUDES
ATTACK-001,EVT-046914,INCLUDES
ATTACK-001,EVT-046915,INCLUDES
ATTACK-001,EVT-046916,INCLUDES
ATTACK-001,EVT-046917,INCLUDES
ATTACK-001,EVT-046918,INCLUDES
ATTACK-001,EVT-046919,INCLUDES
ATTACK-001,EVT-046920,INCLUDES
ATTACK-001,EVT-046921,INCLUDES
ATTACK-001,EVT-046922,INCLUDES
ATTACK-001,EVT-046923,INCLUDES
ATTACK-001,EVT-046924,INCLUDES
ATTACK-001,EVT-046925,INCLUDES
ATTACK-001,EVT-046926,INCLUDES
ATTACK-001,EVT-046927,INCLUDES
ATTACK-001,EVT-046928,INCLUDES
ATTACK-001,EVT-046929,INCLUDES
ATTACK-001,EVT-046930,INCLUDES
ATTACK-001,EVT-046931,INCLUDES
ATTACK-001,EVT-046932,INCLUDES
ATTACK-001,EVT-046933,INCLUDES
ATTACK-001,EVT-046934,INCLUDES
ATTACK-001,EVT-046935,INCLUDES
ATTACK-001,EVT-046936,INCLUDES
ATTACK-001,EVT-046937,INCLUDES
ATTACK-001,EVT-046938,INCLUDES
ATTACK-001,EVT-046939,INCLUDES
ATTACK-001,EVT-046940,INCLUDES
ATTACK-001,EVT-046941,INCLUDES
ATTACK-001,EVT-046942,INCLUDES
ATTACK-001,EVT-046943,INCLUDES
ATTACK-001,EVT-046944,INCLUDES
ATTACK-001,EVT-046945,INCLUDES
ATTACK-001,EVT-046946,INCLUDES
ATTACK-001,EVT-046947,INCLUDES
ATTACK-001,EVT-046948,INCLUDES
ATTACK-001,EVT-046949,INCLUDES
ATTACK-001,EVT-046950,INCLUDES
ATTACK-001,EVT-046951,INCLUDES
ATTACK-001,EVT-046952,INCLUDES
ATTACK-001,EVT-046953,INCLUDES
ATTACK-001,EVT-046954,INCLUDES
ATTACK-001,EVT-046955,INCLUDES
ATTACK-001,EVT-046956,INCLUDES
ATTACK-001,EVT-046957,INCLUDES
ATTACK-001,EVT-046958,INCLUDES
ATTACK-001,EVT-046959,INCLUDES
ATTACK-001,EVT-046960,INCLUDES
ATTACK-001,EVT-046961,INCLUDES
ATTACK-001,EVT-046962,INCLUDES
ATTACK-001,EVT-046963,INCLUDES
ATTACK-001,EVT-046964,INCLUDES
ATTACK-001,EVT-046965,INCLUDES
ATTACK-001,EVT-046966,INCLUDES
ATTACK-001,EVT-046967,INCLUDES
ATTACK-001,EVT-046968,INCLUDES
ATTACK-001,EVT-046969,INCLUDES
ATTACK-001,EVT-046970,INCLUDES
ATTACK-001,EVT-046971,INCLUDES
ATTACK-001,EVT-046972,INCLUDES
ATTACK-001,EVT-046973,INCLUDES
ATTACK-001,EVT-046974,INCLUDES
ATTACK-001,EVT-046975,INCLUDES
ATTACK-001,EVT-046976,INCLUDES
ATTACK-001,EVT-046977,INCLUDES
ATTACK-001,EVT-046978,INCLUDES
ATTACK-001,EVT-046979,INCLUDES
ATTACK-001,EVT-046980,INCLUDES
ATTACK-001,EVT-046981,INCLUDES
ATTACK-001,EVT-046982,INCLUDES
ATTACK-001,EVT-046983,INCLUDES
ATTACK-001,EVT-046984,INCLUDES
ATTACK-001,EVT-046985,INCLUDES
ATTACK-001,EVT-046986,INCLUDES
ATTACK-001,EVT-046987,INCLUDES
ATTACK-001,EVT-046988,INCLUDES
ATTACK-001,EVT-046989,INCLUDES
ATTACK-001,EVT-046990,INCLUDES
ATTACK-001,EVT-046991,INCLUDES
ATTACK-001,EVT-046992,INCLUDES
ATTACK-001,EVT-046993,INCLUDES
ATTACK-001,EVT-046994,INCLUDES
ATTACK-001,EVT-046995,INCLUDES
ATTACK-001,EVT-046996,INCLUDES
ATTACK-001,EVT-046997,INCLUDES
ATTACK-001,EVT-046998,INCLUDES
ATTACK-001,EVT-046999,INCLUDES
ATTACK-001,EVT-047000,INCLUDES
ATTACK-001,EVT-047001,INCLUDES
ATTACK-001,EVT-047002,INCLUDES
ATTACK-001,EVT-047003,INCLUDES
ATTACK-001,EVT-047004,INCLUDES
ATTACK-001,EVT-047005,INCLUDES
ATTACK-001,EVT-047006,INCLUDES
ATTACK-001,EVT-047007,INCLUDES
ATTACK-001,EVT-047008,INCLUDES
ATTACK-001,EVT-047009,INCLUDES
ATTACK-001,EVT-047010,INCLUDES
ATTACK-001,EVT-047011,INCLUDES
ATTACK-001,EVT-047012,INCLUDES
ATTACK-001,EVT-047013,INCLUDES
ATTACK-001,EVT-047014,INCLUDES
ATTACK-001,EVT-047015,INCLUDES
ATTACK-001,EVT-047016,INCLUDES
ATTACK-001,EVT-047017,INCLUDES
ATTACK-001,EVT-047018,INCLUDES
ATTACK-001,EVT-047019,INCLUDES
ATTACK-001,EVT-047020,INCLUDES
ATTACK-001,EVT-047021,INCLUDES
ATTACK-001,EVT-047022,INCLUDES
ATTACK-001,EVT-047023,INCLUDES
ATTACK-001,EVT-047024,INCLUDES
ATTACK-001,EVT-047025,INCLUDES
ATTACK-001,EVT-047026,INCLUDES
ATTACK-001,EVT-047027,INCLUDES
ATTACK-001,EVT-047028,INCLUDES
ATTACK-001,EVT-047029,INCLUDES
ATTACK-001,EVT-047030,INCLUDES
ATTACK-001,EVT-047031,INCLUDES
ATTACK-001,EVT-047032,INCLUDES
ATTACK-001,EVT-047033,INCLUDES
ATTACK-001,EVT-047034,INCLUDES
ATTACK-001,EVT-047035,INCLUDES
ATTACK-001,EVT-047036,INCLUDES
ATTACK-001,EVT-047037,INCLUDES
ATTACK-001,EVT-047038,INCLUDES
ATTACK-001,EVT-047039,INCLUDES
ATTACK-001,EVT-047040,INCLUDES
ATTACK-001,EVT-047041,INCLUDES
ATTACK-001,EVT-047042,INCLUDES
ATTACK-001,EVT-047043,INCLUDES
ATTACK-001,EVT-047044,INCLUDES
ATTACK-001,EVT-047045,INCLUDES
ATTACK-001,EVT-047046,INCLUDES
ATTACK-001,EVT-047047,INCLUDES
ATTACK-001,EVT-047048,INCLUDES
ATTACK-001,EVT-047049,INCLUDES
ATTACK-001,EVT-047050,INCLUDES
ATTACK-001,EVT-047051,INCLUDES
ATTACK-001,EVT-047052,INCLUDES
ATTACK-001,EVT-047053,INCLUDES
ATTACK-001,EVT-047054,INCLUDES
ATTACK-001,EVT-047055,INCLUDES
ATTACK-001,EVT-047056,INCLUDES
ATTACK-001,EVT-047057,INCLUDES
ATTACK-001,EVT-047058,INCLUDES
ATTACK-001,EVT-047059,INCLUDES
ATTACK-001,EVT-047060,INCLUDES
ATTACK-001,EVT-047061,INCLUDES
ATTACK-001,EVT-047062,INCLUDES
ATTACK-001,EVT-047063,INCLUDES
ATTACK-001,EVT-047064,INCLUDES
ATTACK-001,EVT-047065,INCLUDES
ATTACK-001,EVT-047066,INCLUDES
ATTACK-001,EVT-047067,INCLUDES
ATTACK-001,EVT-047068,INCLUDES
ATTACK-001,EVT-047069,INCLUDES
ATTACK-001,EVT-047070,INCLUDES
ATTACK-001,EVT-047071,INCLUDES
ATTACK-001,EVT-047072,INCLUDES
ATTACK-001,EVT-047073,INCLUDES
ATTACK-001,EVT-047074,INCLUDES
ATTACK-001,EVT-047075,INCLUDES
ATTACK-001,EVT-047076,INCLUDES
ATTACK-001,EVT-047077,INCLUDES
ATTACK-001,EVT-047078,INCLUDES
ATTACK-001,EVT-047079,INCLUDES
ATTACK-001,EVT-047080,INCLUDES
ATTACK-001,EVT-047081,INCLUDES
ATTACK-001,EVT-047082,INCLUDES
ATTACK-001,EVT-047083,INCLUDES
ATTACK-001,EVT-047084,INCLUDES
ATTACK-001,EVT-047085,INCLUDES
ATTACK-001,EVT-047086,INCLUDES
ATTACK-001,EVT-047087,INCLUDES
ATTACK-001,EVT-047088,INCLUDES
ATTACK-001,EVT-047089,INCLUDES
ATTACK-001,EVT-047090,INCLUDES
ATTACK-001,EVT-047091,INCLUDES
ATTACK-001,EVT-047092,INCLUDES
ATTACK-001,EVT-047093,INCLUDES
ATTACK-001,EVT-047094,INCLUDES
ATTACK-001,EVT-047095,INCLUDES
ATTACK-001,EVT-047096,INCLUDES
ATTACK-001,EVT-047097,INCLUDES
ATTACK-001,EVT-047098,INCLUDES
ATTACK-001,EVT-047099,INCLUDES
ATTACK-001,EVT-047100,INCLUDES
ATTACK-001,EVT-047101,INCLUDES
ATTACK-001,EVT-047102,INCLUDES
ATTACK-001,EVT-047103,INCLUDES
ATTACK-001,EVT-047104,INCLUDES
ATTACK-001,EVT-047105,INCLUDES
ATTACK-001,EVT-047106,INCLUDES
ATTACK-001,EVT-047107,INCLUDES
ATTACK-001,EVT-047108,INCLUDES
ATTACK-001,EVT-047109,INCLUDES
ATTACK-001,EVT-047110,INCLUDES
ATTACK-001,EVT-047111,INCLUDES
ATTACK-001,EVT-047112,INCLUDES
ATTACK-001,EVT-047113,INCLUDES
ATTACK-001,EVT-047114,INCLUDES
ATTACK-001,EVT-047115,INCLUDES
ATTACK-001,EVT-047116,INCLUDES
ATTACK-001,EVT-047117,INCLUDES
ATTACK-001,EVT-047118,INCLUDES
ATTACK-001,EVT-047119,INCLUDES
ATTACK-001,EVT-047120,INCLUDES
ATTACK-001,EVT-047121,INCLUDES
ATTACK-001,EVT-047122,INCLUDES
ATTACK-001,EVT-047123,INCLUDES
ATTACK-001,EVT-047124,INCLUDES
ATTACK-001,EVT-047125,INCLUDES
ATTACK-001,EVT-047126,INCLUDES
ATTACK-001,EVT-047127,INCLUDES
ATTACK-001,EVT-047128,INCLUDES
ATTACK-001,EVT-047129,INCLUDES
ATTACK-001,EVT-047130,INCLUDES
ATTACK-001,EVT-047131,INCLUDES
ATTACK-001,EVT-047132,INCLUDES
ATTACK-001,EVT-047133,INCLUDES
ATTACK-001,EVT-047134,INCLUDES
ATTACK-001,EVT-047135,INCLUDES
ATTACK-001,EVT-047136,INCLUDES
ATTACK-001,EVT-047137,INCLUDES
ATTACK-001,EVT-047138,INCLUDES
ATTACK-001,EVT-047139,INCLUDES
ATTACK-001,EVT-047140,INCLUDES
ATTACK-001,EVT-047141,INCLUDES
ATTACK-001,EVT-047142,INCLUDES
ATTACK-001,EVT-047143,INCLUDES
ATTACK-001,EVT-047144,INCLUDES
ATTACK-001,EVT-047145,INCLUDES
ATTACK-001,EVT-047146,INCLUDES
ATTACK-001,EVT-047147,INCLUDES
ATTACK-001,EVT-047148,INCLUDES
ATTACK-001,EVT-047149,INCLUDES
ATTACK-001,EVT-047150,INCLUDES
ATTACK-001,EVT-047151,INCLUDES
ATTACK-001,EVT-047152,INCLUDES
ATTACK-001,EVT-047153,INCLUDES
ATTACK-001,EVT-047154,INCLUDES
ATTACK-001,EVT-047155,INCLUDES
ATTACK-001,EVT-047156,INCLUDES
ATTACK-001,EVT-047157,INCLUDES
ATTACK-001,EVT-047158,INCLUDES
ATTACK-001,EVT-047159,INCLUDES
ATTACK-001,EVT-047160,INCLUDES
ATTACK-001,EVT-047161,INCLUDES
ATTACK-001,EVT-047162,INCLUDES
ATTACK-001,EVT-047163,INCLUDES
ATTACK-001,EVT-047164,INCLUDES
ATTACK-001,EVT-047165,INCLUDES
ATTACK-001,EVT-047166,INCLUDES
ATTACK-001,EVT-047167,INCLUDES
ATTACK-001,EVT-047168,INCLUDES
ATTACK-001,EVT-047169,INCLUDES
ATTACK-001,EVT-047170,INCLUDES
ATTACK-001,EVT-047171,INCLUDES
ATTACK-001,EVT-047172,INCLUDES
ATTACK-001,EVT-047173,INCLUDES
ATTACK-001,EVT-047174,INCLUDES
ATTACK-001,EVT-047175,INCLUDES
ATTACK-001,EVT-047176,INCLUDES
ATTACK-001,EVT-047177,INCLUDES
ATTACK-001,EVT-047178,INCLUDES
ATTACK-001,EVT-047179,INCLUDES
ATTACK-001,EVT-047180,INCLUDES
ATTACK-001,EVT-047181,INCLUDES
ATTACK-001,EVT-047182,INCLUDES
ATTACK-001,EVT-047183,INCLUDES
ATTACK-001,EVT-047184,INCLUDES
ATTACK-001,EVT-047185,INCLUDES
ATTACK-001,EVT-047186,INCLUDES
ATTACK-001,EVT-047187,INCLUDES
ATTACK-001,EVT-047188,INCLUDES
ATTACK-001,EVT-047189,INCLUDES
ATTACK-001,EVT-047190,INCLUDES
ATTACK-001,EVT-047191,INCLUDES
ATTACK-001,EVT-047192,INCLUDES
ATTACK-001,EVT-047193,INCLUDES
ATTACK-001,EVT-047194,INCLUDES
ATTACK-001,EVT-047195,INCLUDES
ATTACK-001,EVT-047196,INCLUDES
ATTACK-001,EVT-047197,INCLUDES
ATTACK-001,EVT-047198,INCLUDES
ATTACK-001,EVT-047199,INCLUDES
ATTACK-001,EVT-047200,INCLUDES
ATTACK-001,EVT-047201,INCLUDES
ATTACK-001,EVT-047202,INCLUDES
ATTACK-001,EVT-047203,INCLUDES
ATTACK-001,EVT-047204,INCLUDES
ATTACK-001,EVT-047205,INCLUDES
ATTACK-001,EVT-047206,INCLUDES
ATTACK-001,EVT-047207,INCLUDES
ATTACK-001,EVT-047208,INCLUDES
ATTACK-001,EVT-047209,INCLUDES
ATTACK-001,EVT-047210,INCLUDES
ATTACK-001,EVT-047211,INCLUDES
ATTACK-001,EVT-047212,INCLUDES
ATTACK-001,EVT-047213,INCLUDES
ATTACK-001,EVT-047214,INCLUDES
ATTACK-001,EVT-047215,INCLUDES
ATTACK-001,EVT-047216,INCLUDES
ATTACK-001,EVT-047217,INCLUDES
ATTACK-001,EVT-047218,INCLUDES
ATTACK-001,EVT-047219,INCLUDES
ATTACK-001,EVT-047220,INCLUDES
ATTACK-001,EVT-047221,INCLUDES
ATTACK-001,EVT-047222,INCLUDES
ATTACK-001,EVT-047223,INCLUDES
ATTACK-001,EVT-047224,INCLUDES
ATTACK-001,EVT-047225,INCLUDES
ATTACK-001,EVT-047226,INCLUDES
ATTACK-001,EVT-047227,INCLUDES
ATTACK-001,EVT-047228,INCLUDES
ATTACK-001,EVT-047229,INCLUDES
ATTACK-001,EVT-047230,INCLUDES
ATTACK-001,EVT-047231,INCLUDES
ATTACK-001,EVT-047232,INCLUDES
ATTACK-001,EVT-047233,INCLUDES
ATTACK-001,EVT-047234,INCLUDES
ATTACK-001,EVT-047235,INCLUDES
ATTACK-001,EVT-047236,INCLUDES
ATTACK-001,EVT-047237,INCLUDES
ATTACK-001,EVT-047238,INCLUDES
ATTACK-001,EVT-047239,INCLUDES
ATTACK-001,EVT-047240,INCLUDES
ATTACK-001,EVT-047241,INCLUDES
ATTACK-001,EVT-047242,INCLUDES
ATTACK-001,EVT-047243,INCLUDES
ATTACK-001,EVT-047244,INCLUDES
ATTACK-001,EVT-047245,INCLUDES
ATTACK-001,EVT-047246,INCLUDES
ATTACK-001,EVT-047247,INCLUDES
ATTACK-001,EVT-047248,INCLUDES
ATTACK-001,EVT-047249,INCLUDES
ATTACK-001,EVT-047250,INCLUDES
ATTACK-001,EVT-047251,INCLUDES
ATTACK-001,EVT-047252,INCLUDES
ATTACK-001,EVT-047253,INCLUDES
ATTACK-001,EVT-047254,INCLUDES
ATTACK-001,EVT-047255,INCLUDES
ATTACK-001,EVT-047256,INCLUDES
ATTACK-001,EVT-047257,INCLUDES
ATTACK-001,EVT-047258,INCLUDES
ATTACK-001,EVT-047259,INCLUDES
ATTACK-001,EVT-047260,INCLUDES
ATTACK-001,EVT-047261,INCLUDES
ATTACK-001,EVT-047262,INCLUDES
ATTACK-001,EVT-047263,INCLUDES
ATTACK-001,EVT-047264,INCLUDES
ATTACK-001,EVT-047265,INCLUDES
ATTACK-001,EVT-047266,INCLUDES
ATTACK-001,EVT-047267,INCLUDES
ATTACK-001,EVT-047268,INCLUDES
ATTACK-001,EVT-047269,INCLUDES
ATTACK-001,EVT-047270,INCLUDES
ATTACK-001,EVT-047271,INCLUDES
ATTACK-001,EVT-047272,INCLUDES
ATTACK-001,EVT-047273,INCLUDES
ATTACK-001,EVT-047274,INCLUDES
ATTACK-001,EVT-047275,INCLUDES
ATTACK-001,EVT-047276,INCLUDES
ATTACK-001,EVT-047277,INCLUDES
ATTACK-001,EVT-047278,INCLUDES
ATTACK-001,EVT-047279,INCLUDES
ATTACK-001,EVT-047280,INCLUDES
ATTACK-001,EVT-047281,INCLUDES
ATTACK-001,EVT-047282,INCLUDES
ATTACK-001,EVT-047283,INCLUDES
ATTACK-001,EVT-047284,INCLUDES
ATTACK-001,EVT-047285,INCLUDES
ATTACK-001,EVT-047286,INCLUDES
ATTACK-001,EVT-047287,INCLUDES
ATTACK-001,EVT-047288,INCLUDES
ATTACK-001,EVT-047289,INCLUDES
ATTACK-001,EVT-047290,INCLUDES
ATTACK-001,EVT-047291,INCLUDES
ATTACK-001,EVT-047292,INCLUDES
ATTACK-001,EVT-047293,INCLUDES
ATTACK-001,EVT-047294,INCLUDES
ATTACK-001,EVT-047295,INCLUDES
ATTACK-001,EVT-047296,INCLUDES
ATTACK-001,EVT-047297,INCLUDES
ATTACK-001,EVT-047298,INCLUDES
ATTACK-001,EVT-047299,INCLUDES
ATTACK-001,EVT-047300,INCLUDES
ATTACK-001,EVT-047301,INCLUDES
ATTACK-001,EVT-047302,INCLUDES
ATTACK-001,EVT-047303,INCLUDES
ATTACK-001,EVT-047304,INCLUDES
ATTACK-001,EVT-047305,INCLUDES
ATTACK-001,EVT-047306,INCLUDES
ATTACK-001,EVT-047307,INCLUDES
ATTACK-001,EVT-047308,INCLUDES
ATTACK-001,EVT-047309,INCLUDES
ATTACK-001,EVT-047310,INCLUDES
ATTACK-001,EVT-047311,INCLUDES
ATTACK-001,EVT-047312,INCLUDES
ATTACK-001,EVT-047313,INCLUDES
ATTACK-001,EVT-047314,INCLUDES
ATTACK-001,EVT-047315,INCLUDES
ATTACK-001,EVT-047316,INCLUDES
ATTACK-001,EVT-047317,INCLUDES
ATTACK-001,EVT-047318,INCLUDES
ATTACK-001,EVT-047319,INCLUDES
ATTACK-001,EVT-047320,INCLUDES
ATTACK-001,EVT-047321,INCLUDES
ATTACK-001,EVT-047322,INCLUDES
ATTACK-001,EVT-047323,INCLUDES
ATTACK-001,EVT-047324,INCLUDES
ATTACK-001,EVT-047325,INCLUDES
ATTACK-001,EVT-047326,INCLUDES
ATTACK-001,EVT-047327,INCLUDES
ATTACK-001,EVT-047328,INCLUDES
ATTACK-001,EVT-047329,INCLUDES
ATTACK-001,EVT-047330,INCLUDES
ATTACK-001,EVT-047331,INCLUDES
ATTACK-001,EVT-047332,INCLUDES
ATTACK-001,EVT-047333,INCLUDES
ATTACK-001,EVT-047334,INCLUDES
ATTACK-001,EVT-047335,INCLUDES
ATTACK-001,EVT-047336,INCLUDES
ATTACK-001,EVT-047337,INCLUDES
ATTACK-001,EVT-047338,INCLUDES
ATTACK-001,EVT-047339,INCLUDES
ATTACK-001,EVT-047340,INCLUDES
ATTACK-001,EVT-047341,INCLUDES
ATTACK-001,EVT-047342,INCLUDES
ATTACK-001,EVT-047343,INCLUDES
ATTACK-001,EVT-047344,INCLUDES
ATTACK-001,EVT-047345,INCLUDES
ATTACK-001,EVT-047346,INCLUDES
ATTACK-001,EVT-047347,INCLUDES
ATTACK-001,EVT-047348,INCLUDES
ATTACK-001,EVT-047349,INCLUDES
ATTACK-001,EVT-047350,INCLUDES
ATTACK-001,EVT-047351,INCLUDES
ATTACK-001,EVT-047352,INCLUDES
ATTACK-001,EVT-047353,INCLUDES
ATTACK-001,EVT-047354,INCLUDES
ATTACK-001,EVT-047355,INCLUDES
ATTACK-001,EVT-047356,INCLUDES
ATTACK-001,EVT-047357,INCLUDES
ATTACK-001,EVT-047358,INCLUDES
ATTACK-001,EVT-047359,INCLUDES
ATTACK-001,EVT-047360,INCLUDES
ATTACK-001,EVT-047361,INCLUDES
ATTACK-001,EVT-047362,INCLUDES
ATTACK-001,EVT-047363,INCLUDES
ATTACK-001,EVT-047364,INCLUDES
ATTACK-001,EVT-047365,INCLUDES
ATTACK-001,EVT-047366,INCLUDES
ATTACK-001,EVT-047367,INCLUDES
ATTACK-001,EVT-047368,INCLUDES
ATTACK-001,EVT-047369,INCLUDES
ATTACK-001,EVT-047370,INCLUDES
ATTACK-001,EVT-047371,INCLUDES
ATTACK-001,EVT-047372,INCLUDES
ATTACK-001,EVT-047373,INCLUDES
ATTACK-001,EVT-047374,INCLUDES
ATTACK-001,EVT-047375,INCLUDES
ATTACK-001,EVT-047376,INCLUDES
ATTACK-001,EVT-047377,INCLUDES
ATTACK-001,EVT-047378,INCLUDES
ATTACK-001,EVT-047379,INCLUDES
ATTACK-001,EVT-047380,INCLUDES
ATTACK-001,EVT-047381,INCLUDES
ATTACK-001,EVT-047382,INCLUDES
ATTACK-001,EVT-047383,INCLUDES
ATTACK-001,EVT-047384,INCLUDES
ATTACK-001,EVT-047385,INCLUDES
ATTACK-001,EVT-047386,INCLUDES
ATTACK-001,EVT-047387,INCLUDES
ATTACK-001,EVT-047388,INCLUDES
ATTACK-001,EVT-047389,INCLUDES
ATTACK-001,EVT-047390,INCLUDES
ATTACK-001,EVT-047391,INCLUDES
ATTACK-001,EVT-047392,INCLUDES
ATTACK-001,EVT-047393,INCLUDES
ATTACK-001,EVT-047394,INCLUDES
ATTACK-001,EVT-047395,INCLUDES
ATTACK-001,EVT-047396,INCLUDES
ATTACK-001,EVT-047397,INCLUDES
ATTACK-001,EVT-047398,INCLUDES
ATTACK-001,EVT-047399,INCLUDES
ATTACK-001,EVT-047400,INCLUDES
ATTACK-001,EVT-047401,INCLUDES
ATTACK-001,EVT-047402,INCLUDES
ATTACK-001,EVT-047403,INCLUDES
ATTACK-001,EVT-047404,INCLUDES
ATTACK-001,EVT-047405,INCLUDES
ATTACK-001,EVT-047406,INCLUDES
ATTACK-001,EVT-047407,INCLUDES
ATTACK-001,EVT-047408,INCLUDES
ATTACK-001,EVT-047409,INCLUDES
ATTACK-001,EVT-047410,INCLUDES
ATTACK-001,EVT-047411,INCLUDES
ATTACK-001,EVT-047412,INCLUDES
ATTACK-001,EVT-047413,INCLUDES
ATTACK-001,EVT-047414,INCLUDES
ATTACK-001,EVT-047415,INCLUDES
ATTACK-001,EVT-047416,INCLUDES
ATTACK-001,EVT-047417,INCLUDES
ATTACK-001,EVT-047418,INCLUDES
ATTACK-001,EVT-047419,INCLUDES
ATTACK-001,EVT-047420,INCLUDES
ATTACK-001,EVT-047421,INCLUDES
ATTACK-001,EVT-047422,INCLUDES
ATTACK-001,EVT-047423,INCLUDES
ATTACK-001,EVT-047424,INCLUDES
ATTACK-001,EVT-047425,INCLUDES
ATTACK-001,EVT-047426,INCLUDES
ATTACK-001,EVT-047427,INCLUDES
ATTACK-001,EVT-047428,INCLUDES
ATTACK-001,EVT-047429,INCLUDES
ATTACK-001,EVT-047430,INCLUDES
ATTACK-001,EVT-047431,INCLUDES
ATTACK-001,EVT-047432,INCLUDES
ATTACK-001,EVT-047433,INCLUDES
ATTACK-001,EVT-047434,INCLUDES
ATTACK-001,EVT-047435,INCLUDES
ATTACK-001,EVT-047436,INCLUDES
ATTACK-001,EVT-047437,INCLUDES
ATTACK-001,EVT-047438,INCLUDES
ATTACK-001,EVT-047439,INCLUDES
ATTACK-001,EVT-047440,INCLUDES
ATTACK-001,EVT-047441,INCLUDES
ATTACK-001,EVT-047442,INCLUDES
ATTACK-001,EVT-047443,INCLUDES
ATTACK-001,EVT-047444,INCLUDES
ATTACK-001,EVT-047445,INCLUDES
ATTACK-001,EVT-047446,INCLUDES
ATTACK-001,EVT-047447,INCLUDES
ATTACK-001,EVT-047448,INCLUDES
ATTACK-001,EVT-047449,INCLUDES
ATTACK-001,EVT-047450,INCLUDES
ATTACK-001,EVT-047451,INCLUDES
ATTACK-001,EVT-047452,INCLUDES
ATTACK-001,EVT-047453,INCLUDES
ATTACK-001,EVT-047454,INCLUDES
ATTACK-001,EVT-047455,INCLUDES
ATTACK-001,EVT-047456,INCLUDES
ATTACK-001,EVT-047457,INCLUDES
ATTACK-001,EVT-047458,INCLUDES
ATTACK-001,EVT-047459,INCLUDES
ATTACK-001,EVT-047460,INCLUDES
ATTACK-001,EVT-047461,INCLUDES
ATTACK-001,EVT-047462,INCLUDES
ATTACK-001,EVT-047463,INCLUDES
ATTACK-001,EVT-047464,INCLUDES
ATTACK-001,EVT-047465,INCLUDES
ATTACK-001,EVT-047466,INCLUDES
ATTACK-001,EVT-047467,INCLUDES
ATTACK-001,EVT-047468,INCLUDES
ATTACK-001,EVT-047469,INCLUDES
ATTACK-001,EVT-047470,INCLUDES
ATTACK-001,EVT-047471,INCLUDES
ATTACK-001,EVT-047472,INCLUDES
ATTACK-001,EVT-047473,INCLUDES
ATTACK-001,EVT-047474,INCLUDES
ATTACK-001,EVT-047475,INCLUDES
ATTACK-001,EVT-047476,INCLUDES
ATTACK-001,EVT-047477,INCLUDES
ATTACK-001,EVT-047478,INCLUDES
ATTACK-001,EVT-047479,INCLUDES
ATTACK-001,EVT-047480,INCLUDES
ATTACK-001,EVT-047481,INCLUDES
ATTACK-001,EVT-047482,INCLUDES
ATTACK-001,EVT-047483,INCLUDES
ATTACK-001,EVT-047484,INCLUDES
ATTACK-001,EVT-047485,INCLUDES
ATTACK-001,EVT-047486,INCLUDES
ATTACK-001,EVT-047487,INCLUDES
ATTACK-001,EVT-047488,INCLUDES
ATTACK-001,EVT-047489,INCLUDES
ATTACK-001,EVT-047490,INCLUDES
ATTACK-001,EVT-047491,INCLUDES
ATTACK-001,EVT-047492,INCLUDES
ATTACK-001,EVT-047493,INCLUDES
ATTACK-001,EVT-047494,INCLUDES
ATTACK-001,EVT-047495,INCLUDES
ATTACK-001,EVT-047496,INCLUDES
ATTACK-001,EVT-047497,INCLUDES
ATTACK-001,EVT-047498,INCLUDES
ATTACK-001,EVT-047499,INCLUDES
ATTACK-001,EVT-047500,INCLUDES
ATTACK-001,EVT-047501,INCLUDES
ATTACK-001,EVT-047502,INCLUDES
ATTACK-001,EVT-047503,INCLUDES
ATTACK-001,EVT-047504,INCLUDES
ATTACK-001,EVT-047505,INCLUDES
ATTACK-001,EVT-047506,INCLUDES
ATTACK-001,EVT-047507,INCLUDES
ATTACK-001,EVT-047508,INCLUDES
ATTACK-001,EVT-047509,INCLUDES
ATTACK-001,EVT-047510,INCLUDES
ATTACK-001,EVT-047511,INCLUDES
ATTACK-001,EVT-047512,INCLUDES
ATTACK-001,EVT-047513,INCLUDES
ATTACK-001,EVT-047514,INCLUDES
ATTACK-001,EVT-047515,INCLUDES
ATTACK-001,EVT-047516,INCLUDES
ATTACK-001,EVT-047517,INCLUDES
ATTACK-001,EVT-047518,INCLUDES
ATTACK-001,EVT-047519,INCLUDES
ATTACK-001,EVT-047520,INCLUDES
ATTACK-001,EVT-047521,INCLUDES
ATTACK-001,EVT-047522,INCLUDES
ATTACK-001,EVT-047523,INCLUDES
ATTACK-001,EVT-047524,INCLUDES
ATTACK-001,EVT-047525,INCLUDES
ATTACK-001,EVT-047526,INCLUDES
ATTACK-001,EVT-047527,INCLUDES
ATTACK-001,EVT-047528,INCLUDES
ATTACK-001,EVT-047529,INCLUDES
ATTACK-001,EVT-047530,INCLUDES
ATTACK-001,EVT-047531,INCLUDES
ATTACK-001,EVT-047532,INCLUDES
ATTACK-001,EVT-047533,INCLUDES
ATTACK-001,EVT-047534,INCLUDES
ATTACK-001,EVT-047535,INCLUDES
ATTACK-001,EVT-047536,INCLUDES
ATTACK-001,EVT-047537,INCLUDES
ATTACK-001,EVT-047538,INCLUDES
ATTACK-001,EVT-047539,INCLUDES
ATTACK-001,EVT-047540,INCLUDES
ATTACK-001,EVT-047541,INCLUDES
ATTACK-001,EVT-047542,INCLUDES
ATTACK-001,EVT-047543,INCLUDES
ATTACK-001,EVT-047544,INCLUDES
ATTACK-001,EVT-047545,INCLUDES
ATTACK-001,EVT-047546,INCLUDES
ATTACK-001,EVT-047547,INCLUDES
ATTACK-001,EVT-047548,INCLUDES
ATTACK-001,EVT-047549,INCLUDES
ATTACK-001,EVT-047550,INCLUDES
ATTACK-001,EVT-047551,INCLUDES
ATTACK-001,EVT-047552,INCLUDES
ATTACK-001,EVT-047553,INCLUDES
ATTACK-001,EVT-047554,INCLUDES
ATTACK-001,EVT-047555,INCLUDES
ATTACK-001,EVT-047556,INCLUDES
ATTACK-001,EVT-047557,INCLUDES
ATTACK-001,EVT-047558,INCLUDES
ATTACK-001,EVT-047559,INCLUDES
ATTACK-001,EVT-047560,INCLUDES
ATTACK-001,EVT-047561,INCLUDES
ATTACK-001,EVT-047562,INCLUDES
ATTACK-001,EVT-047563,INCLUDES
ATTACK-001,EVT-047564,INCLUDES
ATTACK-001,EVT-047565,INCLUDES
ATTACK-001,EVT-047566,INCLUDES
ATTACK-001,EVT-047567,INCLUDES
ATTACK-001,EVT-047568,INCLUDES
ATTACK-001,EVT-047569,INCLUDES
ATTACK-001,EVT-047570,INCLUDES
ATTACK-001,EVT-047571,INCLUDES
ATTACK-001,EVT-047572,INCLUDES
ATTACK-001,EVT-047573,INCLUDES
ATTACK-001,EVT-047574,INCLUDES
ATTACK-001,EVT-047575,INCLUDES
ATTACK-001,EVT-047576,INCLUDES
ATTACK-001,EVT-047577,INCLUDES
ATTACK-001,EVT-047578,INCLUDES
ATTACK-001,EVT-047579,INCLUDES
ATTACK-001,EVT-047580,INCLUDES
ATTACK-001,EVT-047581,INCLUDES
ATTACK-001,EVT-047582,INCLUDES
ATTACK-001,EVT-047583,INCLUDES
ATTACK-001,EVT-047584,INCLUDES
ATTACK-001,EVT-047585,INCLUDES
ATTACK-001,EVT-047586,INCLUDES
ATTACK-001,EVT-047587,INCLUDES
ATTACK-001,EVT-047588,INCLUDES
ATTACK-001,EVT-047589,INCLUDES
ATTACK-001,EVT-047590,INCLUDES
ATTACK-001,EVT-047591,INCLUDES
ATTACK-001,EVT-047592,INCLUDES
ATTACK-001,EVT-047593,INCLUDES
ATTACK-001,EVT-047594,INCLUDES
ATTACK-001,EVT-047595,INCLUDES
ATTACK-001,EVT-047596,INCLUDES
ATTACK-001,EVT-047597,INCLUDES
ATTACK-001,EVT-047598,INCLUDES
ATTACK-001,EVT-047599,INCLUDES
ATTACK-001,EVT-047600,INCLUDES
ATTACK-001,EVT-047601,INCLUDES
ATTACK-001,EVT-047602,INCLUDES
ATTACK-001,EVT-047603,INCLUDES
ATTACK-001,EVT-047604,INCLUDES
ATTACK-001,EVT-047605,INCLUDES
ATTACK-001,EVT-047606,INCLUDES
ATTACK-001,EVT-047607,INCLUDES
ATTACK-001,EVT-047608,INCLUDES
ATTACK-001,EVT-047609,INCLUDES
ATTACK-001,EVT-047610,INCLUDES
ATTACK-001,EVT-047611,INCLUDES
ATTACK-001,EVT-047612,INCLUDES
ATTACK-001,EVT-047613,INCLUDES
ATTACK-001,EVT-047614,INCLUDES
ATTACK-001,EVT-047615,INCLUDES
ATTACK-001,EVT-047616,INCLUDES
ATTACK-001,EVT-047617,INCLUDES
ATTACK-001,EVT-047618,INCLUDES
ATTACK-001,EVT-047619,INCLUDES
ATTACK-001,EVT-047620,INCLUDES
ATTACK-001,EVT-047621,INCLUDES
ATTACK-001,EVT-047622,INCLUDES
ATTACK-001,EVT-047623,INCLUDES
ATTACK-001,EVT-047624,INCLUDES
ATTACK-001,EVT-047625,INCLUDES
ATTACK-001,EVT-047626,INCLUDES
ATTACK-001,EVT-047627,INCLUDES
ATTACK-001,EVT-047628,INCLUDES
ATTACK-001,EVT-047629,INCLUDES
ATTACK-001,EVT-047630,INCLUDES
ATTACK-001,EVT-047631,INCLUDES
ATTACK-001,EVT-047632,INCLUDES
ATTACK-001,EVT-047633,INCLUDES
ATTACK-001,EVT-047634,INCLUDES
ATTACK-001,EVT-047635,INCLUDES
ATTACK-001,EVT-047636,INCLUDES
ATTACK-001,EVT-047637,INCLUDES
ATTACK-001,EVT-047638,INCLUDES
ATTACK-001,EVT-047639,INCLUDES
ATTACK-001,EVT-047640,INCLUDES
ATTACK-001,EVT-047641,INCLUDES
ATTACK-001,EVT-047642,INCLUDES
ATTACK-001,EVT-047643,INCLUDES
ATTACK-001,EVT-047644,INCLUDES
ATTACK-001,EVT-047645,INCLUDES
ATTACK-001,EVT-047646,INCLUDES
ATTACK-001,EVT-047647,INCLUDES
ATTACK-001,EVT-047648,INCLUDES
ATTACK-001,EVT-047649,INCLUDES
ATTACK-001,EVT-047650,INCLUDES
ATTACK-001,EVT-047651,INCLUDES
ATTACK-001,EVT-047652,INCLUDES
ATTACK-001,EVT-047653,INCLUDES
ATTACK-001,EVT-047654,INCLUDES
ATTACK-001,EVT-047655,INCLUDES
ATTACK-001,EVT-047656,INCLUDES
ATTACK-001,EVT-047657,INCLUDES
ATTACK-001,EVT-047658,INCLUDES
ATTACK-001,EVT-047659,INCLUDES
ATTACK-001,EVT-047660,INCLUDES
ATTACK-001,EVT-047661,INCLUDES
ATTACK-001,EVT-047662,INCLUDES
ATTACK-001,EVT-047663,INCLUDES
ATTACK-001,EVT-047664,INCLUDES
ATTACK-001,EVT-047665,INCLUDES
ATTACK-001,EVT-047666,INCLUDES
ATTACK-001,EVT-047667,INCLUDES
ATTACK-001,EVT-047668,INCLUDES
ATTACK-001,EVT-047669,INCLUDES
ATTACK-001,EVT-047670,INCLUDES
ATTACK-001,EVT-047671,INCLUDES
ATTACK-001,EVT-047672,INCLUDES
ATTACK-001,EVT-047673,INCLUDES
ATTACK-001,EVT-047674,INCLUDES
ATTACK-001,EVT-047675,INCLUDES
ATTACK-001,EVT-047676,INCLUDES
ATTACK-001,EVT-047677,INCLUDES
ATTACK-001,EVT-047678,INCLUDES
ATTACK-001,EVT-047679,INCLUDES
ATTACK-001,EVT-047680,INCLUDES
ATTACK-001,EVT-047681,INCLUDES
ATTACK-001,EVT-047682,INCLUDES
ATTACK-001,EVT-047683,INCLUDES
ATTACK-001,EVT-047684,INCLUDES
ATTACK-001,EVT-047685,INCLUDES
ATTACK-001,EVT-047686,INCLUDES
ATTACK-001,EVT-047687,INCLUDES
ATTACK-001,EVT-047688,INCLUDES
ATTACK-001,EVT-047689,INCLUDES
ATTACK-001,EVT-047690,INCLUDES
ATTACK-001,EVT-047691,INCLUDES
ATTACK-001,EVT-047692,INCLUDES
ATTACK-001,EVT-047693,INCLUDES
ATTACK-001,EVT-047694,INCLUDES
ATTACK-001,EVT-047695,INCLUDES
ATTACK-001,EVT-047696,INCLUDES
ATTACK-001,EVT-047697,INCLUDES
ATTACK-001,EVT-047698,INCLUDES
ATTACK-001,EVT-047699,INCLUDES
ATTACK-001,EVT-047700,INCLUDES
ATTACK-001,EVT-047701,INCLUDES
ATTACK-001,EVT-047702,INCLUDES
ATTACK-001,EVT-047703,INCLUDES
ATTACK-001,EVT-047704,INCLUDES
ATTACK-001,EVT-047705,INCLUDES
ATTACK-001,EVT-047706,INCLUDES
ATTACK-001,EVT-047707,INCLUDES
ATTACK-001,EVT-047708,INCLUDES
ATTACK-001,EVT-047709,INCLUDES
ATTACK-001,EVT-047710,INCLUDES
ATTACK-001,EVT-047711,INCLUDES
ATTACK-001,EVT-047712,INCLUDES
ATTACK-001,EVT-047713,INCLUDES
ATTACK-001,EVT-047714,INCLUDES
ATTACK-001,EVT-047715,INCLUDES
ATTACK-001,EVT-047716,INCLUDES
ATTACK-001,EVT-047717,INCLUDES
ATTACK-001,EVT-047718,INCLUDES
ATTACK-001,EVT-047719,INCLUDES
ATTACK-001,EVT-047720,INCLUDES
ATTACK-001,EVT-047721,INCLUDES
ATTACK-001,EVT-047722,INCLUDES
ATTACK-001,EVT-047723,INCLUDES
ATTACK-001,EVT-047724,INCLUDES
ATTACK-001,EVT-047725,INCLUDES
ATTACK-001,EVT-047726,INCLUDES
ATTACK-001,EVT-047727,INCLUDES
ATTACK-001,EVT-047728,INCLUDES
ATTACK-001,EVT-047729,INCLUDES
ATTACK-001,EVT-047730,INCLUDES
ATTACK-001,EVT-047731,INCLUDES
ATTACK-001,EVT-047732,INCLUDES
ATTACK-001,EVT-047733,INCLUDES
ATTACK-001,EVT-047734,INCLUDES
ATTACK-001,EVT-047735,INCLUDES
ATTACK-001,EVT-047736,INCLUDES
ATTACK-001,EVT-047737,INCLUDES
ATTACK-001,EVT-047738,INCLUDES
ATTACK-001,EVT-047739,INCLUDES
ATTACK-001,EVT-047740,INCLUDES
ATTACK-001,EVT-047741,INCLUDES
ATTACK-001,EVT-047742,INCLUDES
ATTACK-001,EVT-047743,INCLUDES
ATTACK-001,EVT-047744,INCLUDES
ATTACK-001,EVT-047745,INCLUDES
ATTACK-001,EVT-047746,INCLUDES
ATTACK-001,EVT-047747,INCLUDES
ATTACK-001,EVT-047748,INCLUDES
ATTACK-001,EVT-047749,INCLUDES
ATTACK-001,EVT-047750,INCLUDES
ATTACK-001,EVT-047751,INCLUDES
ATTACK-001,EVT-047752,INCLUDES
ATTACK-001,EVT-047753,INCLUDES
ATTACK-001,EVT-047754,INCLUDES
ATTACK-001,EVT-047755,INCLUDES
ATTACK-001,EVT-047756,INCLUDES
ATTACK-001,EVT-047757,INCLUDES
ATTACK-001,EVT-047758,INCLUDES
ATTACK-001,EVT-047759,INCLUDES
ATTACK-001,EVT-047760,INCLUDES
ATTACK-001,EVT-047761,INCLUDES
ATTACK-001,EVT-047762,INCLUDES
ATTACK-001,EVT-047763,INCLUDES
ATTACK-001,EVT-047764,INCLUDES
ATTACK-001,EVT-047765,INCLUDES
ATTACK-001,EVT-047766,INCLUDES
ATTACK-001,EVT-047767,INCLUDES
ATTACK-001,EVT-047768,INCLUDES
ATTACK-001,EVT-047769,INCLUDES
ATTACK-001,EVT-047770,INCLUDES
ATTACK-001,EVT-047771,INCLUDES
ATTACK-001,EVT-047772,INCLUDES
ATTACK-001,EVT-047773,INCLUDES
ATTACK-001,EVT-047774,INCLUDES
ATTACK-001,EVT-047775,INCLUDES
ATTACK-001,EVT-047776,INCLUDES
ATTACK-001,EVT-047777,INCLUDES
ATTACK-001,EVT-047778,INCLUDES
ATTACK-001,EVT-047779,INCLUDES
ATTACK-001,EVT-047780,INCLUDES
ATTACK-001,EVT-047781,INCLUDES
ATTACK-001,EVT-047782,INCLUDES
ATTACK-001,EVT-047783,INCLUDES
ATTACK-001,EVT-047784,INCLUDES
ATTACK-001,EVT-047785,INCLUDES
ATTACK-001,EVT-047786,INCLUDES
ATTACK-001,EVT-047787,INCLUDES
ATTACK-001,EVT-047788,INCLUDES
ATTACK-001,EVT-047789,INCLUDES
ATTACK-001,EVT-047790,INCLUDES
ATTACK-001,EVT-047791,INCLUDES
ATTACK-001,EVT-047792,INCLUDES
ATTACK-001,EVT-047793,INCLUDES
ATTACK-001,EVT-047794,INCLUDES
ATTACK-001,EVT-047795,INCLUDES
ATTACK-001,EVT-047796,INCLUDES
ATTACK-001,EVT-047797,INCLUDES
ATTACK-001,EVT-047798,INCLUDES
ATTACK-001,EVT-047799,INCLUDES
ATTACK-001,EVT-047800,INCLUDES
ATTACK-001,EVT-047801,INCLUDES
ATTACK-001,EVT-047802,INCLUDES
ATTACK-001,EVT-047803,INCLUDES
ATTACK-001,EVT-047804,INCLUDES
ATTACK-001,EVT-047805,INCLUDES
ATTACK-001,EVT-047806,INCLUDES
ATTACK-001,EVT-047807,INCLUDES
ATTACK-001,EVT-047808,INCLUDES
ATTACK-001,EVT-047809,INCLUDES
ATTACK-001,EVT-047810,INCLUDES
ATTACK-001,EVT-047811,INCLUDES
ATTACK-001,EVT-047812,INCLUDES
ATTACK-001,EVT-047813,INCLUDES
ATTACK-001,EVT-047814,INCLUDES
ATTACK-001,EVT-047815,INCLUDES
ATTACK-001,EVT-047816,INCLUDES
ATTACK-001,EVT-047817,INCLUDES
ATTACK-001,EVT-047818,INCLUDES
ATTACK-001,EVT-047819,INCLUDES
ATTACK-001,EVT-047820,INCLUDES
ATTACK-001,EVT-047821,INCLUDES
ATTACK-001,EVT-047822,INCLUDES
ATTACK-001,EVT-047823,INCLUDES
ATTACK-001,EVT-047824,INCLUDES
ATTACK-001,EVT-047825,INCLUDES
ATTACK-001,EVT-047826,INCLUDES
ATTACK-001,EVT-047827,INCLUDES
ATTACK-001,EVT-047828,INCLUDES
ATTACK-001,EVT-047829,INCLUDES
ATTACK-001,EVT-047830,INCLUDES
ATTACK-001,EVT-047831,INCLUDES
ATTACK-001,EVT-047832,INCLUDES
ATTACK-001,EVT-047833,INCLUDES
ATTACK-001,EVT-047834,INCLUDES
ATTACK-001,EVT-047835,INCLUDES
ATTACK-001,EVT-047836,INCLUDES
ATTACK-001,EVT-047837,INCLUDES
ATTACK-001,EVT-047838,INCLUDES
ATTACK-001,EVT-047839,INCLUDES
ATTACK-001,EVT-047840,INCLUDES
ATTACK-001,EVT-047841,INCLUDES
ATTACK-001,EVT-047842,INCLUDES
ATTACK-001,EVT-047843,INCLUDES
ATTACK-001,EVT-047844,INCLUDES
ATTACK-001,EVT-047845,INCLUDES
ATTACK-001,EVT-047846,INCLUDES
ATTACK-001,EVT-047847,INCLUDES
ATTACK-001,EVT-047848,INCLUDES
ATTACK-001,EVT-047849,INCLUDES
ATTACK-001,EVT-047850,INCLUDES
ATTACK-001,EVT-047851,INCLUDES
ATTACK-001,EVT-047852,INCLUDES
ATTACK-001,EVT-047853,INCLUDES
ATTACK-001,EVT-047854,INCLUDES
ATTACK-001,EVT-047855,INCLUDES
ATTACK-001,EVT-047856,INCLUDES
ATTACK-001,EVT-047857,INCLUDES
ATTACK-001,EVT-047858,INCLUDES
ATTACK-001,EVT-047859,INCLUDES
ATTACK-001,EVT-047860,INCLUDES
ATTACK-001,EVT-047861,INCLUDES
ATTACK-001,EVT-047862,INCLUDES
ATTACK-001,EVT-047863,INCLUDES
ATTACK-001,EVT-047864,INCLUDES
ATTACK-001,EVT-047865,INCLUDES
ATTACK-001,EVT-047866,INCLUDES
ATTACK-001,EVT-047867,INCLUDES
ATTACK-001,EVT-047868,INCLUDES
ATTACK-001,EVT-047869,INCLUDES
ATTACK-001,EVT-047870,INCLUDES
ATTACK-001,EVT-047871,INCLUDES
ATTACK-001,EVT-047872,INCLUDES
ATTACK-001,EVT-047873,INCLUDES
ATTACK-001,EVT-047874,INCLUDES
ATTACK-001,EVT-047875,INCLUDES
ATTACK-001,EVT-047876,INCLUDES
ATTACK-001,EVT-047877,INCLUDES
ATTACK-001,EVT-047878,INCLUDES
ATTACK-001,EVT-047879,INCLUDES
ATTACK-001,EVT-047880,INCLUDES
ATTACK-001,EVT-047881,INCLUDES
ATTACK-001,EVT-047882,INCLUDES
ATTACK-001,EVT-047883,INCLUDES
ATTACK-001,EVT-047884,INCLUDES
ATTACK-001,EVT-047885,INCLUDES
ATTACK-001,EVT-047886,INCLUDES
ATTACK-001,EVT-047887,INCLUDES
ATTACK-001,EVT-047888,INCLUDES
ATTACK-001,EVT-047889,INCLUDES
ATTACK-001,EVT-047890,INCLUDES
ATTACK-001,EVT-047891,INCLUDES
ATTACK-001,EVT-047892,INCLUDES
ATTACK-001,EVT-047893,INCLUDES
ATTACK-001,EVT-047894,INCLUDES
ATTACK-001,EVT-047895,INCLUDES
ATTACK-001,EVT-047896,INCLUDES
ATTACK-001,EVT-047897,INCLUDES
ATTACK-001,EVT-047898,INCLUDES
ATTACK-001,EVT-047899,INCLUDES
ATTACK-001,EVT-047900,INCLUDES
ATTACK-001,EVT-047901,INCLUDES
ATTACK-001,EVT-047902,INCLUDES
ATTACK-001,EVT-047903,INCLUDES
ATTACK-001,EVT-047904,INCLUDES
ATTACK-001,EVT-047905,INCLUDES
ATTACK-001,EVT-047906,INCLUDES
ATTACK-001,EVT-047907,INCLUDES
ATTACK-001,EVT-047908,INCLUDES
ATTACK-001,EVT-047909,INCLUDES
ATTACK-001,EVT-047910,INCLUDES
ATTACK-001,EVT-047911,INCLUDES
ATTACK-001,EVT-047912,INCLUDES
ATTACK-001,EVT-047913,INCLUDES
ATTACK-001,EVT-047914,INCLUDES
ATTACK-001,EVT-047915,INCLUDES
ATTACK-001,EVT-047916,INCLUDES
ATTACK-001,EVT-047917,INCLUDES
ATTACK-001,EVT-047918,INCLUDES
ATTACK-001,EVT-047919,INCLUDES
ATTACK-001,EVT-047920,INCLUDES
ATTACK-001,EVT-047921,INCLUDES
ATTACK-001,EVT-047922,INCLUDES
ATTACK-001,EVT-047923,INCLUDES
ATTACK-001,EVT-047924,INCLUDES
ATTACK-001,EVT-047925,INCLUDES
ATTACK-001,EVT-047926,INCLUDES
ATTACK-001,EVT-047927,INCLUDES
ATTACK-001,EVT-047928,INCLUDES
ATTACK-001,EVT-047929,INCLUDES
ATTACK-001,EVT-047930,INCLUDES
ATTACK-001,EVT-047931,INCLUDES
ATTACK-001,EVT-047932,INCLUDES
ATTACK-001,EVT-047933,INCLUDES
ATTACK-001,EVT-047934,INCLUDES
ATTACK-001,EVT-047935,INCLUDES
ATTACK-001,EVT-047936,INCLUDES
ATTACK-001,EVT-047937,INCLUDES
ATTACK-001,EVT-047938,INCLUDES
ATTACK-001,EVT-047939,INCLUDES
ATTACK-001,EVT-047940,INCLUDES
ATTACK-001,EVT-047941,INCLUDES
ATTACK-001,EVT-047942,INCLUDES
ATTACK-001,EVT-047943,INCLUDES
ATTACK-001,EVT-047944,INCLUDES
ATTACK-001,EVT-047945,INCLUDES
ATTACK-001,EVT-047946,INCLUDES
ATTACK-001,EVT-047947,INCLUDES
ATTACK-001,EVT-047948,INCLUDES
ATTACK-001,EVT-047949,INCLUDES
ATTACK-001,EVT-047950,INCLUDES
ATTACK-001,EVT-047951,INCLUDES
ATTACK-001,EVT-047952,INCLUDES
ATTACK-001,EVT-047953,INCLUDES
ATTACK-001,EVT-047954,INCLUDES
ATTACK-001,EVT-047955,INCLUDES
ATTACK-001,EVT-047956,INCLUDES
ATTACK-001,EVT-047957,INCLUDES
ATTACK-001,EVT-047958,INCLUDES
ATTACK-001,EVT-047959,INCLUDES
ATTACK-001,EVT-047960,INCLUDES
ATTACK-001,EVT-047961,INCLUDES
ATTACK-001,EVT-047962,INCLUDES
ATTACK-001,EVT-047963,INCLUDES
ATTACK-001,EVT-047964,INCLUDES
ATTACK-001,EVT-047965,INCLUDES
ATTACK-001,EVT-047966,INCLUDES
ATTACK-001,EVT-047967,INCLUDES
ATTACK-001,EVT-047968,INCLUDES
ATTACK-001,EVT-047969,INCLUDES
ATTACK-001,EVT-047970,INCLUDES
ATTACK-001,EVT-047971,INCLUDES
ATTACK-001,EVT-047972,INCLUDES
ATTACK-001,EVT-047973,INCLUDES
ATTACK-001,EVT-047974,INCLUDES
ATTACK-001,EVT-047975,INCLUDES
ATTACK-001,EVT-047976,INCLUDES
ATTACK-001,EVT-047977,INCLUDES
ATTACK-001,EVT-047978,INCLUDES
ATTACK-001,EVT-047979,INCLUDES
ATTACK-001,EVT-047980,INCLUDES
ATTACK-001,EVT-047981,INCLUDES
ATTACK-001,EVT-047982,INCLUDES
ATTACK-001,EVT-047983,INCLUDES
ATTACK-001,EVT-047984,INCLUDES
ATTACK-001,EVT-047985,INCLUDES
ATTACK-001,EVT-047986,INCLUDES
ATTACK-001,EVT-047987,INCLUDES
ATTACK-001,EVT-047988,INCLUDES
ATTACK-001,EVT-047989,INCLUDES
ATTACK-001,EVT-047990,INCLUDES
ATTACK-001,EVT-047991,INCLUDES
ATTACK-001,EVT-047992,INCLUDES
ATTACK-001,EVT-047993,INCLUDES
ATTACK-001,EVT-047994,INCLUDES
ATTACK-001,EVT-047995,INCLUDES
ATTACK-001,EVT-047996,INCLUDES
ATTACK-001,EVT-047997,INCLUDES
ATTACK-001,EVT-047998,INCLUDES
ATTACK-001,EVT-047999,INCLUDES
ATTACK-001,EVT-048000,INCLUDES
ATTACK-001,EVT-048001,INCLUDES
ATTACK-001,EVT-048002,INCLUDES
ATTACK-001,EVT-048003,INCLUDES
ATTACK-001,EVT-048004,INCLUDES
ATTACK-001,EVT-048005,INCLUDES
ATTACK-001,EVT-048006,INCLUDES
ATTACK-001,EVT-048007,INCLUDES
ATTACK-001,EVT-048008,INCLUDES
ATTACK-001,EVT-048009,INCLUDES
ATTACK-001,EVT-048010,INCLUDES
ATTACK-001,EVT-048011,INCLUDES
ATTACK-001,EVT-048012,INCLUDES
ATTACK-001,EVT-048013,INCLUDES
ATTACK-001,EVT-048014,INCLUDES
ATTACK-001,EVT-048015,INCLUDES
ATTACK-001,EVT-048016,INCLUDES
ATTACK-001,EVT-048017,INCLUDES
ATTACK-001,EVT-048018,INCLUDES
ATTACK-001,EVT-048019,INCLUDES
ATTACK-001,EVT-048020,INCLUDES
ATTACK-001,EVT-048021,INCLUDES
ATTACK-001,EVT-048022,INCLUDES
ATTACK-001,EVT-048023,INCLUDES
ATTACK-001,EVT-048024,INCLUDES
ATTACK-001,EVT-048025,INCLUDES
ATTACK-001,EVT-048026,INCLUDES
ATTACK-001,EVT-048027,INCLUDES
ATTACK-001,EVT-048028,INCLUDES
ATTACK-001,EVT-048029,INCLUDES
ATTACK-001,EVT-048030,INCLUDES
ATTACK-001,EVT-048031,INCLUDES
ATTACK-001,EVT-048032,INCLUDES
ATTACK-001,EVT-048033,INCLUDES
ATTACK-001,EVT-048034,INCLUDES
ATTACK-001,EVT-048035,INCLUDES
ATTACK-001,EVT-048036,INCLUDES
ATTACK-001,EVT-048037,INCLUDES
ATTACK-001,EVT-048038,INCLUDES
ATTACK-001,EVT-048039,INCLUDES
ATTACK-001,EVT-048040,INCLUDES
ATTACK-001,EVT-048041,INCLUDES
ATTACK-001,EVT-048042,INCLUDES
ATTACK-001,EVT-048043,INCLUDES
ATTACK-001,EVT-048044,INCLUDES
ATTACK-001,EVT-048045,INCLUDES
ATTACK-001,EVT-048046,INCLUDES
ATTACK-001,EVT-048047,INCLUDES
ATTACK-001,EVT-048048,INCLUDES
ATTACK-001,EVT-048049,INCLUDES
ATTACK-001,EVT-048050,INCLUDES
ATTACK-001,EVT-048051,INCLUDES
ATTACK-001,EVT-048052,INCLUDES
ATTACK-001,EVT-048053,INCLUDES
ATTACK-001,EVT-048054,INCLUDES
ATTACK-001,EVT-048055,INCLUDES
ATTACK-001,EVT-048056,INCLUDES
ATTACK-001,EVT-048057,INCLUDES
ATTACK-001,EVT-048058,INCLUDES
ATTACK-001,EVT-048059,INCLUDES
ATTACK-001,EVT-048060,INCLUDES
ATTACK-001,EVT-048061,INCLUDES
ATTACK-001,EVT-048062,INCLUDES
ATTACK-001,EVT-048063,INCLUDES
ATTACK-001,EVT-048064,INCLUDES
ATTACK-001,EVT-048065,INCLUDES
ATTACK-001,EVT-048066,INCLUDES
ATTACK-001,EVT-048067,INCLUDES
ATTACK-001,EVT-048068,INCLUDES
ATTACK-001,EVT-048069,INCLUDES
ATTACK-001,EVT-048070,INCLUDES
ATTACK-001,EVT-048071,INCLUDES
ATTACK-001,EVT-048072,INCLUDES
ATTACK-001,EVT-048073,INCLUDES
ATTACK-001,EVT-048074,INCLUDES
ATTACK-001,EVT-048075,INCLUDES
ATTACK-001,EVT-048076,INCLUDES
ATTACK-001,EVT-048077,INCLUDES
ATTACK-001,EVT-048078,INCLUDES
ATTACK-001,EVT-048079,INCLUDES
ATTACK-001,EVT-048080,INCLUDES
ATTACK-001,EVT-048081,INCLUDES
ATTACK-001,EVT-048082,INCLUDES
ATTACK-001,EVT-048083,INCLUDES
ATTACK-001,EVT-048084,INCLUDES
ATTACK-001,EVT-048085,INCLUDES
ATTACK-001,EVT-048086,INCLUDES
ATTACK-001,EVT-048087,INCLUDES
ATTACK-001,EVT-048088,INCLUDES
ATTACK-001,EVT-048089,INCLUDES
ATTACK-001,EVT-048090,INCLUDES
ATTACK-001,EVT-048091,INCLUDES
ATTACK-001,EVT-048092,INCLUDES
ATTACK-001,EVT-048093,INCLUDES
ATTACK-001,EVT-048094,INCLUDES
ATTACK-001,EVT-048095,INCLUDES
ATTACK-001,EVT-048096,INCLUDES
ATTACK-001,EVT-048097,INCLUDES
ATTACK-001,EVT-048098,INCLUDES
ATTACK-001,EVT-048099,INCLUDES
ATTACK-001,EVT-048100,INCLUDES
ATTACK-001,EVT-048101,INCLUDES
ATTACK-001,EVT-048102,INCLUDES
ATTACK-001,EVT-048103,INCLUDES
ATTACK-001,EVT-048104,INCLUDES
ATTACK-001,EVT-048105,INCLUDES
ATTACK-001,EVT-048106,INCLUDES
ATTACK-001,EVT-048107,INCLUDES
ATTACK-001,EVT-048108,INCLUDES
ATTACK-001,EVT-048109,INCLUDES
ATTACK-001,EVT-048110,INCLUDES
ATTACK-001,EVT-048111,INCLUDES
ATTACK-001,EVT-048112,INCLUDES
ATTACK-001,EVT-048113,INCLUDES
ATTACK-001,EVT-048114,INCLUDES
ATTACK-001,EVT-048115,INCLUDES
ATTACK-001,EVT-048116,INCLUDES
ATTACK-001,EVT-048117,INCLUDES
ATTACK-001,EVT-048118,INCLUDES
ATTACK-001,EVT-048119,INCLUDES
ATTACK-001,EVT-048120,INCLUDES
ATTACK-001,EVT-048121,INCLUDES
ATTACK-001,EVT-048122,INCLUDES
ATTACK-001,EVT-048123,INCLUDES
ATTACK-001,EVT-048124,INCLUDES
ATTACK-001,EVT-048125,INCLUDES
ATTACK-001,EVT-048126,INCLUDES
ATTACK-001,EVT-048127,INCLUDES
ATTACK-001,EVT-048128,INCLUDES
ATTACK-001,EVT-048129,INCLUDES
ATTACK-001,EVT-048130,INCLUDES
ATTACK-001,EVT-048131,INCLUDES
ATTACK-001,EVT-048132,INCLUDES
ATTACK-001,EVT-048133,INCLUDES
ATTACK-001,EVT-048134,INCLUDES
ATTACK-001,EVT-048135,INCLUDES
ATTACK-001,EVT-048136,INCLUDES
ATTACK-001,EVT-048137,INCLUDES
ATTACK-001,EVT-048138,INCLUDES
ATTACK-001,EVT-048139,INCLUDES
ATTACK-001,EVT-048140,INCLUDES
ATTACK-001,EVT-048141,INCLUDES
ATTACK-001,EVT-048142,INCLUDES
ATTACK-001,EVT-048143,INCLUDES
ATTACK-001,EVT-048144,INCLUDES
ATTACK-001,EVT-048145,INCLUDES
ATTACK-001,EVT-048146,INCLUDES
ATTACK-001,EVT-048147,INCLUDES
ATTACK-001,EVT-048148,INCLUDES
ATTACK-001,EVT-048149,INCLUDES
ATTACK-001,EVT-048150,INCLUDES
ATTACK-001,EVT-048151,INCLUDES
ATTACK-001,EVT-048152,INCLUDES
ATTACK-001,EVT-048153,INCLUDES
ATTACK-001,EVT-048154,INCLUDES
ATTACK-001,EVT-048155,INCLUDES
ATTACK-001,EVT-048156,INCLUDES
ATTACK-001,EVT-048157,INCLUDES
ATTACK-001,EVT-048158,INCLUDES
ATTACK-001,EVT-048159,INCLUDES
ATTACK-001,EVT-048160,INCLUDES
ATTACK-001,EVT-048161,INCLUDES
ATTACK-001,EVT-048162,INCLUDES
ATTACK-001,EVT-048163,INCLUDES
ATTACK-001,EVT-048164,INCLUDES
ATTACK-001,EVT-048165,INCLUDES
ATTACK-001,EVT-048166,INCLUDES
ATTACK-001,EVT-048167,INCLUDES
ATTACK-001,EVT-048168,INCLUDES
ATTACK-001,EVT-048169,INCLUDES
ATTACK-001,EVT-048170,INCLUDES
ATTACK-001,EVT-048171,INCLUDES
ATTACK-001,EVT-048172,INCLUDES
ATTACK-001,EVT-048173,INCLUDES
ATTACK-001,EVT-048174,INCLUDES
ATTACK-001,EVT-048175,INCLUDES
ATTACK-001,EVT-048176,INCLUDES
ATTACK-001,EVT-048177,INCLUDES
ATTACK-001,EVT-048178,INCLUDES
ATTACK-001,EVT-048179,INCLUDES
ATTACK-001,EVT-048180,INCLUDES
ATTACK-001,EVT-048181,INCLUDES
ATTACK-001,EVT-048182,INCLUDES
ATTACK-001,EVT-048183,INCLUDES
ATTACK-001,EVT-048184,INCLUDES
ATTACK-001,EVT-048185,INCLUDES
ATTACK-001,EVT-048186,INCLUDES
ATTACK-001,EVT-048187,INCLUDES
ATTACK-001,EVT-048188,INCLUDES
ATTACK-001,EVT-048189,INCLUDES
ATTACK-001,EVT-048190,INCLUDES
ATTACK-001,EVT-048191,INCLUDES
ATTACK-001,EVT-048192,INCLUDES
ATTACK-001,EVT-048193,INCLUDES
ATTACK-001,EVT-048194,INCLUDES
ATTACK-001,EVT-048195,INCLUDES
ATTACK-001,EVT-048196,INCLUDES
ATTACK-001,EVT-048197,INCLUDES
ATTACK-001,EVT-048198,INCLUDES
ATTACK-001,EVT-048199,INCLUDES
ATTACK-001,EVT-048200,INCLUDES
ATTACK-001,EVT-048201,INCLUDES
ATTACK-001,EVT-048202,INCLUDES
ATTACK-001,EVT-048203,INCLUDES
ATTACK-001,EVT-048204,INCLUDES
ATTACK-001,EVT-048205,INCLUDES
ATTACK-001,EVT-048206,INCLUDES
ATTACK-001,EVT-048207,INCLUDES
ATTACK-001,EVT-048208,INCLUDES
ATTACK-001,EVT-048209,INCLUDES
ATTACK-001,EVT-048210,INCLUDES
ATTACK-001,EVT-048211,INCLUDES
ATTACK-001,EVT-048212,INCLUDES
ATTACK-001,EVT-048213,INCLUDES
ATTACK-001,EVT-048214,INCLUDES
ATTACK-001,EVT-048215,INCLUDES
ATTACK-001,EVT-048216,INCLUDES
ATTACK-001,EVT-048217,INCLUDES
ATTACK-001,EVT-048218,INCLUDES
ATTACK-001,EVT-048219,INCLUDES
ATTACK-001,EVT-048220,INCLUDES
ATTACK-001,EVT-048221,INCLUDES
ATTACK-001,EVT-048222,INCLUDES
ATTACK-001,EVT-048223,INCLUDES
ATTACK-001,EVT-048224,INCLUDES
ATTACK-001,EVT-048225,INCLUDES
ATTACK-001,EVT-048226,INCLUDES
ATTACK-001,EVT-048227,INCLUDES
ATTACK-001,EVT-048228,INCLUDES
ATTACK-001,EVT-048229,INCLUDES
ATTACK-001,EVT-048230,INCLUDES
ATTACK-001,EVT-048231,INCLUDES
ATTACK-001,EVT-048232,INCLUDES
ATTACK-001,EVT-048233,INCLUDES
ATTACK-001,EVT-048234,INCLUDES
ATTACK-001,EVT-048235,INCLUDES
ATTACK-001,EVT-048236,INCLUDES
ATTACK-001,EVT-048237,INCLUDES
ATTACK-001,EVT-048238,INCLUDES
ATTACK-001,EVT-048239,INCLUDES
ATTACK-001,EVT-048240,INCLUDES
ATTACK-001,EVT-048241,INCLUDES
ATTACK-001,EVT-048242,INCLUDES
ATTACK-001,EVT-048243,INCLUDES
ATTACK-001,EVT-048244,INCLUDES
ATTACK-001,EVT-048245,INCLUDES
ATTACK-001,EVT-048246,INCLUDES
ATTACK-001,EVT-048247,INCLUDES
ATTACK-001,EVT-048248,INCLUDES
ATTACK-001,EVT-048249,INCLUDES
ATTACK-001,EVT-048250,INCLUDES
ATTACK-001,EVT-048251,INCLUDES
ATTACK-001,EVT-048252,INCLUDES
ATTACK-001,EVT-048253,INCLUDES
ATTACK-001,EVT-048254,INCLUDES
ATTACK-001,EVT-048255,INCLUDES
ATTACK-001,EVT-048256,INCLUDES
ATTACK-001,EVT-048257,INCLUDES
ATTACK-001,EVT-048258,INCLUDES
ATTACK-001,EVT-048259,INCLUDES
ATTACK-001,EVT-048260,INCLUDES
ATTACK-001,EVT-048261,INCLUDES
ATTACK-001,EVT-048262,INCLUDES
ATTACK-001,EVT-048263,INCLUDES
ATTACK-001,EVT-048264,INCLUDES
ATTACK-001,EVT-048265,INCLUDES
ATTACK-001,EVT-048266,INCLUDES
ATTACK-001,EVT-048267,INCLUDES
ATTACK-001,EVT-048268,INCLUDES
ATTACK-001,EVT-048269,INCLUDES
ATTACK-001,EVT-048270,INCLUDES
ATTACK-001,EVT-048271,INCLUDES
ATTACK-001,EVT-048272,INCLUDES
ATTACK-001,EVT-048273,INCLUDES
ATTACK-001,EVT-048274,INCLUDES
ATTACK-001,EVT-048275,INCLUDES
ATTACK-001,EVT-048276,INCLUDES
ATTACK-001,EVT-048277,INCLUDES
ATTACK-001,EVT-048278,INCLUDES
ATTACK-001,EVT-048279,INCLUDES
ATTACK-001,EVT-048280,INCLUDES
ATTACK-001,EVT-048281,INCLUDES
ATTACK-001,EVT-048282,INCLUDES
ATTACK-001,EVT-048283,INCLUDES
ATTACK-001,EVT-048284,INCLUDES
ATTACK-001,EVT-048285,INCLUDES
ATTACK-001,EVT-048286,INCLUDES
ATTACK-001,EVT-048287,INCLUDES
ATTACK-001,EVT-048288,INCLUDES
ATTACK-001,EVT-048289,INCLUDES
ATTACK-001,EVT-048290,INCLUDES
ATTACK-001,EVT-048291,INCLUDES
ATTACK-001,EVT-048292,INCLUDES
ATTACK-001,EVT-048293,INCLUDES
ATTACK-001,EVT-048294,INCLUDES
ATTACK-001,EVT-048295,INCLUDES
ATTACK-001,EVT-048296,INCLUDES
ATTACK-001,EVT-048297,INCLUDES
ATTACK-001,EVT-048298,INCLUDES
ATTACK-001,EVT-048299,INCLUDES
ATTACK-001,EVT-048300,INCLUDES
ATTACK-001,EVT-048301,INCLUDES
ATTACK-001,EVT-048302,INCLUDES
ATTACK-001,EVT-048303,INCLUDES
ATTACK-001,EVT-048304,INCLUDES
ATTACK-001,EVT-048305,INCLUDES
ATTACK-001,EVT-048306,INCLUDES
ATTACK-001,EVT-048307,INCLUDES
ATTACK-001,EVT-048308,INCLUDES
ATTACK-001,EVT-048309,INCLUDES
ATTACK-001,EVT-048310,INCLUDES
ATTACK-001,EVT-048311,INCLUDES
ATTACK-001,EVT-048312,INCLUDES
ATTACK-001,EVT-048313,INCLUDES
ATTACK-001,EVT-048314,INCLUDES
ATTACK-001,EVT-048315,INCLUDES
ATTACK-001,EVT-048316,INCLUDES
ATTACK-001,EVT-048317,INCLUDES
ATTACK-001,EVT-048318,INCLUDES
ATTACK-001,EVT-048319,INCLUDES
ATTACK-001,EVT-048320,INCLUDES
ATTACK-001,EVT-048321,INCLUDES
ATTACK-001,EVT-048322,INCLUDES
ATTACK-001,EVT-048323,INCLUDES
ATTACK-001,EVT-048324,INCLUDES
ATTACK-001,EVT-048325,INCLUDES
ATTACK-001,EVT-048326,INCLUDES
ATTACK-001,EVT-048327,INCLUDES
ATTACK-001,EVT-048328,INCLUDES
ATTACK-001,EVT-048329,INCLUDES
ATTACK-001,EVT-048330,INCLUDES
ATTACK-001,EVT-048331,INCLUDES
ATTACK-001,EVT-048332,INCLUDES
ATTACK-001,EVT-048333,INCLUDES
ATTACK-001,EVT-048334,INCLUDES
ATTACK-001,EVT-048335,INCLUDES
ATTACK-001,EVT-048336,INCLUDES
ATTACK-001,EVT-048337,INCLUDES
ATTACK-001,EVT-048338,INCLUDES
ATTACK-001,EVT-048339,INCLUDES
ATTACK-001,EVT-048340,INCLUDES
ATTACK-001,EVT-048341,INCLUDES
ATTACK-001,EVT-048342,INCLUDES
ATTACK-001,EVT-048343,INCLUDES
ATTACK-001,EVT-048344,INCLUDES
ATTACK-001,EVT-048345,INCLUDES
ATTACK-001,EVT-048346,INCLUDES
ATTACK-001,EVT-048347,INCLUDES
ATTACK-001,EVT-048348,INCLUDES
ATTACK-001,EVT-048349,INCLUDES
ATTACK-001,EVT-048350,INCLUDES
ATTACK-001,EVT-048351,INCLUDES
ATTACK-001,EVT-048352,INCLUDES
ATTACK-001,EVT-048353,INCLUDES
ATTACK-001,EVT-048354,INCLUDES
ATTACK-001,EVT-048355,INCLUDES
ATTACK-001,EVT-048356,INCLUDES
ATTACK-001,EVT-048357,INCLUDES
ATTACK-001,EVT-048358,INCLUDES
ATTACK-001,EVT-048359,INCLUDES
ATTACK-001,EVT-048360,INCLUDES
ATTACK-001,EVT-048361,INCLUDES
ATTACK-001,EVT-048362,INCLUDES
ATTACK-001,EVT-048363,INCLUDES
ATTACK-001,EVT-048364,INCLUDES
ATTACK-001,EVT-048365,INCLUDES
ATTACK-001,EVT-048366,INCLUDES
ATTACK-001,EVT-048367,INCLUDES
ATTACK-001,EVT-048368,INCLUDES
ATTACK-001,EVT-048369,INCLUDES
ATTACK-001,EVT-048370,INCLUDES
ATTACK-001,EVT-048371,INCLUDES
ATTACK-001,EVT-048372,INCLUDES
ATTACK-001,EVT-048373,INCLUDES
ATTACK-001,EVT-048374,INCLUDES
ATTACK-001,EVT-048375,INCLUDES
ATTACK-001,EVT-048376,INCLUDES
ATTACK-001,EVT-048377,INCLUDES
ATTACK-001,EVT-048378,INCLUDES
ATTACK-001,EVT-048379,INCLUDES
ATTACK-001,EVT-048380,INCLUDES
ATTACK-001,EVT-048381,INCLUDES
ATTACK-001,EVT-048382,INCLUDES
ATTACK-001,EVT-048383,INCLUDES
ATTACK-001,EVT-048384,INCLUDES
ATTACK-001,EVT-048385,INCLUDES
ATTACK-001,EVT-048386,INCLUDES
ATTACK-001,EVT-048387,INCLUDES
ATTACK-001,EVT-048388,INCLUDES
ATTACK-001,EVT-048389,INCLUDES
ATTACK-001,EVT-048390,INCLUDES
ATTACK-001,EVT-048391,INCLUDES
ATTACK-001,EVT-048392,INCLUDES
ATTACK-001,EVT-048393,INCLUDES
ATTACK-001,EVT-048394,INCLUDES
ATTACK-001,EVT-048395,INCLUDES
ATTACK-001,EVT-048396,INCLUDES
ATTACK-001,EVT-048397,INCLUDES
ATTACK-001,EVT-048398,INCLUDES
ATTACK-001,EVT-048399,INCLUDES
ATTACK-001,EVT-048400,INCLUDES
ATTACK-001,EVT-048401,INCLUDES
ATTACK-001,EVT-048402,INCLUDES
ATTACK-001,EVT-048403,INCLUDES
ATTACK-001,EVT-048404,INCLUDES
ATTACK-001,EVT-048405,INCLUDES
ATTACK-001,EVT-048406,INCLUDES
ATTACK-001,EVT-048407,INCLUDES
ATTACK-001,EVT-048408,INCLUDES
ATTACK-001,EVT-048409,INCLUDES
ATTACK-001,EVT-048410,INCLUDES
ATTACK-001,EVT-048411,INCLUDES
ATTACK-001,EVT-048412,INCLUDES
ATTACK-001,EVT-048413,INCLUDES
ATTACK-001,EVT-048414,INCLUDES
ATTACK-001,EVT-048415,INCLUDES
ATTACK-001,EVT-048416,INCLUDES
ATTACK-001,EVT-048417,INCLUDES
ATTACK-001,EVT-048418,INCLUDES
ATTACK-001,EVT-048419,INCLUDES
ATTACK-001,EVT-048420,INCLUDES
ATTACK-001,EVT-048421,INCLUDES
ATTACK-001,EVT-048422,INCLUDES
ATTACK-001,EVT-048423,INCLUDES
ATTACK-001,EVT-048424,INCLUDES
ATTACK-001,EVT-048425,INCLUDES
ATTACK-001,EVT-048426,INCLUDES
ATTACK-001,EVT-048427,INCLUDES
ATTACK-001,EVT-048428,INCLUDES
ATTACK-001,EVT-048429,INCLUDES
ATTACK-001,EVT-048430,INCLUDES
ATTACK-001,EVT-048431,INCLUDES
ATTACK-001,EVT-048432,INCLUDES
ATTACK-001,EVT-048433,INCLUDES
ATTACK-001,EVT-048434,INCLUDES
ATTACK-001,EVT-048435,INCLUDES
ATTACK-001,EVT-048436,INCLUDES
ATTACK-001,EVT-048437,INCLUDES
ATTACK-001,EVT-048438,INCLUDES
ATTACK-001,EVT-048439,INCLUDES
ATTACK-001,EVT-048440,INCLUDES
ATTACK-001,EVT-048441,INCLUDES
ATTACK-001,EVT-048442,INCLUDES
ATTACK-001,EVT-048443,INCLUDES
ATTACK-001,EVT-048444,INCLUDES
ATTACK-001,EVT-048445,INCLUDES
ATTACK-001,EVT-048446,INCLUDES
ATTACK-001,EVT-048447,INCLUDES
ATTACK-001,EVT-048448,INCLUDES
ATTACK-001,EVT-048449,INCLUDES
ATTACK-001,EVT-048450,INCLUDES
ATTACK-001,EVT-048451,INCLUDES
ATTACK-001,EVT-048452,INCLUDES
ATTACK-001,EVT-048453,INCLUDES
ATTACK-001,EVT-048454,INCLUDES
ATTACK-001,EVT-048455,INCLUDES
ATTACK-001,EVT-048456,INCLUDES
ATTACK-001,EVT-048457,INCLUDES
ATTACK-001,EVT-048458,INCLUDES
ATTACK-001,EVT-048459,INCLUDES
ATTACK-001,EVT-048460,INCLUDES
ATTACK-001,EVT-048461,INCLUDES
ATTACK-001,EVT-048462,INCLUDES
ATTACK-001,EVT-048463,INCLUDES
ATTACK-001,EVT-048464,INCLUDES
ATTACK-001,EVT-048465,INCLUDES
ATTACK-001,EVT-048466,INCLUDES
ATTACK-001,EVT-048467,INCLUDES
ATTACK-001,EVT-048468,INCLUDES
ATTACK-001,EVT-048469,INCLUDES
ATTACK-001,EVT-048470,INCLUDES
ATTACK-001,EVT-048471,INCLUDES
ATTACK-001,EVT-048472,INCLUDES
ATTACK-001,EVT-048473,INCLUDES
ATTACK-001,EVT-048474,INCLUDES
ATTACK-001,EVT-048475,INCLUDES
ATTACK-001,EVT-048476,INCLUDES
ATTACK-001,EVT-048477,INCLUDES
ATTACK-001,EVT-048478,INCLUDES
ATTACK-001,EVT-048479,INCLUDES
ATTACK-001,EVT-048480,INCLUDES
ATTACK-001,EVT-048481,INCLUDES
ATTACK-001,EVT-048482,INCLUDES
ATTACK-001,EVT-048483,INCLUDES
ATTACK-001,EVT-048484,INCLUDES
ATTACK-001,EVT-048485,INCLUDES
ATTACK-001,EVT-048486,INCLUDES
ATTACK-001,EVT-048487,INCLUDES
ATTACK-001,EVT-048488,INCLUDES
ATTACK-001,EVT-048489,INCLUDES
ATTACK-001,EVT-048490,INCLUDES
ATTACK-001,EVT-048491,INCLUDES
ATTACK-001,EVT-048492,INCLUDES
ATTACK-001,EVT-048493,INCLUDES
ATTACK-001,EVT-048494,INCLUDES
ATTACK-001,EVT-048495,INCLUDES
ATTACK-001,EVT-048496,INCLUDES
ATTACK-001,EVT-048497,INCLUDES
ATTACK-001,EVT-048498,INCLUDES
ATTACK-001,EVT-048499,INCLUDES
ATTACK-001,EVT-048500,INCLUDES
ATTACK-001,EVT-048501,INCLUDES
ATTACK-001,EVT-048502,INCLUDES
ATTACK-001,EVT-048503,INCLUDES
ATTACK-001,EVT-048504,INCLUDES
ATTACK-001,EVT-048505,INCLUDES
ATTACK-001,EVT-048506,INCLUDES
ATTACK-001,EVT-048507,INCLUDES
ATTACK-001,EVT-048508,INCLUDES
ATTACK-001,EVT-048509,INCLUDES
ATTACK-001,EVT-048510,INCLUDES
ATTACK-001,EVT-048511,INCLUDES
ATTACK-001,EVT-048512,INCLUDES
ATTACK-001,EVT-048513,INCLUDES
ATTACK-001,EVT-048514,INCLUDES
ATTACK-001,EVT-048515,INCLUDES
ATTACK-001,EVT-048516,INCLUDES
ATTACK-001,EVT-048517,INCLUDES
ATTACK-001,EVT-048518,INCLUDES
ATTACK-001,EVT-048519,INCLUDES
ATTACK-001,EVT-048520,INCLUDES
ATTACK-001,EVT-048521,INCLUDES
ATTACK-001,EVT-048522,INCLUDES
ATTACK-001,EVT-048523,INCLUDES
ATTACK-001,EVT-048524,INCLUDES
ATTACK-001,EVT-048525,INCLUDES
ATTACK-001,EVT-048526,INCLUDES
ATTACK-001,EVT-048527,INCLUDES
ATTACK-001,EVT-048528,INCLUDES
ATTACK-001,EVT-048529,INCLUDES
ATTACK-001,EVT-048530,INCLUDES
ATTACK-001,EVT-048531,INCLUDES
ATTACK-001,EVT-048532,INCLUDES
ATTACK-001,EVT-048533,INCLUDES
ATTACK-001,EVT-048534,INCLUDES
ATTACK-001,EVT-048535,INCLUDES
ATTACK-001,EVT-048536,INCLUDES
ATTACK-001,EVT-048537,INCLUDES
ATTACK-001,EVT-048538,INCLUDES
ATTACK-001,EVT-048539,INCLUDES
ATTACK-001,EVT-048540,INCLUDES
ATTACK-001,EVT-048541,INCLUDES
ATTACK-001,EVT-048542,INCLUDES
ATTACK-001,EVT-048543,INCLUDES
ATTACK-001,EVT-048544,INCLUDES
ATTACK-001,EVT-048545,INCLUDES
ATTACK-001,EVT-048546,INCLUDES
ATTACK-001,EVT-048547,INCLUDES
ATTACK-001,EVT-048548,INCLUDES
ATTACK-001,EVT-048549,INCLUDES
ATTACK-001,EVT-048550,INCLUDES
ATTACK-001,EVT-048551,INCLUDES
ATTACK-001,EVT-048552,INCLUDES
ATTACK-001,EVT-048553,INCLUDES
ATTACK-001,EVT-048554,INCLUDES
ATTACK-001,EVT-048555,INCLUDES
ATTACK-001,EVT-048556,INCLUDES
ATTACK-001,EVT-048557,INCLUDES
ATTACK-001,EVT-048558,INCLUDES
ATTACK-001,EVT-048559,INCLUDES
ATTACK-001,EVT-048560,INCLUDES
ATTACK-001,EVT-048561,INCLUDES
ATTACK-001,EVT-048562,INCLUDES
ATTACK-001,EVT-048563,INCLUDES
ATTACK-001,EVT-048564,INCLUDES
ATTACK-001,EVT-048565,INCLUDES
ATTACK-001,EVT-048566,INCLUDES
ATTACK-001,EVT-048567,INCLUDES
ATTACK-001,EVT-048568,INCLUDES
ATTACK-001,EVT-048569,INCLUDES
ATTACK-001,EVT-048570,INCLUDES
ATTACK-001,EVT-048571,INCLUDES
ATTACK-001,EVT-048572,INCLUDES
ATTACK-001,EVT-048573,INCLUDES
ATTACK-001,EVT-048574,INCLUDES
ATTACK-001,EVT-048575,INCLUDES
ATTACK-001,EVT-048576,INCLUDES
ATTACK-001,EVT-048577,INCLUDES
ATTACK-001,EVT-048578,INCLUDES
ATTACK-001,EVT-048579,INCLUDES
ATTACK-001,EVT-048580,INCLUDES
ATTACK-001,EVT-048581,INCLUDES
ATTACK-001,EVT-048582,INCLUDES
ATTACK-001,EVT-048583,INCLUDES
ATTACK-001,EVT-048584,INCLUDES
ATTACK-001,EVT-048585,INCLUDES
ATTACK-001,EVT-048586,INCLUDES
ATTACK-001,EVT-048587,INCLUDES
ATTACK-001,EVT-048588,INCLUDES
ATTACK-001,EVT-048589,INCLUDES
ATTACK-001,EVT-048590,INCLUDES
ATTACK-001,EVT-048591,INCLUDES
ATTACK-001,EVT-048592,INCLUDES
ATTACK-001,EVT-048593,INCLUDES
ATTACK-001,EVT-048594,INCLUDES
ATTACK-001,EVT-048595,INCLUDES
ATTACK-001,EVT-048596,INCLUDES
ATTACK-001,EVT-048597,INCLUDES
ATTACK-001,EVT-048598,INCLUDES
ATTACK-001,EVT-048599,INCLUDES
ATTACK-001,EVT-048600,INCLUDES
ATTACK-001,EVT-048601,INCLUDES
ATTACK-001,EVT-048602,INCLUDES
ATTACK-001,EVT-048603,INCLUDES
ATTACK-001,EVT-048604,INCLUDES
ATTACK-001,EVT-048605,INCLUDES
ATTACK-001,EVT-048606,INCLUDES
ATTACK-001,EVT-048607,INCLUDES
ATTACK-001,EVT-048608,INCLUDES
ATTACK-001,EVT-048609,INCLUDES
ATTACK-001,EVT-048610,INCLUDES
ATTACK-001,EVT-048611,INCLUDES
ATTACK-001,EVT-048612,INCLUDES
ATTACK-001,EVT-048613,INCLUDES
ATTACK-001,EVT-048614,INCLUDES
ATTACK-001,EVT-048615,INCLUDES
ATTACK-001,EVT-048616,INCLUDES
ATTACK-001,EVT-048617,INCLUDES
ATTACK-001,EVT-048618,INCLUDES
ATTACK-001,EVT-048619,INCLUDES
ATTACK-001,EVT-048620,INCLUDES
ATTACK-001,EVT-048621,INCLUDES
ATTACK-001,EVT-048622,INCLUDES
ATTACK-001,EVT-048623,INCLUDES
ATTACK-001,EVT-048624,INCLUDES
ATTACK-001,EVT-048625,INCLUDES
ATTACK-001,EVT-048626,INCLUDES
ATTACK-001,EVT-048627,INCLUDES
ATTACK-001,EVT-048628,INCLUDES
ATTACK-001,EVT-048629,INCLUDES
ATTACK-001,EVT-048630,INCLUDES
ATTACK-001,EVT-048631,INCLUDES
ATTACK-001,EVT-048632,INCLUDES
ATTACK-001,EVT-048633,INCLUDES
ATTACK-001,EVT-048634,INCLUDES
ATTACK-001,EVT-048635,INCLUDES
ATTACK-001,EVT-048636,INCLUDES
ATTACK-001,EVT-048637,INCLUDES
ATTACK-001,EVT-048638,INCLUDES
ATTACK-001,EVT-048639,INCLUDES
ATTACK-001,EVT-048640,INCLUDES
ATTACK-001,EVT-048641,INCLUDES
ATTACK-001,EVT-048642,INCLUDES
ATTACK-001,EVT-048643,INCLUDES
ATTACK-001,EVT-048644,INCLUDES
ATTACK-001,EVT-048645,INCLUDES
ATTACK-001,EVT-048646,INCLUDES
ATTACK-001,EVT-048647,INCLUDES
ATTACK-001,EVT-048648,INCLUDES
ATTACK-001,EVT-048649,INCLUDES
ATTACK-001,EVT-048650,INCLUDES
ATTACK-001,EVT-048651,INCLUDES
ATTACK-001,EVT-048652,INCLUDES
ATTACK-001,EVT-048653,INCLUDES
ATTACK-001,EVT-048654,INCLUDES
ATTACK-001,EVT-048655,INCLUDES
ATTACK-001,EVT-048656,INCLUDES
ATTACK-001,EVT-048657,INCLUDES
ATTACK-001,EVT-048658,INCLUDES
ATTACK-001,EVT-048659,INCLUDES
ATTACK-001,EVT-048660,INCLUDES
ATTACK-001,EVT-048661,INCLUDES
ATTACK-001,EVT-048662,INCLUDES
ATTACK-001,EVT-048663,INCLUDES
ATTACK-001,EVT-048664,INCLUDES
ATTACK-001,EVT-048665,INCLUDES
ATTACK-001,EVT-048666,INCLUDES
ATTACK-001,EVT-048667,INCLUDES
ATTACK-001,EVT-048668,INCLUDES
ATTACK-001,EVT-048669,INCLUDES
ATTACK-001,EVT-048670,INCLUDES
ATTACK-001,EVT-048671,INCLUDES
ATTACK-001,EVT-048672,INCLUDES
ATTACK-001,EVT-048673,INCLUDES
ATTACK-001,EVT-048674,INCLUDES
ATTACK-001,EVT-048675,INCLUDES
ATTACK-001,EVT-048676,INCLUDES
ATTACK-001,EVT-048677,INCLUDES
ATTACK-001,EVT-048678,INCLUDES
ATTACK-001,EVT-048679,INCLUDES
ATTACK-001,EVT-048680,INCLUDES
ATTACK-001,EVT-048681,INCLUDES
ATTACK-001,EVT-048682,INCLUDES
ATTACK-001,EVT-048683,INCLUDES
ATTACK-001,EVT-048684,INCLUDES
ATTACK-001,EVT-048685,INCLUDES
ATTACK-001,EVT-048686,INCLUDES
ATTACK-001,EVT-048687,INCLUDES
ATTACK-001,EVT-048688,INCLUDES
ATTACK-001,EVT-048689,INCLUDES
ATTACK-001,EVT-048690,INCLUDES
ATTACK-001,EVT-048691,INCLUDES
ATTACK-001,EVT-048692,INCLUDES
ATTACK-001,EVT-048693,INCLUDES
ATTACK-001,EVT-048694,INCLUDES
ATTACK-001,EVT-048695,INCLUDES
ATTACK-001,EVT-048696,INCLUDES
ATTACK-001,EVT-048697,INCLUDES
ATTACK-001,EVT-048698,INCLUDES
ATTACK-001,EVT-048699,INCLUDES
ATTACK-001,EVT-048700,INCLUDES
ATTACK-001,EVT-048701,INCLUDES
ATTACK-001,EVT-048702,INCLUDES
ATTACK-001,EVT-048703,INCLUDES
ATTACK-001,EVT-048704,INCLUDES
ATTACK-001,EVT-048705,INCLUDES
ATTACK-001,EVT-048706,INCLUDES
ATTACK-001,EVT-048707,INCLUDES
ATTACK-001,EVT-048708,INCLUDES
ATTACK-001,EVT-048709,INCLUDES
ATTACK-001,EVT-048710,INCLUDES
ATTACK-001,EVT-048711,INCLUDES
ATTACK-001,EVT-048712,INCLUDES
ATTACK-001,EVT-048713,INCLUDES
ATTACK-001,EVT-048714,INCLUDES
ATTACK-001,EVT-048715,INCLUDES
ATTACK-001,EVT-048716,INCLUDES
ATTACK-001,EVT-048717,INCLUDES
ATTACK-001,EVT-048718,INCLUDES
ATTACK-001,EVT-048719,INCLUDES
ATTACK-001,EVT-048720,INCLUDES
ATTACK-001,EVT-048721,INCLUDES
ATTACK-001,EVT-048722,INCLUDES
ATTACK-001,EVT-048723,INCLUDES
ATTACK-001,EVT-048724,INCLUDES
ATTACK-001,EVT-048725,INCLUDES
ATTACK-001,EVT-048726,INCLUDES
ATTACK-001,EVT-048727,INCLUDES
ATTACK-001,EVT-048728,INCLUDES
ATTACK-001,EVT-048729,INCLUDES
ATTACK-001,EVT-048730,INCLUDES
ATTACK-001,EVT-048731,INCLUDES
ATTACK-001,EVT-048732,INCLUDES
ATTACK-001,EVT-048733,INCLUDES
ATTACK-001,EVT-048734,INCLUDES
ATTACK-001,EVT-048735,INCLUDES
ATTACK-001,EVT-048736,INCLUDES
ATTACK-001,EVT-048737,INCLUDES
ATTACK-001,EVT-048738,INCLUDES
ATTACK-001,EVT-048739,INCLUDES
ATTACK-001,EVT-048740,INCLUDES
ATTACK-001,EVT-048741,INCLUDES
ATTACK-001,EVT-048742,INCLUDES
ATTACK-001,EVT-048743,INCLUDES
ATTACK-001,EVT-048744,INCLUDES
ATTACK-001,EVT-048745,INCLUDES
ATTACK-001,EVT-048746,INCLUDES
ATTACK-001,EVT-048747,INCLUDES
ATTACK-001,EVT-048748,INCLUDES
ATTACK-001,EVT-048749,INCLUDES
ATTACK-001,EVT-048750,INCLUDES
ATTACK-001,EVT-048751,INCLUDES
ATTACK-001,EVT-048752,INCLUDES
ATTACK-001,EVT-048753,INCLUDES
ATTACK-001,EVT-048754,INCLUDES
ATTACK-001,EVT-048755,INCLUDES
ATTACK-001,EVT-048756,INCLUDES
ATTACK-001,EVT-048757,INCLUDES
ATTACK-001,EVT-048758,INCLUDES
ATTACK-001,EVT-048759,INCLUDES
ATTACK-001,EVT-048760,INCLUDES
ATTACK-001,EVT-048761,INCLUDES
ATTACK-001,EVT-048762,INCLUDES
ATTACK-001,EVT-048763,INCLUDES
ATTACK-001,EVT-048764,INCLUDES
ATTACK-001,EVT-048765,INCLUDES
ATTACK-001,EVT-048766,INCLUDES
ATTACK-001,EVT-048767,INCLUDES
ATTACK-001,EVT-048768,INCLUDES
ATTACK-001,EVT-048769,INCLUDES
ATTACK-001,EVT-048770,INCLUDES
ATTACK-001,EVT-048771,INCLUDES
ATTACK-001,EVT-048772,INCLUDES
ATTACK-001,EVT-048773,INCLUDES
ATTACK-001,EVT-048774,INCLUDES
ATTACK-001,EVT-048775,INCLUDES
ATTACK-001,EVT-048776,INCLUDES
ATTACK-001,EVT-048777,INCLUDES
ATTACK-001,EVT-048778,INCLUDES
ATTACK-001,EVT-048779,INCLUDES
ATTACK-001,EVT-048780,INCLUDES
ATTACK-001,EVT-048781,INCLUDES
ATTACK-001,EVT-048782,INCLUDES
ATTACK-001,EVT-048783,INCLUDES
ATTACK-001,EVT-048784,INCLUDES
ATTACK-001,EVT-048785,INCLUDES
ATTACK-001,EVT-048786,INCLUDES
ATTACK-001,EVT-048787,INCLUDES
ATTACK-001,EVT-048788,INCLUDES
ATTACK-001,EVT-048789,INCLUDES
ATTACK-001,EVT-048790,INCLUDES
ATTACK-001,EVT-048791,INCLUDES
ATTACK-001,EVT-048792,INCLUDES
ATTACK-001,EVT-048793,INCLUDES
ATTACK-001,EVT-048794,INCLUDES
ATTACK-001,EVT-048795,INCLUDES
ATTACK-001,EVT-048796,INCLUDES
ATTACK-001,EVT-048797,INCLUDES
ATTACK-001,EVT-048798,INCLUDES
ATTACK-001,EVT-048799,INCLUDES
ATTACK-001,EVT-048800,INCLUDES
ATTACK-001,EVT-048801,INCLUDES
ATTACK-001,EVT-048802,INCLUDES
ATTACK-001,EVT-048803,INCLUDES
ATTACK-001,EVT-048804,INCLUDES
ATTACK-001,EVT-048805,INCLUDES
ATTACK-001,EVT-048806,INCLUDES
ATTACK-001,EVT-048807,INCLUDES
ATTACK-001,EVT-048808,INCLUDES
ATTACK-001,EVT-048809,INCLUDES
ATTACK-001,EVT-048810,INCLUDES
ATTACK-001,EVT-048811,INCLUDES
ATTACK-001,EVT-048812,INCLUDES
ATTACK-001,EVT-048813,INCLUDES
ATTACK-001,EVT-048814,INCLUDES
ATTACK-001,EVT-048815,INCLUDES
ATTACK-001,EVT-048816,INCLUDES
ATTACK-001,EVT-048817,INCLUDES
ATTACK-001,EVT-048818,INCLUDES
ATTACK-001,EVT-048819,INCLUDES
ATTACK-001,EVT-048820,INCLUDES
ATTACK-001,EVT-048821,INCLUDES
ATTACK-001,EVT-048822,INCLUDES
ATTACK-001,EVT-048823,INCLUDES
ATTACK-001,EVT-048824,INCLUDES
ATTACK-001,EVT-048825,INCLUDES
ATTACK-001,EVT-048826,INCLUDES
ATTACK-001,EVT-048827,INCLUDES
ATTACK-001,EVT-048828,INCLUDES
ATTACK-001,EVT-048829,INCLUDES
ATTACK-001,EVT-048830,INCLUDES
ATTACK-001,EVT-048831,INCLUDES
ATTACK-001,EVT-048832,INCLUDES
ATTACK-001,EVT-048833,INCLUDES
ATTACK-001,EVT-048834,INCLUDES
ATTACK-001,EVT-048835,INCLUDES
ATTACK-001,EVT-048836,INCLUDES
ATTACK-001,EVT-048837,INCLUDES
ATTACK-001,EVT-048838,INCLUDES
ATTACK-001,EVT-048839,INCLUDES
ATTACK-001,EVT-048840,INCLUDES
ATTACK-001,EVT-048841,INCLUDES
ATTACK-001,EVT-048842,INCLUDES
ATTACK-001,EVT-048843,INCLUDES
ATTACK-001,EVT-048844,INCLUDES
ATTACK-001,EVT-048845,INCLUDES
ATTACK-001,EVT-048846,INCLUDES
ATTACK-001,EVT-048847,INCLUDES
ATTACK-001,EVT-048848,INCLUDES
ATTACK-001,EVT-048849,INCLUDES
ATTACK-001,EVT-048850,INCLUDES
ATTACK-001,EVT-048851,INCLUDES
ATTACK-001,EVT-048852,INCLUDES
ATTACK-001,EVT-048853,INCLUDES
ATTACK-001,EVT-048854,INCLUDES
ATTACK-001,EVT-048855,INCLUDES
ATTACK-001,EVT-048856,INCLUDES
ATTACK-001,EVT-048857,INCLUDES
ATTACK-001,EVT-048858,INCLUDES
ATTACK-001,EVT-048859,INCLUDES
ATTACK-001,EVT-048860,INCLUDES
ATTACK-001,EVT-048861,INCLUDES
ATTACK-001,EVT-048862,INCLUDES
ATTACK-001,EVT-048863,INCLUDES
ATTACK-001,EVT-048864,INCLUDES
ATTACK-001,EVT-048865,INCLUDES
ATTACK-001,EVT-048866,INCLUDES
ATTACK-001,EVT-048867,INCLUDES
ATTACK-001,EVT-048868,INCLUDES
ATTACK-001,EVT-048869,INCLUDES
ATTACK-001,EVT-048870,INCLUDES
ATTACK-001,EVT-048871,INCLUDES
ATTACK-001,EVT-048872,INCLUDES
ATTACK-001,EVT-048873,INCLUDES
ATTACK-001,EVT-048874,INCLUDES
ATTACK-001,EVT-048875,INCLUDES
ATTACK-001,EVT-048876,INCLUDES
ATTACK-001,EVT-048877,INCLUDES
ATTACK-001,EVT-048878,INCLUDES
ATTACK-001,EVT-048879,INCLUDES
ATTACK-001,EVT-048880,INCLUDES
ATTACK-001,EVT-048881,INCLUDES
ATTACK-001,EVT-048882,INCLUDES
ATTACK-001,EVT-048883,INCLUDES
ATTACK-001,EVT-048884,INCLUDES
ATTACK-001,EVT-048885,INCLUDES
ATTACK-001,EVT-048886,INCLUDES
ATTACK-001,EVT-048887,INCLUDES
ATTACK-001,EVT-048888,INCLUDES
ATTACK-001,EVT-048889,INCLUDES
ATTACK-001,EVT-048890,INCLUDES
ATTACK-001,EVT-048891,INCLUDES
ATTACK-001,EVT-048892,INCLUDES
ATTACK-001,EVT-048893,INCLUDES
ATTACK-001,EVT-048894,INCLUDES
ATTACK-001,EVT-048895,INCLUDES
ATTACK-001,EVT-048896,INCLUDES
ATTACK-001,EVT-048897,INCLUDES
ATTACK-001,EVT-048898,INCLUDES
ATTACK-001,EVT-048899,INCLUDES
ATTACK-001,EVT-048900,INCLUDES
ATTACK-001,EVT-048901,INCLUDES
ATTACK-001,EVT-048902,INCLUDES
ATTACK-001,EVT-048903,INCLUDES
ATTACK-001,EVT-048904,INCLUDES
ATTACK-001,EVT-048905,INCLUDES
ATTACK-001,EVT-048906,INCLUDES
ATTACK-001,EVT-048907,INCLUDES
ATTACK-001,EVT-048908,INCLUDES
ATTACK-001,EVT-048909,INCLUDES
ATTACK-001,EVT-048910,INCLUDES
ATTACK-001,EVT-048911,INCLUDES
ATTACK-001,EVT-048912,INCLUDES
ATTACK-001,EVT-048913,INCLUDES
ATTACK-001,EVT-048914,INCLUDES
ATTACK-001,EVT-048915,INCLUDES
ATTACK-001,EVT-048916,INCLUDES
ATTACK-001,EVT-048917,INCLUDES
ATTACK-001,EVT-048918,INCLUDES
ATTACK-001,EVT-048919,INCLUDES
ATTACK-001,EVT-048920,INCLUDES
ATTACK-001,EVT-048921,INCLUDES
ATTACK-001,EVT-048922,INCLUDES
ATTACK-001,EVT-048923,INCLUDES
ATTACK-001,EVT-048924,INCLUDES
ATTACK-001,EVT-048925,INCLUDES
ATTACK-001,EVT-048926,INCLUDES
ATTACK-001,EVT-048927,INCLUDES
ATTACK-001,EVT-048928,INCLUDES
ATTACK-001,EVT-048929,INCLUDES
ATTACK-001,EVT-048930,INCLUDES
ATTACK-001,EVT-048931,INCLUDES
ATTACK-001,EVT-048932,INCLUDES
ATTACK-001,EVT-048933,INCLUDES
ATTACK-001,EVT-048934,INCLUDES
ATTACK-001,EVT-048935,INCLUDES
ATTACK-001,EVT-048936,INCLUDES
ATTACK-001,EVT-048937,INCLUDES
ATTACK-001,EVT-048938,INCLUDES
ATTACK-001,EVT-048939,INCLUDES
ATTACK-001,EVT-048940,INCLUDES
ATTACK-001,EVT-048941,INCLUDES
ATTACK-001,EVT-048942,INCLUDES
ATTACK-001,EVT-048943,INCLUDES
ATTACK-001,EVT-048944,INCLUDES
ATTACK-001,EVT-048945,INCLUDES
ATTACK-001,EVT-048946,INCLUDES
ATTACK-001,EVT-048947,INCLUDES
ATTACK-001,EVT-048948,INCLUDES
ATTACK-001,EVT-048949,INCLUDES
ATTACK-001,EVT-048950,INCLUDES
ATTACK-001,EVT-048951,INCLUDES
ATTACK-001,EVT-048952,INCLUDES
ATTACK-001,EVT-048953,INCLUDES
ATTACK-001,EVT-048954,INCLUDES
ATTACK-001,EVT-048955,INCLUDES
ATTACK-001,EVT-048956,INCLUDES
ATTACK-001,EVT-048957,INCLUDES
ATTACK-001,EVT-048958,INCLUDES
ATTACK-001,EVT-048959,INCLUDES
ATTACK-001,EVT-048960,INCLUDES
ATTACK-001,EVT-048961,INCLUDES
ATTACK-001,EVT-048962,INCLUDES
ATTACK-001,EVT-048963,INCLUDES
ATTACK-001,EVT-048964,INCLUDES
ATTACK-001,EVT-048965,INCLUDES
ATTACK-001,EVT-048966,INCLUDES
ATTACK-001,EVT-048967,INCLUDES
ATTACK-001,EVT-048968,INCLUDES
ATTACK-001,EVT-048969,INCLUDES
ATTACK-001,EVT-048970,INCLUDES
ATTACK-001,EVT-048971,INCLUDES
ATTACK-001,EVT-048972,INCLUDES
ATTACK-001,EVT-048973,INCLUDES
ATTACK-001,EVT-048974,INCLUDES
ATTACK-001,EVT-048975,INCLUDES
ATTACK-001,EVT-048976,INCLUDES
ATTACK-001,EVT-048977,INCLUDES
ATTACK-001,EVT-048978,INCLUDES
ATTACK-001,EVT-048979,INCLUDES
ATTACK-001,EVT-048980,INCLUDES
ATTACK-001,EVT-048981,INCLUDES
ATTACK-001,EVT-048982,INCLUDES
ATTACK-001,EVT-048983,INCLUDES
ATTACK-001,EVT-048984,INCLUDES
ATTACK-001,EVT-048985,INCLUDES
ATTACK-001,EVT-048986,INCLUDES
ATTACK-001,EVT-048987,INCLUDES
ATTACK-001,EVT-048988,INCLUDES
ATTACK-001,EVT-048989,INCLUDES
ATTACK-001,EVT-048990,INCLUDES
ATTACK-001,EVT-048991,INCLUDES
ATTACK-001,EVT-048992,INCLUDES
ATTACK-001,EVT-048993,INCLUDES
ATTACK-001,EVT-048994,INCLUDES
ATTACK-001,EVT-048995,INCLUDES
ATTACK-001,EVT-048996,INCLUDES
ATTACK-001,EVT-048997,INCLUDES
ATTACK-001,EVT-048998,INCLUDES
ATTACK-001,EVT-048999,INCLUDES
ATTACK-001,EVT-049000,INCLUDES
ATTACK-001,EVT-049001,INCLUDES
ATTACK-001,EVT-049002,INCLUDES
ATTACK-001,EVT-049003,INCLUDES
ATTACK-001,EVT-049004,INCLUDES
ATTACK-001,EVT-049005,INCLUDES
ATTACK-001,EVT-049006,INCLUDES
ATTACK-001,EVT-049007,INCLUDES
ATTACK-001,EVT-049008,INCLUDES
ATTACK-001,EVT-049009,INCLUDES
ATTACK-001,EVT-049010,INCLUDES
ATTACK-001,EVT-049011,INCLUDES
ATTACK-001,EVT-049012,INCLUDES
ATTACK-001,EVT-049013,INCLUDES
ATTACK-001,EVT-049014,INCLUDES
ATTACK-001,EVT-049015,INCLUDES
ATTACK-001,EVT-049016,INCLUDES
ATTACK-001,EVT-049017,INCLUDES
ATTACK-001,EVT-049018,INCLUDES
ATTACK-001,EVT-049019,INCLUDES
ATTACK-001,EVT-049020,INCLUDES
ATTACK-001,EVT-049021,INCLUDES
ATTACK-001,EVT-049022,INCLUDES
ATTACK-001,EVT-049023,INCLUDES
ATTACK-001,EVT-049024,INCLUDES
ATTACK-001,EVT-049025,INCLUDES
ATTACK-001,EVT-049026,INCLUDES
ATTACK-001,EVT-049027,INCLUDES
ATTACK-001,EVT-049028,INCLUDES
ATTACK-001,EVT-049029,INCLUDES
ATTACK-001,EVT-049030,INCLUDES
ATTACK-001,EVT-049031,INCLUDES
ATTACK-001,EVT-049032,INCLUDES
ATTACK-001,EVT-049033,INCLUDES
ATTACK-001,EVT-049034,INCLUDES
ATTACK-001,EVT-049035,INCLUDES
ATTACK-001,EVT-049036,INCLUDES
ATTACK-001,EVT-049037,INCLUDES
ATTACK-001,EVT-049038,INCLUDES
ATTACK-001,EVT-049039,INCLUDES
ATTACK-001,EVT-049040,INCLUDES
ATTACK-001,EVT-049041,INCLUDES
ATTACK-001,EVT-049042,INCLUDES
ATTACK-001,EVT-049043,INCLUDES
ATTACK-001,EVT-049044,INCLUDES
ATTACK-001,EVT-049045,INCLUDES
ATTACK-001,EVT-049046,INCLUDES
ATTACK-001,EVT-049047,INCLUDES
ATTACK-001,EVT-049048,INCLUDES
ATTACK-001,EVT-049049,INCLUDES
ATTACK-001,EVT-049050,INCLUDES
ATTACK-001,EVT-049051,INCLUDES
ATTACK-001,EVT-049052,INCLUDES
ATTACK-001,EVT-049053,INCLUDES
ATTACK-001,EVT-049054,INCLUDES
ATTACK-001,EVT-049055,INCLUDES
ATTACK-001,EVT-049056,INCLUDES
ATTACK-001,EVT-049057,INCLUDES
ATTACK-001,EVT-049058,INCLUDES
ATTACK-001,EVT-049059,INCLUDES
ATTACK-001,EVT-049060,INCLUDES
ATTACK-001,EVT-049061,INCLUDES
ATTACK-001,EVT-049062,INCLUDES
ATTACK-001,EVT-049063,INCLUDES
ATTACK-001,EVT-049064,INCLUDES
ATTACK-001,EVT-049065,INCLUDES
ATTACK-001,EVT-049066,INCLUDES
ATTACK-001,EVT-049067,INCLUDES
ATTACK-001,EVT-049068,INCLUDES
ATTACK-001,EVT-049069,INCLUDES
ATTACK-001,EVT-049070,INCLUDES
ATTACK-001,EVT-049071,INCLUDES
ATTACK-001,EVT-049072,INCLUDES
ATTACK-001,EVT-049073,INCLUDES
ATTACK-001,EVT-049074,INCLUDES
ATTACK-001,EVT-049075,INCLUDES
ATTACK-001,EVT-049076,INCLUDES
ATTACK-001,EVT-049077,INCLUDES
ATTACK-001,EVT-049078,INCLUDES
ATTACK-001,EVT-049079,INCLUDES
ATTACK-001,EVT-049080,INCLUDES
ATTACK-001,EVT-049081,INCLUDES
ATTACK-001,EVT-049082,INCLUDES
ATTACK-001,EVT-049083,INCLUDES
ATTACK-001,EVT-049084,INCLUDES
ATTACK-001,EVT-049085,INCLUDES
ATTACK-001,EVT-049086,INCLUDES
ATTACK-001,EVT-049087,INCLUDES
ATTACK-001,EVT-049088,INCLUDES
ATTACK-001,EVT-049089,INCLUDES
ATTACK-001,EVT-049090,INCLUDES
ATTACK-001,EVT-049091,INCLUDES
ATTACK-001,EVT-049092,INCLUDES
ATTACK-001,EVT-049093,INCLUDES
ATTACK-001,EVT-049094,INCLUDES
ATTACK-001,EVT-049095,INCLUDES
ATTACK-001,EVT-049096,INCLUDES
ATTACK-001,EVT-049097,INCLUDES
ATTACK-001,EVT-049098,INCLUDES
ATTACK-001,EVT-049099,INCLUDES
ATTACK-001,EVT-049100,INCLUDES
ATTACK-001,EVT-049101,INCLUDES
ATTACK-001,EVT-049102,INCLUDES
ATTACK-001,EVT-049103,INCLUDES
ATTACK-001,EVT-049104,INCLUDES
ATTACK-001,EVT-049105,INCLUDES
ATTACK-001,EVT-049106,INCLUDES
ATTACK-001,EVT-049107,INCLUDES
ATTACK-001,EVT-049108,INCLUDES
ATTACK-001,EVT-049109,INCLUDES
ATTACK-001,EVT-049110,INCLUDES
ATTACK-001,EVT-049111,INCLUDES
ATTACK-001,EVT-049112,INCLUDES
ATTACK-001,EVT-049113,INCLUDES
ATTACK-001,EVT-049114,INCLUDES
ATTACK-001,EVT-049115,INCLUDES
ATTACK-001,EVT-049116,INCLUDES
ATTACK-001,EVT-049117,INCLUDES
ATTACK-001,EVT-049118,INCLUDES
ATTACK-001,EVT-049119,INCLUDES
ATTACK-001,EVT-049120,INCLUDES
ATTACK-001,EVT-049121,INCLUDES
ATTACK-001,EVT-049122,INCLUDES
ATTACK-001,EVT-049123,INCLUDES
ATTACK-001,EVT-049124,INCLUDES
ATTACK-001,EVT-049125,INCLUDES
ATTACK-001,EVT-049126,INCLUDES
ATTACK-001,EVT-049127,INCLUDES
ATTACK-001,EVT-049128,INCLUDES
ATTACK-001,EVT-049129,INCLUDES
ATTACK-001,EVT-049130,INCLUDES
ATTACK-001,EVT-049131,INCLUDES
ATTACK-001,EVT-049132,INCLUDES
ATTACK-001,EVT-049133,INCLUDES
ATTACK-001,EVT-049134,INCLUDES
ATTACK-001,EVT-049135,INCLUDES
ATTACK-001,EVT-049136,INCLUDES
ATTACK-001,EVT-049137,INCLUDES
ATTACK-001,EVT-049138,INCLUDES
ATTACK-001,EVT-049139,INCLUDES
ATTACK-001,EVT-049140,INCLUDES
ATTACK-001,EVT-049141,INCLUDES
ATTACK-001,EVT-049142,INCLUDES
ATTACK-001,EVT-049143,INCLUDES
ATTACK-001,EVT-049144,INCLUDES
ATTACK-001,EVT-049145,INCLUDES
ATTACK-001,EVT-049146,INCLUDES
ATTACK-001,EVT-049147,INCLUDES
ATTACK-001,EVT-049148,INCLUDES
ATTACK-001,EVT-049149,INCLUDES
ATTACK-001,EVT-049150,INCLUDES
ATTACK-001,EVT-049151,INCLUDES
ATTACK-001,EVT-049152,INCLUDES
ATTACK-001,EVT-049153,INCLUDES
ATTACK-001,EVT-049154,INCLUDES
ATTACK-001,EVT-049155,INCLUDES
ATTACK-001,EVT-049156,INCLUDES
ATTACK-001,EVT-049157,INCLUDES
ATTACK-001,EVT-049158,INCLUDES
ATTACK-001,EVT-049159,INCLUDES
ATTACK-001,EVT-049160,INCLUDES
ATTACK-001,EVT-049161,INCLUDES
ATTACK-001,EVT-049162,INCLUDES
ATTACK-001,EVT-049163,INCLUDES
ATTACK-001,EVT-049164,INCLUDES
ATTACK-001,EVT-049165,INCLUDES
ATTACK-001,EVT-049166,INCLUDES
ATTACK-001,EVT-049167,INCLUDES
ATTACK-001,EVT-049168,INCLUDES
ATTACK-001,EVT-049169,INCLUDES
ATTACK-001,EVT-049170,INCLUDES
ATTACK-001,EVT-049171,INCLUDES
ATTACK-001,EVT-049172,INCLUDES
ATTACK-001,EVT-049173,INCLUDES
ATTACK-001,EVT-049174,INCLUDES
ATTACK-001,EVT-049175,INCLUDES
ATTACK-001,EVT-049176,INCLUDES
ATTACK-001,EVT-049177,INCLUDES
ATTACK-001,EVT-049178,INCLUDES
ATTACK-001,EVT-049179,INCLUDES
ATTACK-001,EVT-049180,INCLUDES
ATTACK-001,EVT-049181,INCLUDES
ATTACK-001,EVT-049182,INCLUDES
ATTACK-001,EVT-049183,INCLUDES
ATTACK-001,EVT-049184,INCLUDES
ATTACK-001,EVT-049185,INCLUDES
ATTACK-001,EVT-049186,INCLUDES
ATTACK-001,EVT-049187,INCLUDES
ATTACK-001,EVT-049188,INCLUDES
ATTACK-001,EVT-049189,INCLUDES
ATTACK-001,EVT-049190,INCLUDES
ATTACK-001,EVT-049191,INCLUDES
ATTACK-001,EVT-049192,INCLUDES
ATTACK-001,EVT-049193,INCLUDES
ATTACK-001,EVT-049194,INCLUDES
ATTACK-001,EVT-049195,INCLUDES
ATTACK-001,EVT-049196,INCLUDES
ATTACK-001,EVT-049197,INCLUDES
ATTACK-001,EVT-049198,INCLUDES
ATTACK-001,EVT-049199,INCLUDES
ATTACK-001,EVT-049200,INCLUDES
ATTACK-001,EVT-049201,INCLUDES
ATTACK-001,EVT-049202,INCLUDES
ATTACK-001,EVT-049203,INCLUDES
ATTACK-001,EVT-049204,INCLUDES
ATTACK-001,EVT-049205,INCLUDES
ATTACK-001,EVT-049206,INCLUDES
ATTACK-001,EVT-049207,INCLUDES
ATTACK-001,EVT-049208,INCLUDES
ATTACK-001,EVT-049209,INCLUDES
ATTACK-001,EVT-049210,INCLUDES
ATTACK-001,EVT-049211,INCLUDES
ATTACK-001,EVT-049212,INCLUDES
ATTACK-001,EVT-049213,INCLUDES
ATTACK-001,EVT-049214,INCLUDES
ATTACK-001,EVT-049215,INCLUDES
ATTACK-001,EVT-049216,INCLUDES
ATTACK-001,EVT-049217,INCLUDES
ATTACK-001,EVT-049218,INCLUDES
ATTACK-001,EVT-049219,INCLUDES
ATTACK-001,EVT-049220,INCLUDES
ATTACK-001,EVT-049221,INCLUDES
ATTACK-001,EVT-049222,INCLUDES
ATTACK-001,EVT-049223,INCLUDES
ATTACK-001,EVT-049224,INCLUDES
ATTACK-001,EVT-049225,INCLUDES
ATTACK-001,EVT-049226,INCLUDES
ATTACK-001,EVT-049227,INCLUDES
ATTACK-001,EVT-049228,INCLUDES
ATTACK-001,EVT-049229,INCLUDES
ATTACK-001,EVT-049230,INCLUDES
ATTACK-001,EVT-049231,INCLUDES
ATTACK-001,EVT-049232,INCLUDES
ATTACK-001,EVT-049233,INCLUDES
ATTACK-001,EVT-049234,INCLUDES
ATTACK-001,EVT-049235,INCLUDES
ATTACK-001,EVT-049236,INCLUDES
ATTACK-001,EVT-049237,INCLUDES
ATTACK-001,EVT-049238,INCLUDES
ATTACK-001,EVT-049239,INCLUDES
ATTACK-001,EVT-049240,INCLUDES
ATTACK-001,EVT-049241,INCLUDES
ATTACK-001,EVT-049242,INCLUDES
ATTACK-001,EVT-049243,INCLUDES
ATTACK-001,EVT-049244,INCLUDES
ATTACK-001,EVT-049245,INCLUDES
ATTACK-001,EVT-049246,INCLUDES
ATTACK-001,EVT-049247,INCLUDES
ATTACK-001,EVT-049248,INCLUDES
ATTACK-001,EVT-049249,INCLUDES
ATTACK-001,EVT-049250,INCLUDES
ATTACK-001,EVT-049251,INCLUDES
ATTACK-001,EVT-049252,INCLUDES
ATTACK-001,EVT-049253,INCLUDES
ATTACK-001,EVT-049254,INCLUDES
ATTACK-001,EVT-049255,INCLUDES
ATTACK-001,EVT-049256,INCLUDES
ATTACK-001,EVT-049257,INCLUDES
ATTACK-001,EVT-049258,INCLUDES
ATTACK-001,EVT-049259,INCLUDES
ATTACK-001,EVT-049260,INCLUDES
ATTACK-001,EVT-049261,INCLUDES
ATTACK-001,EVT-049262,INCLUDES
ATTACK-001,EVT-049263,INCLUDES
ATTACK-001,EVT-049264,INCLUDES
ATTACK-001,EVT-049265,INCLUDES
ATTACK-001,EVT-049266,INCLUDES
ATTACK-001,EVT-049267,INCLUDES
ATTACK-001,EVT-049268,INCLUDES
ATTACK-001,EVT-049269,INCLUDES
ATTACK-001,EVT-049270,INCLUDES
ATTACK-001,EVT-049271,INCLUDES
ATTACK-001,EVT-049272,INCLUDES
ATTACK-001,EVT-049273,INCLUDES
ATTACK-001,EVT-049274,INCLUDES
ATTACK-001,EVT-049275,INCLUDES
ATTACK-001,EVT-049276,INCLUDES
ATTACK-001,EVT-049277,INCLUDES
ATTACK-001,EVT-049278,INCLUDES
ATTACK-001,EVT-049279,INCLUDES
ATTACK-001,EVT-049280,INCLUDES
ATTACK-001,EVT-049281,INCLUDES
ATTACK-001,EVT-049282,INCLUDES
ATTACK-001,EVT-049283,INCLUDES
ATTACK-001,EVT-049284,INCLUDES
ATTACK-001,EVT-049285,INCLUDES
ATTACK-001,EVT-049286,INCLUDES
ATTACK-001,EVT-049287,INCLUDES
ATTACK-001,EVT-049288,INCLUDES
ATTACK-001,EVT-049289,INCLUDES
ATTACK-001,EVT-049290,INCLUDES
ATTACK-001,EVT-049291,INCLUDES
ATTACK-001,EVT-049292,INCLUDES
ATTACK-001,EVT-049293,INCLUDES
ATTACK-001,EVT-049294,INCLUDES
ATTACK-001,EVT-049295,INCLUDES
ATTACK-001,EVT-049296,INCLUDES
ATTACK-001,EVT-049297,INCLUDES
ATTACK-001,EVT-049298,INCLUDES
ATTACK-001,EVT-049299,INCLUDES
ATTACK-001,EVT-049300,INCLUDES
ATTACK-001,EVT-049301,INCLUDES
ATTACK-001,EVT-049302,INCLUDES
ATTACK-001,EVT-049303,INCLUDES
ATTACK-001,EVT-049304,INCLUDES
ATTACK-001,EVT-049305,INCLUDES
ATTACK-001,EVT-049306,INCLUDES
ATTACK-001,EVT-049307,INCLUDES
ATTACK-001,EVT-049308,INCLUDES
ATTACK-001,EVT-049309,INCLUDES
ATTACK-001,EVT-049310,INCLUDES
ATTACK-001,EVT-049311,INCLUDES
ATTACK-001,EVT-049312,INCLUDES
ATTACK-001,EVT-049313,INCLUDES
ATTACK-001,EVT-049314,INCLUDES
ATTACK-001,EVT-049315,INCLUDES
ATTACK-001,EVT-049316,INCLUDES
ATTACK-001,EVT-049317,INCLUDES
ATTACK-001,EVT-049318,INCLUDES
ATTACK-001,EVT-049319,INCLUDES
ATTACK-001,EVT-049320,INCLUDES
ATTACK-001,EVT-049321,INCLUDES
ATTACK-001,EVT-049322,INCLUDES
ATTACK-001,EVT-049323,INCLUDES
ATTACK-001,EVT-049324,INCLUDES
ATTACK-001,EVT-049325,INCLUDES
ATTACK-001,EVT-049326,INCLUDES
ATTACK-001,EVT-049327,INCLUDES
ATTACK-001,EVT-049328,INCLUDES
ATTACK-001,EVT-049329,INCLUDES
ATTACK-001,EVT-049330,INCLUDES
ATTACK-001,EVT-049331,INCLUDES
ATTACK-001,EVT-049332,INCLUDES
ATTACK-001,EVT-049333,INCLUDES
ATTACK-001,EVT-049334,INCLUDES
ATTACK-001,EVT-049335,INCLUDES
ATTACK-001,EVT-049336,INCLUDES
ATTACK-001,EVT-049337,INCLUDES
ATTACK-001,EVT-049338,INCLUDES
ATTACK-001,EVT-049339,INCLUDES
ATTACK-001,EVT-049340,INCLUDES
ATTACK-001,EVT-049341,INCLUDES
ATTACK-001,EVT-049342,INCLUDES
ATTACK-001,EVT-049343,INCLUDES
ATTACK-001,EVT-049344,INCLUDES
ATTACK-001,EVT-049345,INCLUDES
ATTACK-001,EVT-049346,INCLUDES
ATTACK-001,EVT-049347,INCLUDES
ATTACK-001,EVT-049348,INCLUDES
ATTACK-001,EVT-049349,INCLUDES
ATTACK-001,EVT-049350,INCLUDES
ATTACK-001,EVT-049351,INCLUDES
ATTACK-001,EVT-049352,INCLUDES
ATTACK-001,EVT-049353,INCLUDES
ATTACK-001,EVT-049354,INCLUDES
ATTACK-001,EVT-049355,INCLUDES
ATTACK-001,EVT-049356,INCLUDES
ATTACK-001,EVT-049357,INCLUDES
ATTACK-001,EVT-049358,INCLUDES
ATTACK-001,EVT-049359,INCLUDES
ATTACK-001,EVT-049360,INCLUDES
ATTACK-001,EVT-049361,INCLUDES
ATTACK-001,EVT-049362,INCLUDES
ATTACK-001,EVT-049363,INCLUDES
ATTACK-001,EVT-049364,INCLUDES
ATTACK-001,EVT-049365,INCLUDES
ATTACK-001,EVT-049366,INCLUDES
ATTACK-001,EVT-049367,INCLUDES
ATTACK-001,EVT-049368,INCLUDES
ATTACK-001,EVT-049369,INCLUDES
ATTACK-001,EVT-049370,INCLUDES
ATTACK-001,EVT-049371,INCLUDES
ATTACK-001,EVT-049372,INCLUDES
ATTACK-001,EVT-049373,INCLUDES
ATTACK-001,EVT-049374,INCLUDES
ATTACK-001,EVT-049375,INCLUDES
ATTACK-001,EVT-049376,INCLUDES
ATTACK-001,EVT-049377,INCLUDES
ATTACK-001,EVT-049378,INCLUDES
ATTACK-001,EVT-049379,INCLUDES
ATTACK-001,EVT-049380,INCLUDES
ATTACK-001,EVT-049381,INCLUDES
ATTACK-001,EVT-049382,INCLUDES
ATTACK-001,EVT-049383,INCLUDES
ATTACK-001,EVT-049384,INCLUDES
ATTACK-001,EVT-049385,INCLUDES
ATTACK-001,EVT-049386,INCLUDES
ATTACK-001,EVT-049387,INCLUDES
ATTACK-001,EVT-049388,INCLUDES
ATTACK-001,EVT-049389,INCLUDES
ATTACK-001,EVT-049390,INCLUDES
ATTACK-001,EVT-049391,INCLUDES
ATTACK-001,EVT-049392,INCLUDES
ATTACK-001,EVT-049393,INCLUDES
ATTACK-001,EVT-049394,INCLUDES
ATTACK-001,EVT-049395,INCLUDES
ATTACK-001,EVT-049396,INCLUDES
ATTACK-001,EVT-049397,INCLUDES
ATTACK-001,EVT-049398,INCLUDES
ATTACK-001,EVT-049399,INCLUDES
ATTACK-001,EVT-049400,INCLUDES
ATTACK-001,EVT-049401,INCLUDES
ATTACK-001,EVT-049402,INCLUDES
ATTACK-001,EVT-049403,INCLUDES
ATTACK-001,EVT-049404,INCLUDES
ATTACK-001,EVT-049405,INCLUDES
ATTACK-001,EVT-049406,INCLUDES
ATTACK-001,EVT-049407,INCLUDES
ATTACK-001,EVT-049408,INCLUDES
ATTACK-001,EVT-049409,INCLUDES
ATTACK-001,EVT-049410,INCLUDES
ATTACK-001,EVT-049411,INCLUDES
ATTACK-001,EVT-049412,INCLUDES
ATTACK-001,EVT-049413,INCLUDES
ATTACK-001,EVT-049414,INCLUDES
ATTACK-001,EVT-049415,INCLUDES
ATTACK-001,EVT-049416,INCLUDES
ATTACK-001,EVT-049417,INCLUDES
ATTACK-001,EVT-049418,INCLUDES
ATTACK-001,EVT-049419,INCLUDES
ATTACK-001,EVT-049420,INCLUDES
ATTACK-001,EVT-049421,INCLUDES
ATTACK-001,EVT-049422,INCLUDES
ATTACK-001,EVT-049423,INCLUDES
ATTACK-001,EVT-049424,INCLUDES
ATTACK-001,EVT-049425,INCLUDES
ATTACK-001,EVT-049426,INCLUDES
ATTACK-001,EVT-049427,INCLUDES
ATTACK-001,EVT-049428,INCLUDES
ATTACK-001,EVT-049429,INCLUDES
ATTACK-001,EVT-049430,INCLUDES
ATTACK-001,EVT-049431,INCLUDES
ATTACK-001,EVT-049432,INCLUDES
ATTACK-001,EVT-049433,INCLUDES
ATTACK-001,EVT-049434,INCLUDES
ATTACK-001,EVT-049435,INCLUDES
ATTACK-001,EVT-049436,INCLUDES
ATTACK-001,EVT-049437,INCLUDES
ATTACK-001,EVT-049438,INCLUDES
ATTACK-001,EVT-049439,INCLUDES
ATTACK-001,EVT-049440,INCLUDES
ATTACK-001,EVT-049441,INCLUDES
ATTACK-001,EVT-049442,INCLUDES
ATTACK-001,EVT-049443,INCLUDES
ATTACK-001,EVT-049444,INCLUDES
ATTACK-001,EVT-049445,INCLUDES
ATTACK-001,EVT-049446,INCLUDES
ATTACK-001,EVT-049447,INCLUDES
ATTACK-001,EVT-049448,INCLUDES
ATTACK-001,EVT-049449,INCLUDES
ATTACK-001,EVT-049450,INCLUDES
ATTACK-001,EVT-049451,INCLUDES
ATTACK-001,EVT-049452,INCLUDES
ATTACK-001,EVT-049453,INCLUDES
ATTACK-001,EVT-049454,INCLUDES
ATTACK-001,EVT-049455,INCLUDES
ATTACK-001,EVT-049456,INCLUDES
ATTACK-001,EVT-049457,INCLUDES
ATTACK-001,EVT-049458,INCLUDES
ATTACK-001,EVT-049459,INCLUDES
ATTACK-001,EVT-049460,INCLUDES
ATTACK-001,EVT-049461,INCLUDES
ATTACK-001,EVT-049462,INCLUDES
ATTACK-001,EVT-049463,INCLUDES
ATTACK-001,EVT-049464,INCLUDES
ATTACK-001,EVT-049465,INCLUDES
ATTACK-001,EVT-049466,INCLUDES
ATTACK-001,EVT-049467,INCLUDES
ATTACK-001,EVT-049468,INCLUDES
ATTACK-001,EVT-049469,INCLUDES
ATTACK-001,EVT-049470,INCLUDES
ATTACK-001,EVT-049471,INCLUDES
ATTACK-001,EVT-049472,INCLUDES
ATTACK-001,EVT-049473,INCLUDES
ATTACK-001,EVT-049474,INCLUDES
ATTACK-001,EVT-049475,INCLUDES
ATTACK-001,EVT-049476,INCLUDES
ATTACK-001,EVT-049477,INCLUDES
ATTACK-001,EVT-049478,INCLUDES
ATTACK-001,EVT-049479,INCLUDES
ATTACK-001,EVT-049480,INCLUDES
ATTACK-001,EVT-049481,INCLUDES
ATTACK-001,EVT-049482,INCLUDES
ATTACK-001,EVT-049483,INCLUDES
ATTACK-001,EVT-049484,INCLUDES
ATTACK-001,EVT-049485,INCLUDES
ATTACK-001,EVT-049486,INCLUDES
ATTACK-001,EVT-049487,INCLUDES
ATTACK-001,EVT-049488,INCLUDES
ATTACK-001,EVT-049489,INCLUDES
ATTACK-001,EVT-049490,INCLUDES
ATTACK-001,EVT-049491,INCLUDES
ATTACK-001,EVT-049492,INCLUDES
ATTACK-001,EVT-049493,INCLUDES
ATTACK-001,EVT-049494,INCLUDES
ATTACK-001,EVT-049495,INCLUDES
ATTACK-001,EVT-049496,INCLUDES
ATTACK-001,EVT-049497,INCLUDES
ATTACK-001,EVT-049498,INCLUDES
ATTACK-001,EVT-049499,INCLUDES
ATTACK-001,EVT-049500,INCLUDES
ATTACK-001,EVT-049501,INCLUDES
ATTACK-001,EVT-049502,INCLUDES
ATTACK-001,EVT-049503,INCLUDES
ATTACK-001,EVT-049504,INCLUDES
ATTACK-001,EVT-049505,INCLUDES
ATTACK-001,EVT-049506,INCLUDES
ATTACK-001,EVT-049507,INCLUDES
ATTACK-001,EVT-049508,INCLUDES
ATTACK-001,EVT-049509,INCLUDES
ATTACK-001,EVT-049510,INCLUDES
ATTACK-001,EVT-049511,INCLUDES
ATTACK-001,EVT-049512,INCLUDES
ATTACK-001,EVT-049513,INCLUDES
ATTACK-001,EVT-049514,INCLUDES
ATTACK-001,EVT-049515,INCLUDES
ATTACK-001,EVT-049516,INCLUDES
ATTACK-001,EVT-049517,INCLUDES
ATTACK-001,EVT-049518,INCLUDES
ATTACK-001,EVT-049519,INCLUDES
ATTACK-001,EVT-049520,INCLUDES
ATTACK-001,EVT-049521,INCLUDES
ATTACK-001,EVT-049522,INCLUDES
ATTACK-001,EVT-049523,INCLUDES
ATTACK-001,EVT-049524,INCLUDES
ATTACK-001,EVT-049525,INCLUDES
ATTACK-001,EVT-049526,INCLUDES
ATTACK-001,EVT-049527,INCLUDES
ATTACK-001,EVT-049528,INCLUDES
ATTACK-001,EVT-049529,INCLUDES
ATTACK-001,EVT-049530,INCLUDES
ATTACK-001,EVT-049531,INCLUDES
ATTACK-001,EVT-049532,INCLUDES
ATTACK-001,EVT-049533,INCLUDES
ATTACK-001,EVT-049534,INCLUDES
ATTACK-001,EVT-049535,INCLUDES
ATTACK-001,EVT-049536,INCLUDES
ATTACK-001,EVT-049537,INCLUDES
ATTACK-001,EVT-049538,INCLUDES
ATTACK-001,EVT-049539,INCLUDES
ATTACK-001,EVT-049540,INCLUDES
ATTACK-001,EVT-049541,INCLUDES
ATTACK-001,EVT-049542,INCLUDES
ATTACK-001,EVT-049543,INCLUDES
ATTACK-001,EVT-049544,INCLUDES
ATTACK-001,EVT-049545,INCLUDES
ATTACK-001,EVT-049546,INCLUDES
ATTACK-001,EVT-049547,INCLUDES
ATTACK-001,EVT-049548,INCLUDES
ATTACK-001,EVT-049549,INCLUDES
ATTACK-001,EVT-049550,INCLUDES
ATTACK-001,EVT-049551,INCLUDES
ATTACK-001,EVT-049552,INCLUDES
ATTACK-001,EVT-049553,INCLUDES
ATTACK-001,EVT-049554,INCLUDES
ATTACK-001,EVT-049555,INCLUDES
ATTACK-001,EVT-049556,INCLUDES
ATTACK-001,EVT-049557,INCLUDES
ATTACK-001,EVT-049558,INCLUDES
ATTACK-001,EVT-049559,INCLUDES
ATTACK-001,EVT-049560,INCLUDES
ATTACK-001,EVT-049561,INCLUDES
ATTACK-001,EVT-049562,INCLUDES
ATTACK-001,EVT-049563,INCLUDES
ATTACK-001,EVT-049564,INCLUDES
ATTACK-001,EVT-049565,INCLUDES
ATTACK-001,EVT-049566,INCLUDES
ATTACK-001,EVT-049567,INCLUDES
ATTACK-001,EVT-049568,INCLUDES
ATTACK-001,EVT-049569,INCLUDES
ATTACK-001,EVT-049570,INCLUDES
ATTACK-001,EVT-049571,INCLUDES
ATTACK-001,EVT-049572,INCLUDES
ATTACK-001,EVT-049573,INCLUDES
ATTACK-001,EVT-049574,INCLUDES
ATTACK-001,EVT-049575,INCLUDES
ATTACK-001,EVT-049576,INCLUDES
ATTACK-001,EVT-049577,INCLUDES
ATTACK-001,EVT-049578,INCLUDES
ATTACK-001,EVT-049579,INCLUDES
ATTACK-001,EVT-049580,INCLUDES
ATTACK-001,EVT-049581,INCLUDES
ATTACK-001,EVT-049582,INCLUDES
ATTACK-001,EVT-049583,INCLUDES
ATTACK-001,EVT-049584,INCLUDES
ATTACK-001,EVT-049585,INCLUDES
ATTACK-001,EVT-049586,INCLUDES
ATTACK-001,EVT-049587,INCLUDES
ATTACK-001,EVT-049588,INCLUDES
ATTACK-001,EVT-049589,INCLUDES
ATTACK-001,EVT-049590,INCLUDES
ATTACK-001,EVT-049591,INCLUDES
ATTACK-001,EVT-049592,INCLUDES
ATTACK-001,EVT-049593,INCLUDES
ATTACK-001,EVT-049594,INCLUDES
ATTACK-001,EVT-049595,INCLUDES
ATTACK-001,EVT-049596,INCLUDES
ATTACK-001,EVT-049597,INCLUDES
ATTACK-001,EVT-049598,INCLUDES
ATTACK-001,EVT-049599,INCLUDES
ATTACK-001,EVT-049600,INCLUDES
ATTACK-001,EVT-049601,INCLUDES
ATTACK-001,EVT-049602,INCLUDES
ATTACK-001,EVT-049603,INCLUDES
ATTACK-001,EVT-049604,INCLUDES
ATTACK-001,EVT-049605,INCLUDES
ATTACK-001,EVT-049606,INCLUDES
ATTACK-001,EVT-049607,INCLUDES
ATTACK-001,EVT-049608,INCLUDES
ATTACK-001,EVT-049609,INCLUDES
ATTACK-001,EVT-049610,INCLUDES
ATTACK-001,EVT-049611,INCLUDES
ATTACK-001,EVT-049612,INCLUDES
ATTACK-001,EVT-049613,INCLUDES
ATTACK-001,EVT-049614,INCLUDES
ATTACK-001,EVT-049615,INCLUDES
ATTACK-001,EVT-049616,INCLUDES
ATTACK-001,EVT-049617,INCLUDES
ATTACK-001,EVT-049618,INCLUDES
ATTACK-001,EVT-049619,INCLUDES
ATTACK-001,EVT-049620,INCLUDES
ATTACK-001,EVT-049621,INCLUDES
ATTACK-001,EVT-049622,INCLUDES
ATTACK-001,EVT-049623,INCLUDES
ATTACK-001,EVT-049624,INCLUDES
ATTACK-001,EVT-049625,INCLUDES
ATTACK-001,EVT-049626,INCLUDES
ATTACK-001,EVT-049627,INCLUDES
ATTACK-001,EVT-049628,INCLUDES
ATTACK-001,EVT-049629,INCLUDES
ATTACK-001,EVT-049630,INCLUDES
ATTACK-001,EVT-049631,INCLUDES
ATTACK-001,EVT-049632,INCLUDES
ATTACK-001,EVT-049633,INCLUDES
ATTACK-001,EVT-049634,INCLUDES
ATTACK-001,EVT-049635,INCLUDES
ATTACK-001,EVT-049636,INCLUDES
ATTACK-001,EVT-049637,INCLUDES
ATTACK-001,EVT-049638,INCLUDES
ATTACK-001,EVT-049639,INCLUDES
ATTACK-001,EVT-049640,INCLUDES
ATTACK-001,EVT-049641,INCLUDES
ATTACK-001,EVT-049642,INCLUDES
ATTACK-001,EVT-049643,INCLUDES
ATTACK-001,EVT-049644,INCLUDES
ATTACK-001,EVT-049645,INCLUDES
ATTACK-001,EVT-049646,INCLUDES
ATTACK-001,EVT-049647,INCLUDES
ATTACK-001,EVT-049648,INCLUDES
ATTACK-001,EVT-049649,INCLUDES
ATTACK-001,EVT-049650,INCLUDES
ATTACK-001,EVT-049651,INCLUDES
ATTACK-001,EVT-049652,INCLUDES
ATTACK-001,EVT-049653,INCLUDES
ATTACK-001,EVT-049654,INCLUDES
ATTACK-001,EVT-049655,INCLUDES
ATTACK-001,EVT-049656,INCLUDES
ATTACK-001,EVT-049657,INCLUDES
ATTACK-001,EVT-049658,INCLUDES
ATTACK-001,EVT-049659,INCLUDES
ATTACK-001,EVT-049660,INCLUDES
ATTACK-001,EVT-049661,INCLUDES
ATTACK-001,EVT-049662,INCLUDES
ATTACK-001,EVT-049663,INCLUDES
ATTACK-001,EVT-049664,INCLUDES
ATTACK-001,EVT-049665,INCLUDES
ATTACK-001,EVT-049666,INCLUDES
ATTACK-001,EVT-049667,INCLUDES
ATTACK-001,EVT-049668,INCLUDES
ATTACK-001,EVT-049669,INCLUDES
ATTACK-001,EVT-049670,INCLUDES
ATTACK-001,EVT-049671,INCLUDES
ATTACK-001,EVT-049672,INCLUDES
ATTACK-001,EVT-049673,INCLUDES
ATTACK-001,EVT-049674,INCLUDES
ATTACK-001,EVT-049675,INCLUDES
ATTACK-001,EVT-049676,INCLUDES
ATTACK-001,EVT-049677,INCLUDES
ATTACK-001,EVT-049678,INCLUDES
ATTACK-001,EVT-049679,INCLUDES
ATTACK-001,EVT-049680,INCLUDES
ATTACK-001,EVT-049681,INCLUDES
ATTACK-001,EVT-049682,INCLUDES
ATTACK-001,EVT-049683,INCLUDES
ATTACK-001,EVT-049684,INCLUDES
ATTACK-001,EVT-049685,INCLUDES
ATTACK-001,EVT-049686,INCLUDES
ATTACK-001,EVT-049687,INCLUDES
ATTACK-001,EVT-049688,INCLUDES
ATTACK-001,EVT-049689,INCLUDES
ATTACK-001,EVT-049690,INCLUDES
ATTACK-001,EVT-049691,INCLUDES
ATTACK-001,EVT-049692,INCLUDES
ATTACK-001,EVT-049693,INCLUDES
ATTACK-001,EVT-049694,INCLUDES
ATTACK-001,EVT-049695,INCLUDES
ATTACK-001,EVT-049696,INCLUDES
ATTACK-001,EVT-049697,INCLUDES
ATTACK-001,EVT-049698,INCLUDES
ATTACK-001,EVT-049699,INCLUDES
ATTACK-001,EVT-049700,INCLUDES
ATTACK-001,EVT-049701,INCLUDES
ATTACK-001,EVT-049702,INCLUDES
ATTACK-001,EVT-049703,INCLUDES
ATTACK-001,EVT-049704,INCLUDES
ATTACK-001,EVT-049705,INCLUDES
ATTACK-001,EVT-049706,INCLUDES
ATTACK-001,EVT-049707,INCLUDES
ATTACK-001,EVT-049708,INCLUDES
ATTACK-001,EVT-049709,INCLUDES
ATTACK-001,EVT-049710,INCLUDES
ATTACK-001,EVT-049711,INCLUDES
ATTACK-001,EVT-049712,INCLUDES
ATTACK-001,EVT-049713,INCLUDES
ATTACK-001,EVT-049714,INCLUDES
ATTACK-001,EVT-049715,INCLUDES
ATTACK-001,EVT-049716,INCLUDES
ATTACK-001,EVT-049717,INCLUDES
ATTACK-001,EVT-049718,INCLUDES
ATTACK-001,EVT-049719,INCLUDES
ATTACK-001,EVT-049720,INCLUDES
ATTACK-001,EVT-049721,INCLUDES
ATTACK-001,EVT-049722,INCLUDES
ATTACK-001,EVT-049723,INCLUDES
ATTACK-001,EVT-049724,INCLUDES
ATTACK-001,EVT-049725,INCLUDES
ATTACK-001,EVT-049726,INCLUDES
ATTACK-001,EVT-049727,INCLUDES
ATTACK-001,EVT-049728,INCLUDES
ATTACK-001,EVT-049729,INCLUDES
ATTACK-001,EVT-049730,INCLUDES
ATTACK-001,EVT-049731,INCLUDES
ATTACK-001,EVT-049732,INCLUDES
ATTACK-001,EVT-049733,INCLUDES
ATTACK-001,EVT-049734,INCLUDES
ATTACK-001,EVT-049735,INCLUDES
ATTACK-001,EVT-049736,INCLUDES
ATTACK-001,EVT-049737,INCLUDES
ATTACK-001,EVT-049738,INCLUDES
ATTACK-001,EVT-049739,INCLUDES
ATTACK-001,EVT-049740,INCLUDES
ATTACK-001,EVT-049741,INCLUDES
ATTACK-001,EVT-049742,INCLUDES
ATTACK-001,EVT-049743,INCLUDES
ATTACK-001,EVT-049744,INCLUDES
ATTACK-001,EVT-049745,INCLUDES
ATTACK-001,EVT-049746,INCLUDES
ATTACK-001,EVT-049747,INCLUDES
ATTACK-001,EVT-049748,INCLUDES
ATTACK-001,EVT-049749,INCLUDES
ATTACK-001,EVT-049750,INCLUDES
ATTACK-001,EVT-049751,INCLUDES
ATTACK-001,EVT-049752,INCLUDES
ATTACK-001,EVT-049753,INCLUDES
ATTACK-001,EVT-049754,INCLUDES
ATTACK-001,EVT-049755,INCLUDES
ATTACK-001,EVT-049756,INCLUDES
ATTACK-001,EVT-049757,INCLUDES
ATTACK-001,EVT-049758,INCLUDES
ATTACK-001,EVT-049759,INCLUDES
ATTACK-001,EVT-049760,INCLUDES
ATTACK-001,EVT-049761,INCLUDES
ATTACK-001,EVT-049762,INCLUDES
ATTACK-001,EVT-049763,INCLUDES
ATTACK-001,EVT-049764,INCLUDES
ATTACK-001,EVT-049765,INCLUDES
ATTACK-001,EVT-049766,INCLUDES
ATTACK-001,EVT-049767,INCLUDES
ATTACK-001,EVT-049768,INCLUDES
ATTACK-001,EVT-049769,INCLUDES
ATTACK-001,EVT-049770,INCLUDES
ATTACK-001,EVT-049771,INCLUDES
ATTACK-001,EVT-049772,INCLUDES
ATTACK-001,EVT-049773,INCLUDES
ATTACK-001,EVT-049774,INCLUDES
ATTACK-001,EVT-049775,INCLUDES
ATTACK-001,EVT-049776,INCLUDES
ATTACK-001,EVT-049777,INCLUDES
ATTACK-001,EVT-049778,INCLUDES
ATTACK-001,EVT-049779,INCLUDES
ATTACK-001,EVT-049780,INCLUDES
ATTACK-001,EVT-049781,INCLUDES
ATTACK-001,EVT-049782,INCLUDES
ATTACK-001,EVT-049783,INCLUDES
ATTACK-001,EVT-049784,INCLUDES
ATTACK-001,EVT-049785,INCLUDES
ATTACK-001,EVT-049786,INCLUDES
ATTACK-001,EVT-049787,INCLUDES
ATTACK-001,EVT-049788,INCLUDES
ATTACK-001,EVT-049789,INCLUDES
ATTACK-001,EVT-049790,INCLUDES
ATTACK-001,EVT-049791,INCLUDES
ATTACK-001,EVT-049792,INCLUDES
ATTACK-001,EVT-049793,INCLUDES
ATTACK-001,EVT-049794,INCLUDES
ATTACK-001,EVT-049795,INCLUDES
ATTACK-001,EVT-049796,INCLUDES
ATTACK-001,EVT-049797,INCLUDES
ATTACK-001,EVT-049798,INCLUDES
ATTACK-001,EVT-049799,INCLUDES
ATTACK-001,EVT-049800,INCLUDES
ATTACK-001,EVT-049801,INCLUDES
ATTACK-001,EVT-049802,INCLUDES
ATTACK-001,EVT-049803,INCLUDES
ATTACK-001,EVT-049804,INCLUDES
ATTACK-001,EVT-049805,INCLUDES
ATTACK-001,EVT-049806,INCLUDES
ATTACK-001,EVT-049807,INCLUDES
ATTACK-001,EVT-049808,INCLUDES
ATTACK-001,EVT-049809,INCLUDES
ATTACK-001,EVT-049810,INCLUDES
ATTACK-001,EVT-049811,INCLUDES
ATTACK-001,EVT-049812,INCLUDES
ATTACK-001,EVT-049813,INCLUDES
ATTACK-001,EVT-049814,INCLUDES
ATTACK-001,EVT-049815,INCLUDES
ATTACK-001,EVT-049816,INCLUDES
ATTACK-001,EVT-049817,INCLUDES
ATTACK-001,EVT-049818,INCLUDES
ATTACK-001,EVT-049819,INCLUDES
ATTACK-001,EVT-049820,INCLUDES
ATTACK-001,EVT-049821,INCLUDES
ATTACK-001,EVT-049822,INCLUDES
ATTACK-001,EVT-049823,INCLUDES
ATTACK-001,EVT-049824,INCLUDES
ATTACK-001,EVT-049825,INCLUDES
ATTACK-001,EVT-049826,INCLUDES
ATTACK-001,EVT-049827,INCLUDES
ATTACK-001,EVT-049828,INCLUDES
ATTACK-001,EVT-049829,INCLUDES
ATTACK-001,EVT-049830,INCLUDES
ATTACK-001,EVT-049831,INCLUDES
ATTACK-001,EVT-049832,INCLUDES
ATTACK-001,EVT-049833,INCLUDES
ATTACK-001,EVT-049834,INCLUDES
ATTACK-001,EVT-049835,INCLUDES
ATTACK-001,EVT-049836,INCLUDES
ATTACK-001,EVT-049837,INCLUDES
ATTACK-001,EVT-049838,INCLUDES
ATTACK-001,EVT-049839,INCLUDES
ATTACK-001,EVT-049840,INCLUDES
ATTACK-001,EVT-049841,INCLUDES
ATTACK-001,EVT-049842,INCLUDES
ATTACK-001,EVT-049843,INCLUDES
ATTACK-001,EVT-049844,INCLUDES
ATTACK-001,EVT-049845,INCLUDES
ATTACK-001,EVT-049846,INCLUDES
ATTACK-001,EVT-049847,INCLUDES
ATTACK-001,EVT-049848,INCLUDES
ATTACK-001,EVT-049849,INCLUDES
ATTACK-001,EVT-049850,INCLUDES
ATTACK-001,EVT-049851,INCLUDES
ATTACK-001,EVT-049852,INCLUDES
ATTACK-001,EVT-049853,INCLUDES
ATTACK-001,EVT-049854,INCLUDES
ATTACK-001,EVT-049855,INCLUDES
ATTACK-001,EVT-049856,INCLUDES
ATTACK-001,EVT-049857,INCLUDES
ATTACK-001,EVT-049858,INCLUDES
ATTACK-001,EVT-049859,INCLUDES
ATTACK-001,EVT-049860,INCLUDES
ATTACK-001,EVT-049861,INCLUDES
ATTACK-001,EVT-049862,INCLUDES
ATTACK-001,EVT-049863,INCLUDES
ATTACK-001,EVT-049864,INCLUDES
ATTACK-001,EVT-049865,INCLUDES
ATTACK-001,EVT-049866,INCLUDES
ATTACK-001,EVT-049867,INCLUDES
ATTACK-001,EVT-049868,INCLUDES
ATTACK-001,EVT-049869,INCLUDES
ATTACK-001,EVT-049870,INCLUDES
ATTACK-001,EVT-049871,INCLUDES
ATTACK-001,EVT-049872,INCLUDES
ATTACK-001,EVT-049873,INCLUDES
ATTACK-001,EVT-049874,INCLUDES
ATTACK-001,EVT-049875,INCLUDES
ATTACK-001,EVT-049876,INCLUDES
ATTACK-001,EVT-049877,INCLUDES
ATTACK-001,EVT-049878,INCLUDES
ATTACK-001,EVT-049879,INCLUDES
ATTACK-001,EVT-049880,INCLUDES
ATTACK-001,EVT-049881,INCLUDES
ATTACK-001,EVT-049882,INCLUDES
ATTACK-001,EVT-049883,INCLUDES
ATTACK-001,EVT-049884,INCLUDES
ATTACK-001,EVT-049885,INCLUDES
ATTACK-001,EVT-049886,INCLUDES
ATTACK-001,EVT-049887,INCLUDES
ATTACK-001,EVT-049888,INCLUDES
ATTACK-001,EVT-049889,INCLUDES
ATTACK-001,EVT-049890,INCLUDES
ATTACK-001,EVT-049891,INCLUDES
ATTACK-001,EVT-049892,INCLUDES
ATTACK-001,EVT-049893,INCLUDES
ATTACK-001,EVT-049894,INCLUDES
ATTACK-001,EVT-049895,INCLUDES
ATTACK-001,EVT-049896,INCLUDES
ATTACK-001,EVT-049897,INCLUDES
ATTACK-001,EVT-049898,INCLUDES
ATTACK-001,EVT-049899,INCLUDES
ATTACK-001,EVT-049900,INCLUDES
ATTACK-001,EVT-049901,INCLUDES
ATTACK-001,EVT-049902,INCLUDES
ATTACK-001,EVT-049903,INCLUDES
ATTACK-001,EVT-049904,INCLUDES
ATTACK-001,EVT-049905,INCLUDES
ATTACK-001,EVT-049906,INCLUDES
ATTACK-001,EVT-049907,INCLUDES
ATTACK-001,EVT-049908,INCLUDES
ATTACK-001,EVT-049909,INCLUDES
ATTACK-001,EVT-049910,INCLUDES
ATTACK-001,EVT-049911,INCLUDES
ATTACK-001,EVT-049912,INCLUDES
ATTACK-001,EVT-049913,INCLUDES
ATTACK-001,EVT-049914,INCLUDES
ATTACK-001,EVT-049915,INCLUDES
ATTACK-001,EVT-049916,INCLUDES
ATTACK-001,EVT-049917,INCLUDES
ATTACK-001,EVT-049918,INCLUDES
ATTACK-001,EVT-049919,INCLUDES
ATTACK-001,EVT-049920,INCLUDES
ATTACK-001,EVT-049921,INCLUDES
ATTACK-001,EVT-049922,INCLUDES
ATTACK-001,EVT-049923,INCLUDES
ATTACK-001,EVT-049924,INCLUDES
ATTACK-001,EVT-049925,INCLUDES
ATTACK-001,EVT-049926,INCLUDES
ATTACK-001,EVT-049927,INCLUDES
ATTACK-001,EVT-049928,INCLUDES
ATTACK-001,EVT-049929,INCLUDES
ATTACK-001,EVT-049930,INCLUDES
ATTACK-001,EVT-049931,INCLUDES
ATTACK-001,EVT-049932,INCLUDES
ATTACK-001,EVT-049933,INCLUDES
ATTACK-001,EVT-049934,INCLUDES
ATTACK-001,EVT-049935,INCLUDES
ATTACK-001,EVT-049936,INCLUDES
ATTACK-001,EVT-049937,INCLUDES
ATTACK-001,EVT-049938,INCLUDES
ATTACK-001,EVT-049939,INCLUDES
ATTACK-001,EVT-049940,INCLUDES
ATTACK-001,EVT-049941,INCLUDES
ATTACK-001,EVT-049942,INCLUDES
ATTACK-001,EVT-049943,INCLUDES
ATTACK-001,EVT-049944,INCLUDES
ATTACK-001,EVT-049945,INCLUDES
ATTACK-001,EVT-049946,INCLUDES
ATTACK-001,EVT-049947,INCLUDES
ATTACK-001,EVT-049948,INCLUDES
ATTACK-001,EVT-049949,INCLUDES
ATTACK-001,EVT-049950,INCLUDES
ATTACK-001,EVT-049951,INCLUDES
ATTACK-001,EVT-049952,INCLUDES
ATTACK-001,EVT-049953,INCLUDES
ATTACK-001,EVT-049954,INCLUDES
ATTACK-001,EVT-049955,INCLUDES
ATTACK-001,EVT-049956,INCLUDES
ATTACK-001,EVT-049957,INCLUDES
ATTACK-001,EVT-049958,INCLUDES
ATTACK-001,EVT-049959,INCLUDES
ATTACK-001,EVT-049960,INCLUDES
ATTACK-001,EVT-049961,INCLUDES
ATTACK-001,EVT-049962,INCLUDES
ATTACK-001,EVT-049963,INCLUDES
ATTACK-001,EVT-049964,INCLUDES
ATTACK-001,EVT-049965,INCLUDES
ATTACK-001,EVT-049966,INCLUDES
ATTACK-001,EVT-049967,INCLUDES
ATTACK-001,EVT-049968,INCLUDES
ATTACK-001,EVT-049969,INCLUDES
ATTACK-001,EVT-049970,INCLUDES
ATTACK-001,EVT-049971,INCLUDES
ATTACK-001,EVT-049972,INCLUDES
ATTACK-001,EVT-049973,INCLUDES
ATTACK-001,EVT-049974,INCLUDES
ATTACK-001,EVT-049975,INCLUDES
ATTACK-001,EVT-049976,INCLUDES
ATTACK-001,EVT-049977,INCLUDES
ATTACK-001,EVT-049978,INCLUDES
ATTACK-001,EVT-049979,INCLUDES
ATTACK-001,EVT-049980,INCLUDES
ATTACK-001,EVT-049981,INCLUDES
ATTACK-001,EVT-049982,INCLUDES
ATTACK-001,EVT-049983,INCLUDES
ATTACK-001,EVT-049984,INCLUDES
ATTACK-001,EVT-049985,INCLUDES
ATTACK-001,EVT-049986,INCLUDES
ATTACK-001,EVT-049987,INCLUDES
ATTACK-001,EVT-049988,INCLUDES
ATTACK-001,EVT-049989,INCLUDES
ATTACK-001,EVT-049990,INCLUDES
ATTACK-001,EVT-049991,INCLUDES
ATTACK-001,EVT-049992,INCLUDES
ATTACK-001,EVT-049993,INCLUDES
ATTACK-001,EVT-049994,INCLUDES
ATTACK-001,EVT-049995,INCLUDES
ATTACK-001,EVT-049996,INCLUDES
ATTACK-001,EVT-049997,INCLUDES
ATTACK-001,EVT-049998,INCLUDES
ATTACK-001,EVT-049999,INCLUDES
